GlobalId,Category,cost
1XeopoEmL4fQChMRbpTc6E,IFCWALL,172.48
1JkTQRyTnFCQL6sCZc4wKq,IFCCOVERING,2917.69
2jRUK7Mkb6Ue8A9OvpTG3P,IFCLIGHTFIXTURE,210
0yWZ5pCYf0h8ACXcZFmk$l,IFCBUILDINGELEMENTPROXY,59.77
2Wk83bCBP5xxmQhRC_$kU7,IFCCOVERING,231.98
2Wk83bCBP5xxmQhRC_$kX0,IFCCOVERING,134.19
2Wk83bCBP5xxmQhRC_$kcq,IFCLIGHTFIXTURE,210
29L_DeI4f1hfP6ODuq8duN,IFCLIGHTFIXTURE,210
1ynIJTp3j41BnCd95bH_G0,IFCLIGHTFIXTURE,210
1ynIJTp3j41BnCd95bH$$m,IFCLIGHTFIXTURE,210
1ynIJTp3j41BnCd95bH$xN,IFCLIGHTFIXTURE,210
06fTk68cnA6vD9GRSabpMr,IFCLIGHTFIXTURE,210
2iprjJO5DFPPFZufOJpobC,IFCCOVERING,12.41
3b_GinbYTDwALWT66s67$8,IFCWALL,2.22
3b_GinbYTDwALWT66s67I9,IFCWALL,2.22
2Fie0ty599fxnsmWh4VkcF,IFCMEMBER,16.96
2Dmljw8uHCLBZQQu9H5f2k,IFCMEMBER,52.86
2Dmljw8uHCLBZQQu9H5f3P,IFCMEMBER,33.04
2Dmljw8uHCLBZQQu9H5f2j,IFCCURTAINWALL,5995.57
2Dmljw8uHCLBZQQu9H5f3B,IFCMEMBER,10.63
2Dmljw8uHCLBZQQu9H5f3k,IFCMEMBER,38.74
2Dmljw8uHCLBZQQu9H5f3u,IFCPLATE,23.16
2Dmljw8uHCLBZQQu9H5f0J,IFCPLATE,176.95
2Dmljw8uHCLBZQQu9H5f85,IFCPLATE,13.34
2Dmljw8uHCLBZQQu9H5fBe,IFCMEMBER,34.03
2Dmljw8uHCLBZQQu9H5f8A,IFCMEMBER,18.04
2Dmljw8uHCLBZQQu9H5f8y,IFCMEMBER,31.9
2Dmljw8uHCLBZQQu9H5fB5,IFCCURTAINWALL,1415.56
2Dmljw8uHCLBZQQu9H5fBl,IFCPLATE,146.26
2Dmljw8uHCLBZQQu9H5f9D,IFCMEMBER,6.08
2Dmljw8uHCLBZQQu9H5f9p,IFCMEMBER,232.04
2Dmljw8uHCLBZQQu9H5f9o,IFCMEMBER,36.08
2Dmljw8uHCLBZQQu9H5f9Z,IFCMEMBER,31.9
2Dmljw8uHCLBZQQu9H5f92,IFCCURTAINWALL,300.17
2Dmljw8uHCLBZQQu9H5f9K,IFCMEMBER,33.04
2Dmljw8uHCLBZQQu9H5fMG,IFCPLATE,117.09
2Dmljw8uHCLBZQQu9H5fMl,IFCPLATE,159.31
2Dmljw8uHCLBZQQu9H5fM3,IFCMEMBER,50.89
2Dmljw8uHCLBZQQu9H5fMy,IFCMEMBER,56.21
2Dmljw8uHCLBZQQu9H5fNx,IFCMEMBER,54.69
2Dmljw8uHCLBZQQu9H5fNw,IFCMEMBER,58.11
2Dmljw8uHCLBZQQu9H5fK9,IFCMEMBER,52.79
2Dmljw8uHCLBZQQu9H5fNQ,IFCPLATE,159.04
2Dmljw8uHCLBZQQu9H5fNI,IFCPLATE,108.68
08AjPVhWzAfA8XtWBWZsdi,IFCBUILDINGELEMENTPROXY,1.54
3WJfQUHe1A3x25MI_xeXK8,IFCLIGHTFIXTURE,210
3WJfQUHe1A3x25MI_xeXKv,IFCLIGHTFIXTURE,210
3o5gkqdY9E6A2F1wtqtPfj,IFCLIGHTFIXTURE,210
1JU62QTXfD2RUOVIJGrI3A,IFCBUILDINGELEMENTPROXY,1.31
21U07TPLv4F9zfrV5Euni3,IFCCURTAINWALL,45274.87
21U07TPLv4F9zfrV5EuniF,IFCPLATE,282.04
21U07TPLv4F9zfrV5EuniT,IFCMEMBER,86.9
21U07TPLv4F9zfrV5EunjZ,IFCMEMBER,86.9
21U07TPLv4F9zfrV5Eunjh,IFCMEMBER,86.9
21U07TPLv4F9zfrV5Eunjq,IFCMEMBER,145.83
21U07TPLv4F9zfrV5EunjH,IFCMEMBER,85
21U07TPLv4F9zfrV5EunjU,IFCMEMBER,85
0m3ylIKyvFIf90OJWdRdsA,IFCFURNITURE,480
0m3ylIKyvFIf90OJWdRdsL,IFCFURNITURE,480
0d_HunAzzAPg4$RxtR7pks,IFCBUILDINGELEMENTPROXY,0.27
2F3zBK1BH8DBfhr$IH1Obu,IFCBUILDINGELEMENTPROXY,0.05
2F3zBK1BH8DBfhr$IH1OYG,IFCBUILDINGELEMENTPROXY,0.05
2F3zBK1BH8DBfhr$IH1OYh,IFCBUILDINGELEMENTPROXY,1.1
2F3zBK1BH8DBfhr$IH1OZB,IFCBUILDINGELEMENTPROXY,1.1
2F3zBK1BH8DBfhr$IH1OZL,IFCBUILDINGELEMENTPROXY,0.05
37O9F6zDH7NuO6lYxEN7lF,IFCWALL,45.7
30zSZjFxH19R7IhI893raA,IFCLIGHTFIXTURE,210
30zSZjFxH19R7IhI893rg_,IFCLIGHTFIXTURE,210
30zSZjFxH19R7IhI893qCU,IFCLIGHTFIXTURE,210
30zSZjFxH19R7IhI893q9U,IFCLIGHTFIXTURE,210
3Pa9TWKvP7U8BPMR24iKbn,IFCSLAB,215.84
2Dmljw8uHCLBZQQu9H5fNd,IFCMEMBER,68.36
1HuOQ2xWrE6xc43TABXj_o,IFCLIGHTFIXTURE,210
2D__Q4Y5P5xRNt_QCA48sa,IFCSTAIR,4200
1sXdHX7zj82gQ8fyf1aZM7,IFCBUILDINGELEMENTPROXY,0.3
1sXdHX7zj82gQ8fyf1aZNP,IFCBUILDINGELEMENTPROXY,0.49
128PB7rvH4mfupwLkPTVrU,IFCLIGHTFIXTURE,210
2MAHRuCXP51wFXs0k0D8sH,IFCPLATE,89.7
1aXCSk$gDEVQyZFyB5Khzv,IFCWALL,141.97
0usV6tDDnFohq5PghQ5D4m,IFCWALL,97.52
0usV6tDDnFohq5PghQ5D4n,IFCWALL,97.52
0usV6tDDnFohq5PghQ5D2b,IFCBUILDINGELEMENTPROXY,1.12
0usV6tDDnFohq5PghQ5D2n,IFCBUILDINGELEMENTPROXY,1.12
0usV6tDDnFohq5PghQ5D2r,IFCBUILDINGELEMENTPROXY,1.12
2cjIMZpBv7Bx_yWTejjN5D,IFCWALL,118.77
3oWRtKgGH6quoh0HBRWZHg,IFCBUILDINGELEMENTPROXY,66.54
3oWRtKgGH6quoh0HBRWZ1G,IFCWALL,3.26
34lqDYnzHB3wmZslDJwlAn,IFCWALL,2.14
34lqDYnzHB3wmZslDJwlAP,IFCWALL,7.74
0ATjEYD_L8bwfk_bfy3iWJ,IFCWALL,1.51
359zRRFDT1vRiwFSrqNXty,IFCLIGHTFIXTURE,210
0yuIaJzffD5AfrddYB8TNT,IFCWALL,1.7
0l1uiLxhf6Sh$CRbsdNO6Q,IFCSLAB,5.94
0l1uiLxhf6Sh$CRbsdNPvj,IFCSLAB,46.94
0l1uiLxhf6Sh$CRbsdNPt8,IFCBUILDINGELEMENTPROXY,14.42
0LC$9$2dX7$gor7712GhKW,IFCWALL,63.89
1dKu5zsdHE_A8Pn$AaqewL,IFCWALL,30
2sZrw6C5b5Ih3WSLyhiEu3,IFCWALL,188.17
2xoycrPpH7EOfiZC0iDSid,IFCWALL,94.65
0j49MZvDrAEu6uW6jnTMRx,IFCLIGHTFIXTURE,210
0j49MZvDrAEu6uW6jnTMQP,IFCLIGHTFIXTURE,210
0j49MZvDrAEu6uW6jnTMQd,IFCLIGHTFIXTURE,210
0j49MZvDrAEu6uW6jnTML7,IFCLIGHTFIXTURE,210
0Lwxb_BUfALAc2_$BhZc7c,IFCWALL,132.94
0Lwxb_BUfALAc2_$BhZc7L,IFCWALL,90.02
0Lwxb_BUfALAc2_$BhZc6X,IFCWALL,131.32
10$nTTYwHDYQgso2$xPFp6,IFCWALL,161.36
3IP1NcR8H1yQoZHEVfIrpr,IFCLIGHTFIXTURE,210
37O9F6zDH7NuO6lYxEN7hg,IFCWALL,25.84
37O9F6zDH7NuO6lYxEN7hv,IFCWALL,45.7
3Pa9TWKvP7U8BPMR24iK2F,IFCLIGHTFIXTURE,210
0DciJ_E7T338RZ8d5_Z0x3,IFCCOLUMN,1056
0DciJ_E7T338RZ8d5_Z0Wk,IFCCOLUMN,1056
0aoNsuD5j4$9eV5sDQfWVf,IFCSLAB,205.66
1df_AX8lj42QG_5UAC4g_y,IFCWALL,7.08
1df_AX8lj42QG_5UAC4g3f,IFCSLAB,176.48
2KlzI5wW9AsOx8hJvqWNpw,IFCSLAB,990.67
2KlzI5wW9AsOx8hJvqWNq2,IFCSLAB,157.84
3TU2oe8q5EWBZPZ9aDFzxr,IFCSLAB,2050.75
31Lh0hm7f2YQiB4BjLDm18,IFCSLAB,153.02
2CN5jdBAn0heeMXkK42zQH,IFCWALL,334.13
2rQ6HIlln21RpLYJ5AVwtL,IFCCOLUMN,714.12
3DXKBuZLPBzw30xfYN9u7u,IFCWALL,60.53
3DXKBuZLPBzw30xfYN9uxa,IFCWALL,53.7
3DXKBuZLPBzw30xfYN9uvo,IFCWALL,130.05
3vN2Fl6Az8C9cBZizN$HQK,IFCBUILDINGELEMENTPROXY,9.75
22T8RHjlP7sPxAvJUQWvZL,IFCWALL,52.11
22T8RHjlP7sPxAvJUQWvWj,IFCWALL,52.11
1EElBOt7v3W9v9xz3vHNnE,IFCFURNITURE,480
0eDgNlL91F2QoCDuZZMK_x,IFCLIGHTFIXTURE,210
3uZKf59$50gfUnuEmGsrLg,IFCWALL,109.02
0q9es9kCD4oOj_kMIudRTK,IFCPLATE,44.24
0q9es9kCD4oOj_kMIudRTX,IFCMEMBER,69.12
0q9es9kCD4oOj_kMIudRTO,IFCMEMBER,15.95
02_CiyN659neOqt2G8Oloc,IFCMEMBER,15.95
2ch6GiTYr6ofWwBJULtROs,IFCPLATE,190.9
2ch6GiTYr6ofWwBJULtROv,IFCPLATE,44.24
2ch6GiTYr6ofWwBJULtROP,IFCMEMBER,15.95
2ch6GiTYr6ofWwBJULtRUg,IFCMEMBER,72.92
343IftMCP4UOCLPJnm954o,IFCPLATE,44.24
343IftMCP4UOCLPJnm954M,IFCPLATE,44.24
343IftMCP4UOCLPJnm954R,IFCPLATE,191.69
3VPu6Q9HP8$RPQyOwZd3lq,IFCPLATE,42.78
3VPu6Q9HP8$RPQyOwZd3lr,IFCPLATE,185.37
343IftMCP4UOCLPJnm955B,IFCMEMBER,36.84
343IftMCP4UOCLPJnm955K,IFCMEMBER,71.02
343IftMCP4UOCLPJnm955G,IFCMEMBER,72.92
343IftMCP4UOCLPJnm954c,IFCMEMBER,72.92
343IftMCP4UOCLPJnm954e,IFCMEMBER,36.84
343IftMCP4UOCLPJnm954w,IFCMEMBER,15.95
343IftMCP4UOCLPJnmEwxW,IFCMEMBER,72.92
343IftMCP4UOCLPJnmEwxp,IFCMEMBER,15.95
343IftMCP4UOCLPJnmEwxD,IFCMEMBER,38.74
3VPu6Q9HP8$RPQyOwZd3lY,IFCMEMBER,68.74
04b3cqL6T7nASkHPv$no5W,IFCMEMBER,51.27
04b3cqL6T7nASkHPv$no5c,IFCMEMBER,56.21
04b3cqL6T7nASkHPv$no5s,IFCCURTAINWALL,7772.92
04b3cqL6T7nASkHPv$no5z,IFCPLATE,279.17
04b3cqL6T7nASkHPv$no4E,IFCMEMBER,58.49
04b3cqL6T7nASkHPv$no4z,IFCMEMBER,58.49
04b3cqL6T7nASkHPv$noxH,IFCMEMBER,58.49
04b3cqL6T7nASkHPv$noxR,IFCMEMBER,60.38
04b3cqL6T7nASkHPv$noxl,IFCBUILDINGELEMENTPROXY,0.13
1yjzQ_fH5D2ulNYAuuyBaK,IFCMEMBER,51.65
1yjzQ_fH5D2ulNYAuuyBaM,IFCMEMBER,115.45
04b3cqL6T7nASkHPv$now6,IFCPLATE,133.7
04b3cqL6T7nASkHPv$nowG,IFCPLATE,133.7
04b3cqL6T7nASkHPv$nowN,IFCPLATE,133.7
04b3cqL6T7nASkHPv$nowP,IFCPLATE,133.7
1yjzQ_fH5D2ulNYAuuyBaV,IFCMEMBER,115.45
04b3cqL6T7nASkHPv$nowg,IFCPLATE,63.68
04b3cqL6T7nASkHPv$nowu,IFCMEMBER,2.31
04b3cqL6T7nASkHPv$nov3,IFCMEMBER,2.31
04b3cqL6T7nASkHPv$novP,IFCMEMBER,4.68
04b3cqL6T7nASkHPv$nova,IFCMEMBER,4.68
04b3cqL6T7nASkHPv$nove,IFCMEMBER,4.68
04b3cqL6T7nASkHPv$novk,IFCMEMBER,4.68
04b3cqL6T7nASkHPv$novu,IFCMEMBER,4.68
04b3cqL6T7nASkHPv$nouJ,IFCMEMBER,2.31
1yjzQ_fH5D2ulNYAuuyBvo,IFCMEMBER,51.65
04b3cqL6T7nASkHPv$no$u,IFCMEMBER,2.31
04b3cqL6T7nASkHPv$no_$,IFCMEMBER,4.68
1yjzQ_fH5D2ulNYAuuyBb8,IFCMEMBER,51.65
04b3cqL6T7nASkHPv$noyc,IFCPLATE,133.7
1yjzQ_fH5D2ulNYAuuyBbj,IFCPLATE,63.68
04b3cqL6T7nASkHPv$nop8,IFCMEMBER,2.31
04b3cqL6T7nASkHPv$nopI,IFCMEMBER,2.31
04b3cqL6T7nASkHPv$nooK,IFCMEMBER,4.68
1yjzQ_fH5D2ulNYAuuyBbl,IFCMEMBER,2.4
04b3cqL6T7nASkHPv$nom5,IFCMEMBER,2.17
04b3cqL6T7nASkHPv$noma,IFCPLATE,133.7
04b3cqL6T7nASkHPv$nomn,IFCPLATE,61.83
04b3cqL6T7nASkHPv$notK,IFCDOOR,2282.72
04b3cqL6T7nASkHPv$notV,IFCWINDOW,3321.76
04b3cqL6T7nASkHPv$notw,IFCPLATE,61.83
04b3cqL6T7nASkHPv$nos0,IFCMEMBER,2.31
04b3cqL6T7nASkHPv$nosD,IFCMEMBER,2.17
0swtehvpv5Xh4hPQqBXFWt,IFCMEMBER,2.4
04b3cqL6T7nASkHPv$nose,IFCMEMBER,47.09
04b3cqL6T7nASkHPv$norF,IFCBUILDINGELEMENTPROXY,1.15
04b3cqL6T7nASkHPv$noqr,IFCPLATE,133.7
04b3cqL6T7nASkHPv$nohP,IFCMEMBER,4.68
1niWRop5j6XxysFSVum4uw,IFCCOLUMN,1203
0XunQJuDrCywXJ370JIT96,IFCFURNITURE,480
0XunQJuDrCywXJ370JIT91,IFCFURNITURE,480
0XunQJuDrCywXJ370JIT93,IFCFURNITURE,480
0XunQJuDrCywXJ370JITE6,IFCFURNITURE,480
0XunQJuDrCywXJ370JITE0,IFCFURNITURE,480
0XunQJuDrCywXJ370JIT7L,IFCFURNITURE,480
0XunQJuDrCywXJ370JIT6r,IFCFURNITURE,480
0XunQJuDrCywXJ370JIT6s,IFCFURNITURE,480
0XunQJuDrCywXJ370JIT6a,IFCFURNITURE,480
2sCvyR6xL9WPXuzdrVeym4,IFCCOLUMN,322.86
3SnOVw7ojDZ8nnFzhqldik,IFCMEMBER,56.71
3SnOVw7ojDZ8nnFzhqldin,IFCMEMBER,25.44
3SnOVw7ojDZ8nnFzhqldyg,IFCMEMBER,85.05
3SnOVw7ojDZ8nnFzhqld$1,IFCMEMBER,98.36
3SnOVw7ojDZ8nnFzhqld$6,IFCMEMBER,81.27
3SnOVw7ojDZ8nnFzhqld$Q,IFCMEMBER,42.91
3SnOVw7ojDZ8nnFzhqldx_,IFCMEMBER,54.81
3SnOVw7ojDZ8nnFzhqldxs,IFCMEMBER,24.31
3SnOVw7ojDZ8nnFzhqld5P,IFCMEMBER,54.81
3SnOVw7ojDZ8nnFzhqldLV,IFCCURTAINWALL,1193.36
0V7b1sZrLBF8P59YUseL$6,IFCPLATE,109.51
3SnOVw7ojDZ8nnFzhqlci_,IFCPLATE,59.97
3SnOVw7ojDZ8nnFzhqlcir,IFCMEMBER,2.19
1lxqaTga9DvxFctJPFetI$,IFCWALL,609.54
1lxqaTga9DvxFctJPFetOR,IFCWALL,591.81
1G_I00WlX2MBQekqB04dCi,IFCWALL,2377.69
1PXhyobVjFBBmnnrKsD4O_,IFCBUILDINGELEMENTPROXY,16.97
1PXhyobVjFBBmnnrKsD41d,IFCWALL,742.01
1PXhyobVjFBBmnnrKsD41b,IFCWALL,480.46
1PXhyobVjFBBmnnrKsD41W,IFCBUILDINGELEMENTPROXY,16.97
1PXhyobVjFBBmnnrKsD41i,IFCBUILDINGELEMENTPROXY,16.97
1zJ5d22gn4RA$hT3nRgklw,IFCWALL,718.52
21$tDpUWDEtxLZIWIT_3C1,IFCBUILDINGELEMENTPROXY,1336.61
1dQuNrVRX7Z8lBw2sv8hoY,IFCSLAB,2977.14
31rKK5OS94d9cPXIYeNUL4,IFCBUILDINGELEMENTPROXY,1.62
1nMwdyzlT4AuQ_X$HWZCgF,IFCWALL,3131.44
07qCfCfOH2$9ZHLwxaU8Rv,IFCDOOR,1849.63
15yYit$qr3jes0JF4Uq11J,IFCWALL,7406.14
2mejqQiN994Q2UMYaLHeJu,IFCWALL,1224.58
1nVAY8og5DUQW261No7qct,IFCDOOR,1878.52
0s9hxL8vH4AQpm7LXCLUn3,IFCWALL,1032.68
0s9hxL8vH4AQpm7LXCLUwj,IFCWALL,57.64
15xKUPqIHAl8uhdIa8aDcT,IFCWALL,356.96
15xKUPqIHAl8uhdIa8aD4Q,IFCWALL,860.26
15xKUPqIHAl8uhdIa8aD2l,IFCWALL,748.41
2Lnwlbilr8xxJKRFN714wY,IFCWALL,1925.39
1Un9ptyoX1vey29ZkM5AXu,IFCBUILDINGELEMENTPROXY,0.19
0K0FV0u6b9L9sDGL7lHFs8,IFCWALL,36.56
0K0FV0u6b9L9sDGL7lH9SY,IFCBUILDINGELEMENTPROXY,0.69
0K0FV0u6b9L9sDGL7lH94v,IFCFURNITURE,480
28fEL2KJH3nefH9oQJhuQs,IFCWALL,37.63
28fEL2KJH3nefH9oQJhuQY,IFCFURNITURE,480
28fEL2KJH3nefH9oQJhuQb,IFCFURNITURE,480
28fEL2KJH3nefH9oQJhuSK,IFCWALL,211.61
28fEL2KJH3nefH9oQJhuSR,IFCWALL,9.75
28fEL2KJH3nefH9oQJhuSv,IFCFURNITURE,480
321qo6Jt58aRGW1V_saw2C,IFCWALL,30.93
321qo6Jt58aRGW1V_saw9Z,IFCWALL,43.88
321qo6Jt58aRGW1V_saw9W,IFCWALL,36.56
321qo6Jt58aRGW1V_sawAn,IFCWALL,36.56
321qo6Jt58aRGW1V_sawCT,IFCFURNITURE,480
321qo6Jt58aRGW1V_sawC_,IFCWALL,33.67
321qo6Jt58aRGW1V_sawCj,IFCBUILDINGELEMENTPROXY,16.02
321qo6Jt58aRGW1V_sawDN,IFCFURNITURE,480
321qo6Jt58aRGW1V_sawDV,IFCFURNITURE,480
321qo6Jt58aRGW1V_sawDC,IFCWALL,31.69
1sqRaCGxn09vsPk5LktK3V,IFCBUILDINGELEMENTPROXY,0.69
1sqRaCGxn09vsPk5LktLWF,IFCFURNITURE,480
1sqRaCGxn09vsPk5LktLW0,IFCBUILDINGELEMENTPROXY,63.35
2gDGg7MA90nQHvffsvVo4P,IFCWINDOW,2707.41
2DrlDkmyDFLerHNnIG0pSR,IFCWALL,31.69
2DrlDkmyDFLerHNnIG0pSG,IFCFURNITURE,480
2DrlDkmyDFLerHNnIG0pVv,IFCWALL,5.85
3k0mOVrxHEQhEN_aJoHyot,IFCDOOR,1768.73
0U4XQxUbT6Kgsr80BN4mQl,IFCFURNITURE,480
0U4XQxUbT6Kgsr80BN4mQS,IFCBUILDINGELEMENTPROXY,0.69
0U4XQxUbT6Kgsr80BN4mnL,IFCBUILDINGELEMENTPROXY,0.69
0U4XQxUbT6Kgsr80BN4mrj,IFCBUILDINGELEMENTPROXY,34.01
0U4XQxUbT6Kgsr80BN4mtg,IFCFURNITURE,480
3GuctGX8545vrPF3ptGm9u,IFCSLAB,1688.23
0swtehvpv5Xh4hPQqBXFY9,IFCMEMBER,2.31
04b3cqL6T7nASkHPv$nogr,IFCBUILDINGELEMENTPROXY,1.15
2QDy_PLVb31xm6$QTp1u7B,IFCCOLUMN,435.81
3AQwX$e_j0ZPcGzWWO1ikN,IFCDOOR,1457.23
3Ff9G3z7n2P9bWgey4$Wnl,IFCBUILDINGELEMENTPROXY,0.19
0S48Krk_r2AxoJZN1L_mYf,IFCDOOR,1744.34
0F8MBhrI9DsuFtYcLuUhJn,IFCWALL,165.84
2CYMLiCRX28Bytt8lqanFV,IFCWALL,8.51
3Exf$uKEj6vBh5DuRp1ROq,IFCWALL,126.37
1do79UPsT5QgT3kMg0ohrh,IFCFURNITURE,480
1do79UPsT5QgT3kMg0ohru,IFCFURNITURE,480
1do79UPsT5QgT3kMg0ohob,IFCFURNITURE,480
1do79UPsT5QgT3kMg0ohoa,IFCFURNITURE,480
1do79UPsT5QgT3kMg0ohpi,IFCBUILDINGELEMENTPROXY,33.39
1do79UPsT5QgT3kMg0ohug,IFCWALL,371.04
3x08GjNxXAUwp6Nup35kmH,IFCFURNITURE,480
2XHYIYzAHChPcvcG26L_yF,IFCWALL,158.22
2Ytno7yd91dQAhhP73Exwf,IFCWALL,30.16
34mODHFQDC3ezsKZ2MOG8z,IFCWALL,174.23
3eqETIWmT5yuBevKr2XxFw,IFCWALL,143.18
3eqETIWmT5yuBevKr2XxPr,IFCBUILDINGELEMENTPROXY,0.19
3eqETIWmT5yuBevKr2XxQG,IFCWALL,109.64
2oZOAxgUXFQeJE8Qj5ybU4,IFCWALL,21.57
1dhc5rsYj0HOHEPVRTnegF,IFCWALL,1438.01
1dhc5rsYj0HOHEPVRTneW0,IFCWALL,6.12
3gwOWmx3v1CALTUKOuFs_b,IFCWALL,211.45
0mlMV$YD96HATmmaM7Gcvh,IFCWALL,141.3
0mlMV$YD96HATmmaM7GcRg,IFCWALL,129.04
1Iz1_Dhe9BcvkCgTWppwhZ,IFCSLAB,44.62
30dzunCuvCRADZXw6x9ooz,IFCWALL,191.58
0gAb5d1A120htF0tVYuw2s,IFCWALL,125.56
2jtQFeVJ1Bz8UWF8lVSB4Z,IFCWALL,606.07
2j9OZGnbLExvPQRPWwI1Vx,IFCWALL,896
3RKbg7mVv5KOhSWj4h$8CP,IFCMEMBER,72.92
3RKbg7mVv5KOhSWj4h$81Z,IFCMEMBER,157.8
3RKbg7mVv5KOhSWj4h$8Px,IFCMEMBER,69.31
2uA1QuTrD56OjKrY65ZN2G,IFCBUILDINGELEMENTPROXY,0.08
2uA1QuTrD56OjKrY65ZN2H,IFCBUILDINGELEMENTPROXY,1.46
2Nacuo19H4IAx5s3kv9Fw$,IFCBUILDINGELEMENTPROXY,0.08
2Nacuo19H4IAx5s3kv9C69,IFCBUILDINGELEMENTPROXY,0.08
2Nacuo19H4IAx5s3kv9C66,IFCBUILDINGELEMENTPROXY,1.46
2Nacuo19H4IAx5s3kv9C0B,IFCBUILDINGELEMENTPROXY,1.69
0fb8ht1cj4oRHWJZerVZBk,IFCMEMBER,37.22
0fb8ht1cj4oRHWJZerVZJU,IFCMEMBER,118.68
2MGIpRi0XEXwECOTNgoznG,IFCMEMBER,350
34lqDYnzHB3wmZslDJwl3r,IFCBUILDINGELEMENTPROXY,400
3IP1NcR8H1yQoZHEVfIrq5,IFCBUILDINGELEMENTPROXY,400
31rKK5OS94d9cPXIYeNUUD,IFCRAILING,620
31rKK5OS94d9cPXIYeNUTq,IFCMEMBER,350
2rxIJoCKz1uRo5QAkJ6W1b,IFCMEMBER,350
34lqDYnzHB3wmZslDJwl7n,IFCBUILDINGELEMENTPROXY,400
34lqDYnzHB3wmZslDJwl4f,IFCBUILDINGELEMENTPROXY,400
2XP4zk_yDEZOLBKKyL82zv,IFCBUILDINGELEMENTPROXY,400
2MGIpRi0XEXwECOTNgozf3,IFCRAILING,620
2LDPNirxb6Uv4e97Wb9aoI,IFCBUILDINGELEMENTPROXY,400
11qQrX$zDAqxSsCbLSxNBz,IFCBUILDINGELEMENTPROXY,400
3AQwX$e_j0ZPcGzWWO1ik3,IFCRAILING,620
34lqDYnzHB3wmZslDJwl0z,IFCBUILDINGELEMENTPROXY,400
1FqThChik_ra2Hy0pO45x1,IFCSTAIR,4200
0yWZ5pCYf0h8ACXcZFmkkl,IFCMEMBER,350
3IP1NcR8H1yQoZHEVfIrrL,IFCBUILDINGELEMENTPROXY,400
31rKK5OS94d9cPXIYeNUU8,IFCMEMBER,350
2LDPNirxb6Uv4e97Wb9aoK,IFCBUILDINGELEMENTPROXY,400
1zaxyAqU13Vwe7hlENZDm2,IFCBUILDINGELEMENTPROXY,400
37O9F6zDH7NuO6lYxEN7kp,IFCBUILDINGELEMENTPROXY,400
0JyMPP2zL4IAnCaufeb8OM,IFCBUILDINGELEMENTPROXY,400
0p_ez7$kb1fQ0sr1Uds03k,IFCMEMBER,350
2gg_QBTV1BLP_pxc_mn7zh,IFCBUILDINGELEMENTPROXY,400
1avhRfmw91wxWQrhU4W2CW,IFCRAILING,620
0O5ZCyMCrCOQ6uiL7qfhzo,IFCRAILING,620
02_CiyN659neOqt2G8OlzW,IFCMEMBER,350
1zaxyAqU13Vwe7hlENZDm6,IFCBUILDINGELEMENTPROXY,400
2I7Auyk8bCgAfwQpXOR$9u,IFCBUILDINGELEMENTPROXY,400
3JySMgFNrCGxX3oAzOKCkr,IFCRAILING,620
0d_HunAzzAPg4$RxtR7pfv,IFCRAILING,620
3LZOmf0A98PeT3v$HqSMrN,IFCMEMBER,350
2rxIJoCKz1uRo5QAkJ6W1c,IFCMEMBER,350
3oWRtKgGH6quoh0HBRWZP1,IFCBUILDINGELEMENTPROXY,400
1dKu5zsdHE_A8Pn$AaqevH,IFCBUILDINGELEMENTPROXY,400
1zaxyAqU13Vwe7hlENZDmD,IFCBUILDINGELEMENTPROXY,400
1YpT8RiCzEtvfm84izHoKF,IFCBUILDINGELEMENTPROXY,400
04njSTSkS9569ZXvWOdGfk,IFCRAILING,620
2wYho76PDA9vn_AFRLvRBi,IFCRAILING,620
0O5ZCyMCrCOQ6uiL7qfhWk,IFCRAILING,620
0gNsikZPrFZe6ltc4u6HlQ,IFCBUILDINGELEMENTPROXY,400
3fIyBYh7fB78nAzlrPVUqY,IFCBUILDINGELEMENTPROXY,400
3IP1NcR8H1yQoZHEVfIro0,IFCBUILDINGELEMENTPROXY,400
22T8RHjlP7sPxAvJUQWvp_,IFCBUILDINGELEMENTPROXY,400
0p_ez7$kb1fQ0sr1Uds03a,IFCRAILING,620
3Z5QcBxyT3ZHxVshbpLvt9,IFCMEMBER,350
11qQrX$zDAqxSsCbLSxMjS,IFCBUILDINGELEMENTPROXY,400
1hbrug3lrBQg4H$5a6sWi9,IFCRAILING,620
3VSyNAMpUiMUHiq4A722NK,IFCRAILING,620
0O5ZCyMCrCOQ6uiL7qfhdl,IFCRAILING,620
0JyMPP2zL4IAnCaufeb8Uf,IFCBUILDINGELEMENTPROXY,400
0gNsikZPrFZe6ltc4u6HlH,IFCBUILDINGELEMENTPROXY,400
1JkTQRyTnFCQL6sCZc4wMN,IFCCOVERING,2645.29
2jRUK7Mkb6Ue8A9OvpTGUo,IFCLIGHTFIXTURE,210
29L_DeI4f1hfP6ODuq8daS,IFCLIGHTFIXTURE,210
1ynIJTp3j41BnCd95bH$Zw,IFCLIGHTFIXTURE,210
2i1ro43jr7TeCTnrJrkiFS,IFCLIGHTFIXTURE,210
2i1ro43jr7TeCTnrJrjJ$C,IFCLIGHTFIXTURE,210
2i1ro43jr7TeCTnrJrjJzw,IFCLIGHTFIXTURE,210
06fTk68cnA6vD9GRSabnq$,IFCLIGHTFIXTURE,210
06fTk68cnA6vD9GRSabnxR,IFCLIGHTFIXTURE,210
2DdOtrZWbFu8xo_NjetJ$u,IFCLIGHTFIXTURE,210
2iprjJO5DFPPFZufOJpoa9,IFCCOVERING,12.41
2Dmljw8uHCLBZQQu9H5f2v,IFCCURTAINWALL,7708.59
2Dmljw8uHCLBZQQu9H5f07,IFCMEMBER,50.89
2Dmljw8uHCLBZQQu9H5f0n,IFCMEMBER,54.69
2Dmljw8uHCLBZQQu9H5f3n,IFCPLATE,65.63
2Dmljw8uHCLBZQQu9H5f3J,IFCPLATE,105.98
2Dmljw8uHCLBZQQu9H5f0L,IFCMEMBER,33.04
2Dmljw8uHCLBZQQu9H5f8O,IFCMEMBER,23.93
2Dmljw8uHCLBZQQu9H5f87,IFCMEMBER,21.27
2Dmljw8uHCLBZQQu9H5f8a,IFCPLATE,253.85
2Dmljw8uHCLBZQQu9H5f8Z,IFCMEMBER,232.04
2Dmljw8uHCLBZQQu9H5f9I,IFCCURTAINWALL,395.32
2Dmljw8uHCLBZQQu9H5f8m,IFCMEMBER,52.86
2Dmljw8uHCLBZQQu9H5fNW,IFCPLATE,145.6
2Dmljw8uHCLBZQQu9H5fMe,IFCMEMBER,109.37
3WJfQUHe1A3x25MI_xeXnv,IFCLIGHTFIXTURE,210
3WJfQUHe1A3x25MI_xeXK2,IFCLIGHTFIXTURE,210
3o5gkqdY9E6A2F1wtqtPfk,IFCLIGHTFIXTURE,210
21U07TPLv4F9zfrV5EunjY,IFCMEMBER,86.9
21U07TPLv4F9zfrV5Eunjk,IFCMEMBER,86.59
21U07TPLv4F9zfrV5Eunjo,IFCMEMBER,86.59
21U07TPLv4F9zfrV5Eunjx,IFCMEMBER,145.83
21U07TPLv4F9zfrV5EunjA,IFCMEMBER,86.59
21U07TPLv4F9zfrV5EunjE,IFCMEMBER,86.9
0m3ylIKyvFIf90OJWdRdqr,IFCFURNITURE,480
0m3ylIKyvFIf90OJWdRdqt,IFCFURNITURE,480
0m3ylIKyvFIf90OJWdRd$Z,IFCCOVERING,2219.82
2F3zBK1BH8DBfhr$IH1OYl,IFCBUILDINGELEMENTPROXY,1.1
2F3zBK1BH8DBfhr$IH1OZ7,IFCBUILDINGELEMENTPROXY,1.1
37O9F6zDH7NuO6lYxEN7l4,IFCLIGHTFIXTURE,210
37O9F6zDH7NuO6lYxEN7l7,IFCLIGHTFIXTURE,210
30zSZjFxH19R7IhI893rat,IFCLIGHTFIXTURE,210
30zSZjFxH19R7IhI893rgY,IFCLIGHTFIXTURE,210
30zSZjFxH19R7IhI893rrW,IFCLIGHTFIXTURE,210
2Dmljw8uHCLBZQQu9H5fN7,IFCMEMBER,37.98
2Dmljw8uHCLBZQQu9H5fNf,IFCMEMBER,52.79
1HuOQ2xWrE6xc43TABXjmV,IFCCOVERING,134.19
1HuOQ2xWrE6xc43TABXiJ7,IFCLIGHTFIXTURE,210
2hwXS543X12wPSDjg9UwTv,IFCLIGHTFIXTURE,210
2hwXS543X12wPSDjg9UwT$,IFCLIGHTFIXTURE,210
1sXdHX7zj82gQ8fyf1aZOQ,IFCBUILDINGELEMENTPROXY,0.32
1sXdHX7zj82gQ8fyf1aZMt,IFCBUILDINGELEMENTPROXY,0.29
128PB7rvH4mfupwLkPTVrT,IFCLIGHTFIXTURE,210
1RDBZlEzP62OfPAe21iiqn,IFCROOF,8202.22
19wte9agf2gQF7hll3rkGB,IFCWALL,18.31
1aXCSk$gDEVQyZFyB5KhxD,IFCWALL,142.26
2F3zBK1BH8DBfhr$IH1ObL,IFCBUILDINGELEMENTPROXY,0.05
0usV6tDDnFohq5PghQ5D2e,IFCBUILDINGELEMENTPROXY,1.12
0usV6tDDnFohq5PghQ5D2k,IFCBUILDINGELEMENTPROXY,1.12
0usV6tDDnFohq5PghQ5D2$,IFCBUILDINGELEMENTPROXY,1.12
3pzaB_ZtL36el0ClYINd3J,IFCWALL,152.73
2cjIMZpBv7Bx_yWTejjN7C,IFCCOVERING,59.14
3oWRtKgGH6quoh0HBRWZ1b,IFCWALL,5.21
2xT4x5lXnBNxcZ5QZbxhSR,IFCWALL,5.46
34lqDYnzHB3wmZslDJwlAb,IFCWALL,2.15
34lqDYnzHB3wmZslDJwl9r,IFCWALL,1.11
359zRRFDT1vRiwFSrqNXe9,IFCLIGHTFIXTURE,210
359zRRFDT1vRiwFSrqNWQJ,IFCLIGHTFIXTURE,210
359zRRFDT1vRiwFSrqNWPp,IFCLIGHTFIXTURE,210
2BYrZ1qR56Y40dpi9pypNA,IFCSLAB,46.94
0l1uiLxhf6Sh$CRbsdNPu7,IFCWALL,25.73
0l1uiLxhf6Sh$CRbsdNPtE,IFCBUILDINGELEMENTPROXY,14.42
0l1uiLxhf6Sh$CRbsdNPtK,IFCBUILDINGELEMENTPROXY,14.42
0LC$9$2dX7$gor7712Gh1v,IFCWALL,130.16
2xoycrPpH7EOfiZC0iDSHt,IFCWALL,169.61
2xoycrPpH7EOfiZC0iDSiB,IFCWALL,109.93
1T5Wcb3F14If4LK98pJeCF,IFCWALL,85.18
0j49MZvDrAEu6uW6jnTMOw,IFCLIGHTFIXTURE,210
0j49MZvDrAEu6uW6jnTMRP,IFCLIGHTFIXTURE,210
05z2dez$L4s8S9q4HwY_9p,IFCWALL,126.03
05z2dez$L4s8S9q4HwY_9o,IFCWALL,188.17
0Lwxb_BUfALAc2_$BhZdy_,IFCWALL,91.05
10$nTTYwHDYQgso2$xPFY1,IFCWALL,152.02
10$nTTYwHDYQgso2$xPFZ0,IFCWALL,73.25
2I7Auyk8bCgAfwQpXOR$M1,IFCSLAB,172.6
2I7Auyk8bCgAfwQpXORyuy,IFCBUILDINGELEMENTPROXY,0.23
3IP1NcR8H1yQoZHEVfIrJX,IFCWALL,25.14
3IP1NcR8H1yQoZHEVfIrC3,IFCLIGHTFIXTURE,210
3IP1NcR8H1yQoZHEVfIrqb,IFCWALL,46.62
3IP1NcR8H1yQoZHEVfIrqa,IFCWALL,24.26
3IP1NcR8H1yQoZHEVfIrqP,IFCLIGHTFIXTURE,210
3IP1NcR8H1yQoZHEVfIrr9,IFCLIGHTFIXTURE,210
3IP1NcR8H1yQoZHEVfIrpo,IFCLIGHTFIXTURE,210
3Pa9TWKvP7U8BPMR24iKPS,IFCLIGHTFIXTURE,210
0DciJ_E7T338RZ8d5_Z0hf,IFCCOLUMN,1056
112$d87LbAS80iXUHBv_Co,IFCWALL,4.49
112$d87LbAS80iXUHBv_Cp,IFCWALL,4.14
1Wv2Cbp9PCthbVpj80Y1wr,IFCSLAB,205.28
31Lh0hm7f2YQiB4BjLDm7O,IFCSLAB,1443.78
2CN5jdBAn0heeMXkK42zGo,IFCSLAB,23989.51
2rQ6HIlln21RpLYJ5AVwtK,IFCCOLUMN,763.58
1YpT8RiCzEtvfm84izHoNY,IFCWALL,2.57
3vN2Fl6Az8C9cBZizN$HQJ,IFCBUILDINGELEMENTPROXY,7.05
3vN2Fl6Az8C9cBZizN$HQ4,IFCWALL,6.18
22T8RHjlP7sPxAvJUQWvyg,IFCWALL,44.29
22T8RHjlP7sPxAvJUQWvz8,IFCWALL,44.29
2Z1lN957z0auk_rV6OvZZD,IFCCOLUMN,666.46
2J5sLyal16uwFIVutbWIIv,IFCFURNITURE,480
2J5sLyal16uwFIVutbWILo,IFCFURNITURE,480
0eDgNlL91F2QoCDuZZMKzh,IFCLIGHTFIXTURE,210
3WfYW5FlP7QuyLJ0RKDFih,IFCWALL,46.76
1VUJc38y9CAAa_HXiURO90,IFCWALL,122.84
0q9es9kCD4oOj_kMIudRS_,IFCPLATE,44.24
0q9es9kCD4oOj_kMIudRTg,IFCMEMBER,71.02
0q9es9kCD4oOj_kMIudRTV,IFCMEMBER,72.92
0q9es9kCD4oOj_kMIudRTF,IFCMEMBER,72.92
00OcTh2YnDIRjBe1O3sIYV,IFCMEMBER,72.92
00OcTh2YnDIRjBe1O3sIZl,IFCMEMBER,69.12
2ch6GiTYr6ofWwBJULtRUo,IFCPLATE,44.24
2ch6GiTYr6ofWwBJULtROj,IFCMEMBER,72.92
2ch6GiTYr6ofWwBJULtROV,IFCMEMBER,15.95
2ch6GiTYr6ofWwBJULtRRJ,IFCMEMBER,72.92
2ch6GiTYr6ofWwBJULtRRH,IFCMEMBER,15.95
2ch6GiTYr6ofWwBJULtRRO,IFCMEMBER,70.73
343IftMCP4UOCLPJnm955j,IFCPLATE,44.24
343IftMCP4UOCLPJnm955q,IFCPLATE,191.69
343IftMCP4UOCLPJnm955p,IFCPLATE,191.69
343IftMCP4UOCLPJnm954p,IFCPLATE,44.24
343IftMCP4UOCLPJnm955T,IFCPLATE,44.24
343IftMCP4UOCLPJnm954S,IFCPLATE,44.24
3VPu6Q9HP8$RPQyOwZd3lp,IFCPLATE,42.78
343IftMCP4UOCLPJnm955E,IFCMEMBER,17.85
343IftMCP4UOCLPJnmEwxH,IFCMEMBER,32.28
3VPu6Q9HP8$RPQyOwZd3ll,IFCMEMBER,36.84
04b3cqL6T7nASkHPv$no5Q,IFCMEMBER,56.21
04b3cqL6T7nASkHPv$no5k,IFCWINDOW,3602.3
04b3cqL6T7nASkHPv$no47,IFCMEMBER,58.49
04b3cqL6T7nASkHPv$nox2,IFCMEMBER,60.38
04b3cqL6T7nASkHPv$nox$,IFCPLATE,133.7
1yjzQ_fH5D2ulNYAuuyBa2,IFCMEMBER,115.45
04b3cqL6T7nASkHPv$novG,IFCMEMBER,1.67
04b3cqL6T7nASkHPv$novH,IFCMEMBER,1.67
04b3cqL6T7nASkHPv$novK,IFCMEMBER,4.68
04b3cqL6T7nASkHPv$novp,IFCMEMBER,2.23
04b3cqL6T7nASkHPv$novn,IFCMEMBER,2.23
04b3cqL6T7nASkHPv$novs,IFCMEMBER,1.73
04b3cqL6T7nASkHPv$nov_,IFCMEMBER,2.29
04b3cqL6T7nASkHPv$nou0,IFCMEMBER,2.23
1yjzQ_fH5D2ulNYAuuyBaf,IFCMEMBER,2.31
1yjzQ_fH5D2ulNYAuuyBat,IFCMEMBER,4.68
1yjzQ_fH5D2ulNYAuuyBtK,IFCPLATE,47.5
04b3cqL6T7nASkHPv$no$7,IFCPLATE,133.7
04b3cqL6T7nASkHPv$no_A,IFCMEMBER,2.31
04b3cqL6T7nASkHPv$no_G,IFCMEMBER,2.31
04b3cqL6T7nASkHPv$no_M,IFCMEMBER,2.31
04b3cqL6T7nASkHPv$no_Q,IFCMEMBER,1.67
04b3cqL6T7nASkHPv$no_f,IFCMEMBER,4.68
04b3cqL6T7nASkHPv$no_m,IFCMEMBER,4.68
04b3cqL6T7nASkHPv$no_q,IFCMEMBER,2.23
04b3cqL6T7nASkHPv$no_r,IFCMEMBER,2.23
04b3cqL6T7nASkHPv$noz6,IFCMEMBER,2.37
1yjzQ_fH5D2ulNYAuuyBbc,IFCPLATE,133.7
04b3cqL6T7nASkHPv$nop6,IFCMEMBER,2.31
04b3cqL6T7nASkHPv$nopc,IFCMEMBER,4.68
04b3cqL6T7nASkHPv$nopb,IFCMEMBER,4.68
04b3cqL6T7nASkHPv$nopt,IFCMEMBER,4.68
04b3cqL6T7nASkHPv$nopv,IFCMEMBER,4.68
04b3cqL6T7nASkHPv$noo5,IFCMEMBER,4.68
1yjzQ_fH5D2ulNYAuuyBbp,IFCMEMBER,4.68
2B9ggR9Lj4EhSARQFirukv,IFCMEMBER,51.65
2B9ggR9Lj4EhSARQFiruky,IFCMEMBER,142.8
04b3cqL6T7nASkHPv$nonI,IFCPLATE,133.7
04b3cqL6T7nASkHPv$nonN,IFCPLATE,133.7
2B9ggR9Lj4EhSARQFirueI,IFCPLATE,133.7
04b3cqL6T7nASkHPv$nonY,IFCMEMBER,2.4
04b3cqL6T7nASkHPv$nong,IFCMEMBER,2.31
04b3cqL6T7nASkHPv$non$,IFCMEMBER,2.17
04b3cqL6T7nASkHPv$nom6,IFCMEMBER,2.37
04b3cqL6T7nASkHPv$nom9,IFCMEMBER,2.31
2B9ggR9Lj4EhSARQFirulW,IFCMEMBER,2.31
04b3cqL6T7nASkHPv$notP,IFCMEMBER,141.28
04b3cqL6T7nASkHPv$nomm,IFCPLATE,61.83
04b3cqL6T7nASkHPv$nom$,IFCMEMBER,2.31
04b3cqL6T7nASkHPv$not2,IFCMEMBER,0.94
04b3cqL6T7nASkHPv$notF,IFCMEMBER,2.23
0swtehvpv5Xh4hPQqBXFXx,IFCMEMBER,2.4
0swtehvpv5Xh4hPQqBXFXu,IFCMEMBER,4.68
04b3cqL6T7nASkHPv$notq,IFCPLATE,61.83
04b3cqL6T7nASkHPv$nosR,IFCMEMBER,0.94
04b3cqL6T7nASkHPv$nosS,IFCMEMBER,47.09
04b3cqL6T7nASkHPv$nohN,IFCMEMBER,4.68
04b3cqL6T7nASkHPv$nohZ,IFCMEMBER,4.68
2NVDfmr3r0pwm4jNoJqPp0,IFCCOLUMN,975.63
1dQuNrVRX7Z8lBw2sv8jlJ,IFCLIGHTFIXTURE,210
24UQUejir30hZbTvW6h7ZQ,IFCWALL,65.25
3SnOVw7ojDZ8nnFzhqldj0,IFCCURTAINWALL,16834.73
3SnOVw7ojDZ8nnFzhqld$$,IFCPLATE,308.37
3SnOVw7ojDZ8nnFzhqlduL,IFCPLATE,257.57
3SnOVw7ojDZ8nnFzhqld$7,IFCMEMBER,42.91
0V7b1sZrLBF8P59YUseLxW,IFCPLATE,79.97
3SnOVw7ojDZ8nnFzhqlcis,IFCMEMBER,200.52
3SnOVw7ojDZ8nnFzhqlcek,IFCMEMBER,46.33
3voFgg85z9v87ITax$sRZ7,IFCWALL,13.74
30dzunCuvCRADZXw6x9o_j,IFCLIGHTFIXTURE,210
30dzunCuvCRADZXw6x9ovK,IFCLIGHTFIXTURE,210
1G_I00WlX2MBQekqB04dJ7,IFCWALL,10917.49
1PXhyobVjFBBmnnrKsD41Z,IFCBUILDINGELEMENTPROXY,16.97
3mb2qeJrj95gerPRB9UfRQ,IFCSLAB,167.02
21$tDpUWDEtxLZIWIT_3C7,IFCBUILDINGELEMENTPROXY,1336.61
1nMwdyzlT4AuQ_X$HWZFLg,IFCSLAB,3.82
1nMwdyzlT4AuQ_X$HWZFMT,IFCBUILDINGELEMENTPROXY,1.46
1nMwdyzlT4AuQ_X$HWZFMR,IFCSLAB,3.82
1nMwdyzlT4AuQ_X$HWZFMv,IFCSLAB,3.82
0OoVmktSP6XQwhSCQS0LoC,IFCDOOR,1849.63
07qCfCfOH2$9ZHLwxaU8Ro,IFCWALL,2362.19
2wYho76PDA9vn_AFRLvLel,IFCWALL,5347.88
0s9hxL8vH4AQpm7LXCLUmk,IFCWALL,148.32
0s9hxL8vH4AQpm7LXCLP7k,IFCFURNITURE,480
15xKUPqIHAl8uhdIa8aDdH,IFCWALL,346.43
2Lnwlbilr8xxJKRFN714zw,IFCWALL,2066.24
2Lnwlbilr8xxJKRFN714_u,IFCWALL,2374.45
1Un9ptyoX1vey29ZkM5AiS,IFCWALL,2458.84
1Un9ptyoX1vey29ZkM5Al0,IFCBUILDINGELEMENTPROXY,0.19
1Un9ptyoX1vey29ZkM5Aby,IFCBUILDINGELEMENTPROXY,0.19
0K0FV0u6b9L9sDGL7lHFwH,IFCDOOR,1513.13
0K0FV0u6b9L9sDGL7lHARa,IFCDOOR,1563.45
28fEL2KJH3nefH9oQJhuQ8,IFCWALL,211.61
28fEL2KJH3nefH9oQJhuRG,IFCWALL,5.85
28fEL2KJH3nefH9oQJhuSU,IFCWALL,31.69
28fEL2KJH3nefH9oQJhuS1,IFCBUILDINGELEMENTPROXY,34.01
28fEL2KJH3nefH9oQJhuSE,IFCFURNITURE,480
321qo6Jt58aRGW1V_saw2F,IFCWALL,211.61
321qo6Jt58aRGW1V_saw2o,IFCBUILDINGELEMENTPROXY,34.01
321qo6Jt58aRGW1V_saw3M,IFCBUILDINGELEMENTPROXY,4.31
321qo6Jt58aRGW1V_saw3N,IFCWALL,5.85
321qo6Jt58aRGW1V_sawAP,IFCFURNITURE,480
321qo6Jt58aRGW1V_sawBf,IFCWALL,37.63
321qo6Jt58aRGW1V_sawCP,IFCBUILDINGELEMENTPROXY,0.69
321qo6Jt58aRGW1V_sawCB,IFCWALL,5.85
321qo6Jt58aRGW1V_sawC$,IFCWALL,31.69
321qo6Jt58aRGW1V_sawCb,IFCDOOR,1563.45
321qo6Jt58aRGW1V_sawDB,IFCWALL,31.69
321qo6Jt58aRGW1V_sawMl,IFCDOOR,1513.13
1sqRaCGxn09vsPk5LktIn6,IFCFURNITURE,480
1sqRaCGxn09vsPk5LktLJ2,IFCBUILDINGELEMENTPROXY,1.19
3kc6SqM9H57QHDXaSHOx7n,IFCWINDOW,2707.41
3kc6SqM9H57QHDXaSHOx6n,IFCWINDOW,2707.41
2gDGg7MA90nQHvffsvVo2F,IFCWINDOW,2707.41
2gDGg7MA90nQHvffsvVo2Y,IFCWINDOW,2707.41
2gDGg7MA90nQHvffsvVo73,IFCWINDOW,2707.41
2gDGg7MA90nQHvffsvVo7m,IFCWINDOW,2707.41
2gDGg7MA90nQHvffsvVo5H,IFCWINDOW,2707.41
2gDGg7MA90nQHvffsvVo46,IFCWINDOW,2707.41
2edGu3VRXAYQxyAyIU13Ln,IFCDOOR,1457.23
2DrlDkmyDFLerHNnIG0pfp,IFCWINDOW,2707.41
2DrlDkmyDFLerHNnIG0pW1,IFCDOOR,2598.28
2DrlDkmyDFLerHNnIG0pdm,IFCWALL,316.69
2DrlDkmyDFLerHNnIG0pVy,IFCFURNITURE,480
0U4XQxUbT6Kgsr80BN4mQt,IFCWALL,8.17
0U4XQxUbT6Kgsr80BN4mQW,IFCFURNITURE,480
0U4XQxUbT6Kgsr80BN4mnr,IFCBUILDINGELEMENTPROXY,2.25
0U4XQxUbT6Kgsr80BN4mne,IFCFURNITURE,480
0U4XQxUbT6Kgsr80BN4mqZ,IFCWALL,279.48
0U4XQxUbT6Kgsr80BN4mqT,IFCFURNITURE,480
0U4XQxUbT6Kgsr80BN4mqV,IFCFURNITURE,480
0U4XQxUbT6Kgsr80BN4mq6,IFCSLAB,185.38
0U4XQxUbT6Kgsr80BN4mrb,IFCBUILDINGELEMENTPROXY,0.69
0q9es9kCD4oOj_kMIudQXO,IFCBUILDINGELEMENTPROXY,16.97
04b3cqL6T7nASkHPv$nogK,IFCBUILDINGELEMENTPROXY,0.13
04b3cqL6T7nASkHPv$nogP,IFCBUILDINGELEMENTPROXY,0.82
04b3cqL6T7nASkHPv$nogS,IFCWINDOW,4200.8
04b3cqL6T7nASkHPv$nogZ,IFCBUILDINGELEMENTPROXY,1.15
04b3cqL6T7nASkHPv$nogf,IFCWINDOW,4200.8
04b3cqL6T7nASkHPv$nogo,IFCBUILDINGELEMENTPROXY,0.13
04b3cqL6T7nASkHPv$nof2,IFCCURTAINWALL,1998.75
04b3cqL6T7nASkHPv$nof3,IFCPLATE,102.5
0miuAs27j0Uv$d9Nf9LTcc,IFCBUILDINGELEMENTPROXY,3890.58
1kJXG9J_12CxJk83GXH3Iw,IFCCOLUMN,1701.92
0diyFkYn13LhiY6isZhHBu,IFCWALL,435.33
11S5xlW0P8HPomo2uMIjiJ,IFCWALL,136.67
0Ra9vgVKX869dfZ6jBviw_,IFCWALL,12.94
3Exf$uKEj6vBh5DuRp1ROm,IFCWALL,354.35
1do79UPsT5QgT3kMg0ohrQ,IFCWALL,89.49
1do79UPsT5QgT3kMg0ohrr,IFCWALL,43.88
1do79UPsT5QgT3kMg0ohoo,IFCBUILDINGELEMENTPROXY,63.35
1do79UPsT5QgT3kMg0ohpd,IFCWALL,43.88
3x08GjNxXAUwp6Nup35km8,IFCFURNITURE,480
2XHYIYzAHChPcvcG26L__x,IFCWALL,9.73
2Ytno7yd91dQAhhP73Exw_,IFCFURNITURE,480
2Ytno7yd91dQAhhP73Exww,IFCBUILDINGELEMENTPROXY,0.69
3eqETIWmT5yuBevKr2XxPj,IFCWALL,143.18
2_V46gFRv1gwDUl815brQF,IFCWALL,681.68
36PShEEGHF2O7RqMvq2fTJ,IFCWALL,1293.17
0stYUSRTn5hRP77Rc$SXkD,IFCCOLUMN,886.23
0stYUSRTn5hRP77Rc$SX_5,IFCCOLUMN,763.58
0mlMV$YD96HATmmaM7GcRh,IFCDOOR,1457.23
0G9ai03RD3feeWDsX36gQb,IFCSLAB,307.55
3$yoltXNCQwPodD6fVscjD,IFCSLAB,128.06
3fIyBYh7fB78nAzlrPVUqb,IFCWALL,33.06
2MV_64_l5AQPPt1cNhnF3j,IFCWALL,112.83
3RKbg7mVv5KOhSWj4h$84E,IFCPLATE,453.14
3RKbg7mVv5KOhSWj4h$8F9,IFCMEMBER,157.8
3RKbg7mVv5KOhSWj4h$81Y,IFCMEMBER,72.92
3RKbg7mVv5KOhSWj4h$845,IFCMEMBER,39.19
3RKbg7mVv5KOhSWj4h$864,IFCMEMBER,157.8
02a5zYLwD3j9mC$YV6wovV,IFCWALL,34.12
0K7w7jYlXCpOJN0oo5MI9M,IFCWALL,27.03
2Nacuo19H4IAx5s3kv9C0D,IFCBUILDINGELEMENTPROXY,0.07
0lo5Aktjz63wK_HQprnfuO,IFCWALL,95.53
2qrD7osIz978sSGrlBkDcg,IFCCOVERING,71.37
040pYaAfP5UfxiZy_buDgT,IFCWALL,142.21
23guZW2iXFCuvZJwtILzel,IFCSLAB,72.26
0fb8ht1cj4oRHWJZerVZLf,IFCMEMBER,34.56
0fb8ht1cj4oRHWJZerVZSV,IFCMEMBER,54.69
23guZW2iXFCuvZJwtILzXJ,IFCSLAB,171.25
2LDPNirxb6Uv4e97Wb9aoG,IFCBUILDINGELEMENTPROXY,400
1zaxyAqU13Vwe7hlENZDmG,IFCBUILDINGELEMENTPROXY,400
2I7Auyk8bCgAfwQpXOR$02,IFCBUILDINGELEMENTPROXY,400
3IP1NcR8H1yQoZHEVfIrrI,IFCBUILDINGELEMENTPROXY,400
2MGIpRi0XEXwECOTNgoznK,IFCSLAB,1200
34pX3TFgCZUMnWm04ctL7P,IFCMEMBER,350
31rKK5OS94d9cPXIYeNUem,IFCMEMBER,350
1dKu5zsdHE_A8Pn$Aaqew8,IFCBUILDINGELEMENTPROXY,400
02_CiyN659neOqt2G8Olzj,IFCRAILING,620
02lo9sjvz8BucIIDWsvK_K,IFCMEMBER,350
3oWRtKgGH6quoh0HBRWZP5,IFCBUILDINGELEMENTPROXY,400
37O9F6zDH7NuO6lYxEN6y3,IFCBUILDINGELEMENTPROXY,400
2MGIpRi0XEXwECOTNgozfD,IFCMEMBER,350
3fIyBYh7fB78nAzlrPVUnn,IFCBUILDINGELEMENTPROXY,400
2I7Auyk8bCgAfwQpXOR$9y,IFCBUILDINGELEMENTPROXY,400
2MGIpRi0XEXwECOTNgozcC,IFCMEMBER,350
31rKK5OS94d9cPXIYeNUJo,IFCMEMBER,350
2edGu3VRXAYQxyAyIU13Tg,IFCRAILING,620
0p_ez7$kb1fQ0sr1Uds0AP,IFCRAILING,620
0qVQjK3qT8eRQtXEdQM5Fx,IFCRAILING,620
2MGIpRi0XEXwECOTNgoziM,IFCMEMBER,350
31rKK5OS94d9cPXIYeNUTA,IFCMEMBER,350
3AQwX$e_j0ZPcGzWWO1il5,IFCSTAIR,4200
1zaxyAqU13Vwe7hlENZDmA,IFCBUILDINGELEMENTPROXY,400
30_unZMKn1MQl6F50nWuu5,IFCRAILING,620
2rxIJoCKz1uRo5QAkJ6W7J,IFCMEMBER,350
34lqDYnzHB3wmZslDJwl5X,IFCBUILDINGELEMENTPROXY,400
3IP1NcR8H1yQoZHEVfIrq0,IFCBUILDINGELEMENTPROXY,400
2Mrobxeq1B$fFXXodQxPdv,IFCBUILDINGELEMENTPROXY,400
2rxIJoCKz1uRo5QAkJ6W7T,IFCSLAB,1200
0gNsikZPrFZe6ltc4u6HlN,IFCBUILDINGELEMENTPROXY,400
2LDPNirxb6Uv4e97Wb9aFH,IFCBUILDINGELEMENTPROXY,400
0JyMPP2zL4IAnCaufeb8U3,IFCBUILDINGELEMENTPROXY,400
1nMwdyzlT4AuQ_X$HWZF9s,IFCRAILING,620
3oWRtKgGH6quoh0HBRWZP7,IFCBUILDINGELEMENTPROXY,400
37O9F6zDH7NuO6lYxEN6yT,IFCBUILDINGELEMENTPROXY,400
0Tx9R6EzzCafcjYaXNiywy,IFCBUILDINGELEMENTPROXY,400
2rxIJoCKz1uRo5QAkJ6W7N,IFCMEMBER,350
0O5ZCyMCrCOQ6uiL7qfhTM,IFCRAILING,620
14n5fRghiutWyjB0UxUmkx,IFCRAILING,620
31rKK5OS94d9cPXIYeNUJY,IFCSTAIR,4200
1UWxiaL6n2IvHI9YSlqOOI,IFCSLAB,1200
3oWRtKgGH6quoh0HBRWZPU,IFCBUILDINGELEMENTPROXY,400
37O9F6zDH7NuO6lYxEN7Y7,IFCBUILDINGELEMENTPROXY,400
3AQwX$e_j0ZPcGzWWO1ijp,IFCRAILING,620
2rxIJoCKz1uRo5QAkJ6W7q,IFCMEMBER,350
2pj1md3xH86x$$GzhW8nHm,IFCBUILDINGELEMENTPROXY,400
1zaxyAqU13Vwe7hlENZDmK,IFCBUILDINGELEMENTPROXY,400
0yWZ5pCYf0h8ACXcZFmkhL,IFCRAILING,620
3scyhg1aT4f8EoxA1HN_Zr,IFCSTAIR,4200
02_CiyN659neOqt2G8Olzc,IFCMEMBER,350
3IP1NcR8H1yQoZHEVfIrpw,IFCBUILDINGELEMENTPROXY,400
1ynIJTp3j41BnCd95bH_G3,IFCLIGHTFIXTURE,210
1ynIJTp3j41BnCd95bH$Z$,IFCLIGHTFIXTURE,210
1ynIJTp3j41BnCd95bH$xK,IFCLIGHTFIXTURE,210
1ynIJTp3j41BnCd95bH$wC,IFCLIGHTFIXTURE,210
2i1ro43jr7TeCTnrJrkiFT,IFCLIGHTFIXTURE,210
2i1ro43jr7TeCTnrJrjJ$c,IFCLIGHTFIXTURE,210
2i1ro43jr7TeCTnrJrjJzx,IFCLIGHTFIXTURE,210
06fTk68cnA6vD9GRSabnxS,IFCLIGHTFIXTURE,210
06fTk68cnA6vD9GRSabm7a,IFCLIGHTFIXTURE,210
06fTk68cnA6vD9GRSabm51,IFCLIGHTFIXTURE,210
3b_GinbYTDwALWT66s67Z4,IFCCOVERING,22.44
2Dmljw8uHCLBZQQu9H5f03,IFCPLATE,111.85
2Dmljw8uHCLBZQQu9H5f0o,IFCMEMBER,58.1
2Dmljw8uHCLBZQQu9H5f0i,IFCMEMBER,68.36
2Fie0ty599fxnsmWh4Vkc7,IFCMEMBER,18.86
2Fie0ty599fxnsmWh4Vkc8,IFCMEMBER,37.72
2Fie0ty599fxnsmWh4VkcG,IFCMEMBER,16.96
2Dmljw8uHCLBZQQu9H5f2Y,IFCPLATE,183.94
2Dmljw8uHCLBZQQu9H5f3x,IFCMEMBER,85.64
2Dmljw8uHCLBZQQu9H5f31,IFCCURTAINWALL,281.17
2Dmljw8uHCLBZQQu9H5f34,IFCMEMBER,10.63
2Dmljw8uHCLBZQQu9H5f3l,IFCMEMBER,77.47
2Dmljw8uHCLBZQQu9H5f2f,IFCCURTAINWALL,1481.24
2Dmljw8uHCLBZQQu9H5f3r,IFCMEMBER,57.35
2Dmljw8uHCLBZQQu9H5fBG,IFCWALL,52.4
2Dmljw8uHCLBZQQu9H5f8U,IFCCURTAINWALL,129.32
2Dmljw8uHCLBZQQu9H5f8_,IFCDOOR,1612
2Dmljw8uHCLBZQQu9H5f90,IFCPLATE,23.16
2Dmljw8uHCLBZQQu9H5f9m,IFCMEMBER,18.04
2Dmljw8uHCLBZQQu9H5f9l,IFCMEMBER,21.27
2Dmljw8uHCLBZQQu9H5fMv,IFCMEMBER,52.79
2Dmljw8uHCLBZQQu9H5fMk,IFCMEMBER,57.35
2Dmljw8uHCLBZQQu9H5fNs,IFCMEMBER,68.36
2Dmljw8uHCLBZQQu9H5fKU,IFCMEMBER,54.69
2Dmljw8uHCLBZQQu9H5fKJ,IFCPLATE,146.8
3o5gkqdY9E6A2F1wtqtPf2,IFCLIGHTFIXTURE,210
1JR4xo1Kv9tulaqxqLe71E,IFCLIGHTFIXTURE,210
1JR4xo1Kv9tulaqxqLe766,IFCLIGHTFIXTURE,210
21U07TPLv4F9zfrV5EunZd,IFCWALL,1222.92
21U07TPLv4F9zfrV5EunjW,IFCMEMBER,145.83
21U07TPLv4F9zfrV5Eunje,IFCMEMBER,85
21U07TPLv4F9zfrV5Eunj6,IFCMEMBER,86.59
0m3ylIKyvFIf90OJWdRdsF,IFCFURNITURE,480
0m3ylIKyvFIf90OJWdRdsB,IFCFURNITURE,480
0d_HunAzzAPg4$RxtR7pkT,IFCBUILDINGELEMENTPROXY,0.27
0d_HunAzzAPg4$RxtR7pfI,IFCBUILDINGELEMENTPROXY,1.52
0d_HunAzzAPg4$RxtR7peP,IFCBUILDINGELEMENTPROXY,0.27
0d_HunAzzAPg4$RxtR7pe1,IFCSLAB,42.22
0rpwMvtbz48ARUNqqbdSw0,IFCWALL,301.26
2F3zBK1BH8DBfhr$IH1Obb,IFCBUILDINGELEMENTPROXY,0.05
2F3zBK1BH8DBfhr$IH1Obn,IFCBUILDINGELEMENTPROXY,0.05
2F3zBK1BH8DBfhr$IH1Obp,IFCBUILDINGELEMENTPROXY,1.1
2F3zBK1BH8DBfhr$IH1OY7,IFCBUILDINGELEMENTPROXY,1.1
2F3zBK1BH8DBfhr$IH1OYW,IFCBUILDINGELEMENTPROXY,0.05
2F3zBK1BH8DBfhr$IH1OY$,IFCBUILDINGELEMENTPROXY,1.1
2F3zBK1BH8DBfhr$IH1OYm,IFCBUILDINGELEMENTPROXY,0.05
2F3zBK1BH8DBfhr$IH1OZ1,IFCBUILDINGELEMENTPROXY,0.05
37O9F6zDH7NuO6lYxEN7lE,IFCWALL,24.93
37O9F6zDH7NuO6lYxEN7lU,IFCBUILDINGELEMENTPROXY,0.26
30zSZjFxH19R7IhI893r6I,IFCLIGHTFIXTURE,210
30zSZjFxH19R7IhI893r6P,IFCLIGHTFIXTURE,210
30zSZjFxH19R7IhI893rQ_,IFCLIGHTFIXTURE,210
30zSZjFxH19R7IhI893rQc,IFCLIGHTFIXTURE,210
30zSZjFxH19R7IhI893rXw,IFCLIGHTFIXTURE,210
30zSZjFxH19R7IhI893rxh,IFCBUILDINGELEMENTPROXY,0.26
1sXdHX7zj82gQ8fyf1aZRU,IFCBUILDINGELEMENTPROXY,0.49
2MAHRuCXP51wFXs0k0D8sJ,IFCPLATE,103.33
2MAHRuCXP51wFXs0k0D8sQ,IFCMEMBER,47.09
2MAHRuCXP51wFXs0k0D8sK,IFCMEMBER,52.41
2F3zBK1BH8DBfhr$IH1ObK,IFCBUILDINGELEMENTPROXY,0.05
0usV6tDDnFohq5PghQ5D2h,IFCBUILDINGELEMENTPROXY,1.12
0usV6tDDnFohq5PghQ5D2w,IFCBUILDINGELEMENTPROXY,1.12
0usV6tDDnFohq5PghQ5D2x,IFCBUILDINGELEMENTPROXY,1.12
2biUYIYNLD2waIQI_930J2,IFCWALL,1942.45
3pzaB_ZtL36el0ClYINdPt,IFCCOVERING,248.25
34lqDYnzHB3wmZslDJweoU,IFCWALL,1.77
34lqDYnzHB3wmZslDJwlAj,IFCWALL,0.38
34lqDYnzHB3wmZslDJwl8m,IFCWALL,0.52
0ATjEYD_L8bwfk_bfy3iW8,IFCWALL,1.31
359zRRFDT1vRiwFSrqNXxs,IFCLIGHTFIXTURE,210
0yuIaJzffD5AfrddYB8T7p,IFCWALL,0.12
0l1uiLxhf6Sh$CRbsdNPv_,IFCSLAB,46.94
0l1uiLxhf6Sh$CRbsdNPuT,IFCWALL,26.61
1dKu5zsdHE_A8Pn$Aaqea7,IFCWALL,30
2jg$LpiXP4uAnmZpMT4qkj,IFCWALL,109.86
1T5Wcb3F14If4LK98pJeCc,IFCWALL,160.08
0j49MZvDrAEu6uW6jnTMyj,IFCCOVERING,602.15
0j49MZvDrAEu6uW6jnTMgG,IFCLIGHTFIXTURE,210
10$nTTYwHDYQgso2$xPFiq,IFCWALL,102.79
3IP1NcR8H1yQoZHEVfIrr1,IFCWALL,25.14
37O9F6zDH7NuO6lYxEN6tk,IFCLIGHTFIXTURE,210
37O9F6zDH7NuO6lYxEN6tf,IFCLIGHTFIXTURE,210
37O9F6zDH7NuO6lYxEN7ho,IFCLIGHTFIXTURE,210
3Pa9TWKvP7U8BPMR24iKH2,IFCLIGHTFIXTURE,210
3Pa9TWKvP7U8BPMR24iKH3,IFCLIGHTFIXTURE,210
0DciJ_E7T338RZ8d5_Z0wI,IFCCOLUMN,1056
0DciJ_E7T338RZ8d5_Z0eA,IFCCOLUMN,1056
3TU2oe8q5EWBZPZ9aDFzxS,IFCSLAB,963.8
12JTQ6iwH4lREbrYK8lL$m,IFCSLAB,172.62
2CN5jdBAn0heeMXkK42zQU,IFCWALL,221.25
1tz8JBV5H7GO6C798OW8aH,IFCWALL,15.09
3DXKBuZLPBzw30xfYN9u01,IFCWALL,115.04
1YpT8RiCzEtvfm84izHoNf,IFCWALL,3.5
3vN2Fl6Az8C9cBZizN$HPl,IFCBUILDINGELEMENTPROXY,6.58
3vN2Fl6Az8C9cBZizN$HPg,IFCBUILDINGELEMENTPROXY,8.08
3vN2Fl6Az8C9cBZizN$HQI,IFCBUILDINGELEMENTPROXY,6.58
3vN2Fl6Az8C9cBZizN$HQ2,IFCWALL,6.18
22T8RHjlP7sPxAvJUQWu4c,IFCWALL,44.29
22T8RHjlP7sPxAvJUQWvyT,IFCWALL,44.29
22T8RHjlP7sPxAvJUQWvyx,IFCWALL,44.29
3WfYW5FlP7QuyLJ0RKDFkY,IFCWALL,46.76
3uZKf59$50gfUnuEmGsrLi,IFCWALL,109.02
1VUJc38y9CAAa_HXiUROEd,IFCWALL,38.04
11qQrX$zDAqxSsCbLSxNB_,IFCWALL,58.5
00OcTh2YnDIRjBe1O3sIXT,IFCPLATE,44.24
0q9es9kCD4oOj_kMIudRTp,IFCMEMBER,72.92
0q9es9kCD4oOj_kMIudRTs,IFCMEMBER,72.92
0q9es9kCD4oOj_kMIudRTe,IFCMEMBER,72.92
0q9es9kCD4oOj_kMIudRTa,IFCMEMBER,15.95
0q9es9kCD4oOj_kMIudRTd,IFCMEMBER,69.12
0q9es9kCD4oOj_kMIudRTR,IFCMEMBER,69.12
0q9es9kCD4oOj_kMIudRT0,IFCMEMBER,72.92
0q9es9kCD4oOj_kMIudRSw,IFCMEMBER,69.12
0q9es9kCD4oOj_kMIudRSl,IFCMEMBER,15.95
00OcTh2YnDIRjBe1O3sIYQ,IFCMEMBER,72.92
00OcTh2YnDIRjBe1O3sIZc,IFCMEMBER,15.95
00OcTh2YnDIRjBe1O3sIZW,IFCMEMBER,15.95
02_CiyN659neOqt2G8OloZ,IFCMEMBER,68.74
2ch6GiTYr6ofWwBJULtRUa,IFCMEMBER,72.92
2ch6GiTYr6ofWwBJULtRUI,IFCMEMBER,15.95
343IftMCP4UOCLPJnmEwxx,IFCPLATE,84.26
343IftMCP4UOCLPJnm954r,IFCPLATE,44.24
343IftMCP4UOCLPJnm954J,IFCPLATE,191.69
343IftMCP4UOCLPJnm955v,IFCMEMBER,72.92
343IftMCP4UOCLPJnm9555,IFCMEMBER,72.92
343IftMCP4UOCLPJnmEwxZ,IFCMEMBER,72.92
343IftMCP4UOCLPJnmEwxL,IFCMEMBER,32.28
3VPu6Q9HP8$RPQyOwZd3lW,IFCMEMBER,68.74
04b3cqL6T7nASkHPv$no5a,IFCWALL,109.32
04b3cqL6T7nASkHPv$no5q,IFCMEMBER,54.69
04b3cqL6T7nASkHPv$no4G,IFCMEMBER,54.69
04b3cqL6T7nASkHPv$no4s,IFCPLATE,120
04b3cqL6T7nASkHPv$noxB,IFCMEMBER,54.69
04b3cqL6T7nASkHPv$noxU,IFCMEMBER,54.69
04b3cqL6T7nASkHPv$nowB,IFCPLATE,133.7
04b3cqL6T7nASkHPv$nowK,IFCPLATE,133.7
04b3cqL6T7nASkHPv$nowZ,IFCPLATE,133.7
04b3cqL6T7nASkHPv$nowb,IFCPLATE,63.68
04b3cqL6T7nASkHPv$nowe,IFCPLATE,63.68
04b3cqL6T7nASkHPv$novA,IFCMEMBER,2.31
04b3cqL6T7nASkHPv$novl,IFCMEMBER,4.68
04b3cqL6T7nASkHPv$novm,IFCMEMBER,2.23
04b3cqL6T7nASkHPv$novq,IFCMEMBER,4.68
04b3cqL6T7nASkHPv$novy,IFCMEMBER,2.37
04b3cqL6T7nASkHPv$nou5,IFCMEMBER,4.68
1yjzQ_fH5D2ulNYAuuyBaY,IFCMEMBER,2.31
04b3cqL6T7nASkHPv$no$6,IFCPLATE,133.7
1yjzQ_fH5D2ulNYAuuyBvh,IFCMEMBER,115.45
1yjzQ_fH5D2ulNYAuuyBvv,IFCMEMBER,51.65
04b3cqL6T7nASkHPv$no$V,IFCPLATE,133.7
04b3cqL6T7nASkHPv$no$Z,IFCPLATE,133.7
1yjzQ_fH5D2ulNYAuuyBtS,IFCPLATE,63.68
04b3cqL6T7nASkHPv$no$v,IFCMEMBER,2.31
04b3cqL6T7nASkHPv$no$y,IFCMEMBER,2.31
04b3cqL6T7nASkHPv$no_C,IFCMEMBER,2.31
04b3cqL6T7nASkHPv$no_b,IFCMEMBER,4.68
04b3cqL6T7nASkHPv$no_g,IFCMEMBER,4.68
04b3cqL6T7nASkHPv$nozI,IFCMEMBER,4.68
04b3cqL6T7nASkHPv$nozK,IFCMEMBER,2.31
1yjzQ_fH5D2ulNYAuuyBuy,IFCMEMBER,4.68
04b3cqL6T7nASkHPv$noyE,IFCPLATE,133.7
1yjzQ_fH5D2ulNYAuuyBbF,IFCMEMBER,115.45
04b3cqL6T7nASkHPv$noyN,IFCPLATE,133.7
1yjzQ_fH5D2ulNYAuuyBbU,IFCMEMBER,115.45
1yjzQ_fH5D2ulNYAuuyBbP,IFCMEMBER,51.65
04b3cqL6T7nASkHPv$noyj,IFCPLATE,133.7
04b3cqL6T7nASkHPv$nopB,IFCMEMBER,2.31
04b3cqL6T7nASkHPv$nopK,IFCMEMBER,2.31
04b3cqL6T7nASkHPv$nopY,IFCMEMBER,4.68
04b3cqL6T7nASkHPv$nopa,IFCMEMBER,4.68
04b3cqL6T7nASkHPv$nopk,IFCMEMBER,4.68
04b3cqL6T7nASkHPv$nops,IFCMEMBER,4.68
04b3cqL6T7nASkHPv$noo4,IFCMEMBER,4.68
04b3cqL6T7nASkHPv$nooH,IFCMEMBER,4.68
04b3cqL6T7nASkHPv$nooQ,IFCMEMBER,2.31
04b3cqL6T7nASkHPv$nooR,IFCMEMBER,2.31
04b3cqL6T7nASkHPv$nooO,IFCMEMBER,2.31
04b3cqL6T7nASkHPv$nooP,IFCMEMBER,2.31
1yjzQ_fH5D2ulNYAuuyBbg,IFCMEMBER,2.31
1yjzQ_fH5D2ulNYAuuyBbt,IFCMEMBER,2.31
04b3cqL6T7nASkHPv$nonk,IFCMEMBER,2.31
04b3cqL6T7nASkHPv$nont,IFCMEMBER,4.68
04b3cqL6T7nASkHPv$nom3,IFCMEMBER,2.23
04b3cqL6T7nASkHPv$nom8,IFCMEMBER,4.68
2B9ggR9Lj4EhSARQFirulX,IFCMEMBER,2.31
2B9ggR9Lj4EhSARQFirulw,IFCMEMBER,2.17
04b3cqL6T7nASkHPv$nomr,IFCMEMBER,2.31
04b3cqL6T7nASkHPv$not6,IFCMEMBER,4.68
04b3cqL6T7nASkHPv$notJ,IFCMEMBER,2.37
04b3cqL6T7nASkHPv$notH,IFCMEMBER,0.94
0swtehvpv5Xh4hPQqBXFXw,IFCMEMBER,0.94
04b3cqL6T7nASkHPv$nosJ,IFCMEMBER,4.68
04b3cqL6T7nASkHPv$nosV,IFCPLATE,88.26
04b3cqL6T7nASkHPv$nosX,IFCPLATE,89.7
04b3cqL6T7nASkHPv$nor8,IFCWINDOW,3602.3
04b3cqL6T7nASkHPv$norN,IFCPLATE,91.11
04b3cqL6T7nASkHPv$norY,IFCMEMBER,52.41
04b3cqL6T7nASkHPv$noqc,IFCWALL,227.98
04b3cqL6T7nASkHPv$noqd,IFCCURTAINWALL,14680.11
04b3cqL6T7nASkHPv$noqt,IFCPLATE,133.7
1niWRop5j6XxysFSVum4_m,IFCWALL,7.49
2NVDfmr3r0pwm4jNoJqP3b,IFCWALL,7.49
1OaMw_Cab2rxa6bHc83NWU,IFCCOLUMN,326.48
0XunQJuDrCywXJ370JITE3,IFCFURNITURE,480
0XunQJuDrCywXJ370JIT7R,IFCFURNITURE,480
22Gx_RTqTArPWCEi3QY9cS,IFCWALL,94.45
1dQuNrVRX7Z8lBw2sv8jlv,IFCLIGHTFIXTURE,210
24UQUejir30hZbTvW6h7YD,IFCWALL,205.72
2sCvyR6xL9WPXuzdrVey$Y,IFCWALL,144.06
39gRXDizDDsOk0amDBXR4d,IFCCOLUMN,442.23
3SnOVw7ojDZ8nnFzhqldic,IFCMEMBER,25.44
3SnOVw7ojDZ8nnFzhqldia,IFCMEMBER,98.36
3SnOVw7ojDZ8nnFzhqldzL,IFCMEMBER,85.17
30dzunCuvCRADZXw6x9ovL,IFCLIGHTFIXTURE,210
30dzunCuvCRADZXw6x9oug,IFCLIGHTFIXTURE,210
30dzunCuvCRADZXw6x9oue,IFCLIGHTFIXTURE,210
30dzunCuvCRADZXw6x9orE,IFCLIGHTFIXTURE,210
30dzunCuvCRADZXw6x9ors,IFCLIGHTFIXTURE,210
1zJ5d22gn4RA$hT3nRgkZ1,IFCSLAB,1229.91
1dQuNrVRX7Z8lBw2sv8hpd,IFCSLAB,1900.6
1G_I00WlX2MBQekqB04dQl,IFCWALL,2742.81
1nMwdyzlT4AuQ_X$HWZFQJ,IFCBUILDINGELEMENTPROXY,1.46
31rKK5OS94d9cPXIYeNUKu,IFCSLAB,4.47
31rKK5OS94d9cPXIYeNUeg,IFCROOF,2317.1
3k0mOVrxHEQhEN_aJoHyYh,IFCWALL,1402.76
2mejqQiN994Q2UMYaLHeHn,IFCWALL,73.63
0s9hxL8vH4AQpm7LXCLP0i,IFCFURNITURE,480
0s9hxL8vH4AQpm7LXCLPFb,IFCWALL,43.52
15xKUPqIHAl8uhdIa8aCiv,IFCWALL,234.38
15xKUPqIHAl8uhdIa8a2b9,IFCROOF,8196.39
0K0FV0u6b9L9sDGL7lHFsE,IFCWALL,211.61
0K0FV0u6b9L9sDGL7lHFnR,IFCWALL,31.69
0K0FV0u6b9L9sDGL7lH9Ri,IFCFURNITURE,480
28fEL2KJH3nefH9oQJhuQD,IFCWALL,31.69
28fEL2KJH3nefH9oQJhuQv,IFCFURNITURE,480
28fEL2KJH3nefH9oQJhuQW,IFCBUILDINGELEMENTPROXY,33.39
28fEL2KJH3nefH9oQJhuQi,IFCFURNITURE,480
28fEL2KJH3nefH9oQJhuRJ,IFCFURNITURE,480
28fEL2KJH3nefH9oQJhuSP,IFCWALL,31.69
28fEL2KJH3nefH9oQJhuS2,IFCWALL,37.63
28fEL2KJH3nefH9oQJhuS_,IFCFURNITURE,480
321qo6Jt58aRGW1V_saw2x,IFCBUILDINGELEMENTPROXY,3.38
321qo6Jt58aRGW1V_saw2e,IFCFURNITURE,480
321qo6Jt58aRGW1V_saw5s,IFCDOOR,1513.13
321qo6Jt58aRGW1V_saw9l,IFCWALL,46.77
321qo6Jt58aRGW1V_saw9g,IFCWALL,34.13
321qo6Jt58aRGW1V_sawAH,IFCFURNITURE,480
321qo6Jt58aRGW1V_sawBY,IFCWALL,31.69
321qo6Jt58aRGW1V_sawCM,IFCBUILDINGELEMENTPROXY,34.01
321qo6Jt58aRGW1V_sawCy,IFCWALL,30.77
321qo6Jt58aRGW1V_sawCe,IFCBUILDINGELEMENTPROXY,33.39
321qo6Jt58aRGW1V_sawDS,IFCFURNITURE,480
321qo6Jt58aRGW1V_sawDR,IFCBUILDINGELEMENTPROXY,4.31
321qo6Jt58aRGW1V_sawD1,IFCWALL,211.61
321qo6Jt58aRGW1V_sawDF,IFCWALL,33.67
321qo6Jt58aRGW1V_sawDz,IFCBUILDINGELEMENTPROXY,3.38
321qo6Jt58aRGW1V_sawDi,IFCFURNITURE,480
3ZL7WePCX6muLjKss6X3jq,IFCWALL,191.95
1sqRaCGxn09vsPk5LktIpx,IFCBUILDINGELEMENTPROXY,2.25
1sqRaCGxn09vsPk5LktInC,IFCWALL,35.04
1sqRaCGxn09vsPk5LktI$9,IFCFURNITURE,480
1sqRaCGxn09vsPk5LktK3Q,IFCBUILDINGELEMENTPROXY,63.35
1sqRaCGxn09vsPk5LktLWB,IFCWALL,185.33
3kc6SqM9H57QHDXaSHOxCT,IFCWINDOW,2707.41
2gDGg7MA90nQHvffsvVo7c,IFCWINDOW,2707.41
2DrlDkmyDFLerHNnIG0pr6,IFCWINDOW,3566.86
2DrlDkmyDFLerHNnIG0pbC,IFCWALL,354.47
2DrlDkmyDFLerHNnIG0pcj,IFCDOOR,2598.28
2DrlDkmyDFLerHNnIG0pSN,IFCWALL,37.63
2DrlDkmyDFLerHNnIG0pI5,IFCBUILDINGELEMENTPROXY,34.01
3k0mOVrxHEQhEN_aJoHyst,IFCDOOR,1838.07
0U4XQxUbT6Kgsr80BN4mQV,IFCFURNITURE,480
0U4XQxUbT6Kgsr80BN4mnx,IFCWALL,89.49
0U4XQxUbT6Kgsr80BN4mna,IFCFURNITURE,480
0U4XQxUbT6Kgsr80BN4mnZ,IFCWALL,43.88
0U4XQxUbT6Kgsr80BN4mnR,IFCBUILDINGELEMENTPROXY,33.39
0U4XQxUbT6Kgsr80BN4mqe,IFCBUILDINGELEMENTPROXY,2.25
0U4XQxUbT6Kgsr80BN4mrz,IFCWALL,6.97
0U4XQxUbT6Kgsr80BN4mrr,IFCFURNITURE,480
0U4XQxUbT6Kgsr80BN4mrs,IFCDOOR,1563.45
0U4XQxUbT6Kgsr80BN4mri,IFCBUILDINGELEMENTPROXY,1.11
0U4XQxUbT6Kgsr80BN4mtp,IFCDOOR,1563.45
0U4XQxUbT6Kgsr80BN4mtk,IFCBUILDINGELEMENTPROXY,34.01
04b3cqL6T7nASkHPv$nohe,IFCMEMBER,0.94
0swtehvpv5Xh4hPQqBXFZN,IFCMEMBER,4.68
04b3cqL6T7nASkHPv$nog1,IFCWINDOW,4200.8
04b3cqL6T7nASkHPv$nog6,IFCBUILDINGELEMENTPROXY,0.13
04b3cqL6T7nASkHPv$nogF,IFCBUILDINGELEMENTPROXY,0.13
04b3cqL6T7nASkHPv$nogJ,IFCWALL,199.86
04b3cqL6T7nASkHPv$nogH,IFCWALL,768.48
04b3cqL6T7nASkHPv$noga,IFCWALL,387.18
04b3cqL6T7nASkHPv$nogh,IFCWALL,768.48
04b3cqL6T7nASkHPv$nogi,IFCBUILDINGELEMENTPROXY,1.15
04b3cqL6T7nASkHPv$nofD,IFCMEMBER,54.69
2HJPHz$LL92Ori_VKXvn5M,IFCWINDOW,3470.25
2BVeQ1SqP5AhTNOyGjrJYP,IFCFURNITURE,480
2tbPlKybD5$OuohhLYFX$t,IFCSLAB,492.45
0miuAs27j0Uv$d9Nf9LTcy,IFCBUILDINGELEMENTPROXY,3895.91
3mks2_u4L1H8gzLpnGF_dr,IFCWALL,888.19
1wCEYt3qz4oQ7dd0hslcq8,IFCFURNITURE,480
0F8MBhrI9DsuFtYcLuUhGv,IFCWALL,165.84
2CYMLiCRX28Bytt8lqanuH,IFCWALL,8.51
2CYMLiCRX28Bytt8lqanv7,IFCWALL,8.51
2CYMLiCRX28Bytt8lqan_z,IFCWALL,8.51
09eUxCNaz3lOO$6VIXc4Tq,IFCWALL,113.09
1do79UPsT5QgT3kMg0ohrX,IFCSLAB,185.38
1do79UPsT5QgT3kMg0ohrn,IFCDOOR,1563.45
1do79UPsT5QgT3kMg0ohoV,IFCWALL,6.97
1do79UPsT5QgT3kMg0ohod,IFCFURNITURE,480
1do79UPsT5QgT3kMg0ohoj,IFCWALL,43.88
1do79UPsT5QgT3kMg0ohpF,IFCFURNITURE,480
1do79UPsT5QgT3kMg0ohpT,IFCFURNITURE,480
1do79UPsT5QgT3kMg0ohpU,IFCFURNITURE,480
1do79UPsT5QgT3kMg0ohpc,IFCBUILDINGELEMENTPROXY,34.01
1do79UPsT5QgT3kMg0ohuh,IFCDOOR,1485.18
3x08GjNxXAUwp6Nup35kmI,IFCBUILDINGELEMENTPROXY,6.41
2Ytno7yd91dQAhhP73Exwz,IFCBUILDINGELEMENTPROXY,63.35
3eqETIWmT5yuBevKr2XxFv,IFCWALL,227.83
3eqETIWmT5yuBevKr2XxF$,IFCWALL,185.78
3eqETIWmT5yuBevKr2Xx41,IFCBUILDINGELEMENTPROXY,1.75
1osuz$c1TCrANt0okqklmj,IFCWALL,127.38
0dqh5oTcz4aP$fn7IYtJDr,IFCCOLUMN,898.33
0dqh5oTcz4aP$fn7IYtJGJ,IFCCOLUMN,660.72
0stYUSRTn5hRP77Rc$SXjY,IFCCOLUMN,956.87
0stYUSRTn5hRP77Rc$SXiF,IFCCOLUMN,320.01
0stYUSRTn5hRP77Rc$SXfd,IFCCOLUMN,1350.15
0stYUSRTn5hRP77Rc$SXpQ,IFCCOLUMN,658.1
0stYUSRTn5hRP77Rc$SYMx,IFCCOLUMN,553.47
0stYUSRTn5hRP77Rc$SYLj,IFCWALL,27.23
0mlMV$YD96HATmmaM7Gcvf,IFCWALL,229.75
0mlMV$YD96HATmmaM7Gcfo,IFCWALL,150.13
0mlMV$YD96HATmmaM7GXum,IFCBUILDINGELEMENTPROXY,0.19
0mlMV$YD96HATmmaM7GXqq,IFCBUILDINGELEMENTPROXY,0.19
0h4O98KRn9KulxB5pmhtpa,IFCSLAB,292.21
3fIyBYh7fB78nAzlrPVUtL,IFCWALL,303.73
2MV_64_l5AQPPt1cNhnF3g,IFCWALL,112.83
2cPAAN9ynEiAVL2RHeqi4r,IFCWALL,1134.3
2Qub3vESL3gAodKa8iqiJ9,IFCWALL,2.54
3RKbg7mVv5KOhSWj4h$81p,IFCPLATE,81.87
3RKbg7mVv5KOhSWj4h$81o,IFCPLATE,152.36
3RKbg7mVv5KOhSWj4h$MQn,IFCMEMBER,69.31
3RKbg7mVv5KOhSWj4h$8Sc,IFCMEMBER,36.91
2uA1QuTrD56OjKrY65ZNTP,IFCBUILDINGELEMENTPROXY,0.08
2Nacuo19H4IAx5s3kv9Fw_,IFCBUILDINGELEMENTPROXY,0.08
2Nacuo19H4IAx5s3kv9Fwz,IFCBUILDINGELEMENTPROXY,1.46
2Nacuo19H4IAx5s3kv9C7G,IFCBUILDINGELEMENTPROXY,1.46
2Nacuo19H4IAx5s3kv9CWK,IFCWALL,552.24
2Nacuo19H4IAx5s3kv9Cfz,IFCWALL,14.35
2qP478uzfCl9iOlNEUr3Jb,IFCWALL,19.95
0fb8ht1cj4oRHWJZerVZSZ,IFCPLATE,207.5
23guZW2iXFCuvZJwtILzWM,IFCMEMBER,54.69
0fb8ht1cj4oRHWJZerVZTl,IFCMEMBER,54.69
0fb8ht1cj4oRHWJZerVZUa,IFCMEMBER,37.22
2MGIpRi0XEXwECOTNgozfA,IFCMEMBER,350
31rKK5OS94d9cPXIYeNUUt,IFCMEMBER,350
2LDPNirxb6Uv4e97Wb9a_K,IFCBUILDINGELEMENTPROXY,400
37o6yZyJDCZuvhVALVZj83,IFCBUILDINGELEMENTPROXY,400
2rxIJoCKz1uRo5QAkJ6W2t,IFCRAILING,620
3LZOmf0A98PeT3v$HqSMfD,IFCMEMBER,350
2I7Auyk8bCgAfwQpXOR$9v,IFCBUILDINGELEMENTPROXY,400
3IP1NcR8H1yQoZHEVfIrqc,IFCBUILDINGELEMENTPROXY,400
2wYho76PDA9vn_AFRLvRBe,IFCRAILING,620
0O5ZCyMCrCOQ6uiL7qfhRe,IFCRAILING,620
31rKK5OS94d9cPXIYeNUKD,IFCRAILING,620
3scyhg1aT4f8EoxA1HN$IB,IFCMEMBER,350
3G5zAKME3lZ5zhUK10oac2,IFCMEMBER,350
3RKbg7mVv5KOhSWj4h$8PA,IFCBUILDINGELEMENTPROXY,400
3scyhg1aT4f8EoxA1HN_iE,IFCRAILING,620
0O5ZCyMCrCOQ6uiL7qfhd8,IFCRAILING,620
2MGIpRi0XEXwECOTNgoznl,IFCMEMBER,350
3LZOmf0A98PeT3v$HqSMqq,IFCMEMBER,350
0gNsikZPrFZe6ltc4u6HlL,IFCBUILDINGELEMENTPROXY,400
37O9F6zDH7NuO6lYxEN6y0,IFCBUILDINGELEMENTPROXY,400
31rKK5OS94d9cPXIYeNUJt,IFCRAILING,620
112$d87LbAS80iXUHBv_Ba,IFCRAILING,620
0gNsikZPrFZe6ltc4u6Hlk,IFCBUILDINGELEMENTPROXY,400
2LDPNirxb6Uv4e97Wb9a_G,IFCBUILDINGELEMENTPROXY,400
3oWRtKgGH6quoh0HBRWZP2,IFCBUILDINGELEMENTPROXY,400
08MyaqNu9BFwa6_NaWO97r,IFCBUILDINGELEMENTPROXY,400
31rKK5OS94d9cPXIYeNUT5,IFCRAILING,620
2MGIpRi0XEXwECOTNgoziI,IFCSLAB,1200
3IP1NcR8H1yQoZHEVfIrBz,IFCBUILDINGELEMENTPROXY,400
37O9F6zDH7NuO6lYxEN7f1,IFCBUILDINGELEMENTPROXY,400
25C040litdJddZEEXbMjJQ,IFCMEMBER,350
2wYho76PDA9vn_AFRLvRAV,IFCMEMBER,350
31rKK5OS94d9cPXIYeNUwG,IFCMEMBER,350
0lxN0PmeMxlHo7YdEHCvrE,IFCMEMBER,350
37O9F6zDH7NuO6lYxEN7hX,IFCBUILDINGELEMENTPROXY,400
2edGu3VRXAYQxyAyIU13Tk,IFCRAILING,620
37O9F6zDH7NuO6lYxEN6y2,IFCBUILDINGELEMENTPROXY,400
3kc6SqM9H57QHDXaSHOqEI,IFCRAILING,620
02lo9sjvz8BucIIDWsvK_L,IFCMEMBER,350
2MGIpRi0XEXwECOTNgoztH,IFCMEMBER,350
3scyhg1aT4f8EoxA1HN_Za,IFCMEMBER,350
15xKUPqIHAl8uhdIa8aCwT,IFCSTAIR,4200
3scyhg1aT4f8EoxA1HN_iA,IFCRAILING,620
0V7b1sZrLBF8P59YUseLtk,IFCBUILDINGELEMENTPROXY,400
2gg_QBTV1BLP_pxc_mn7ZZ,IFCBUILDINGELEMENTPROXY,400
37O9F6zDH7NuO6lYxEN72$,IFCBUILDINGELEMENTPROXY,400
31rKK5OS94d9cPXIYeNUOf,IFCRAILING,620
3XVGVRhTT15Og5IJO5Ap5d,IFCRAILING,620
11H4ElXgmYS5pDve8qgpJ_,IFCSTAIR,4200
2MGIpRi0XEXwECOTNgozdo,IFCMEMBER,350
20cwODCt2YeS5b2nsj$goO,IFCRAILING,620
1XeopoEmL4fQChMRbpTc6o,IFCWALL,172.48
2Wk83bCBP5xxmQhRC_$kVt,IFCCOVERING,231.29
2Wk83bCBP5xxmQhRC_$kUm,IFCCOVERING,231
2i1ro43jr7TeCTnrJrjJyN,IFCLIGHTFIXTURE,210
06fTk68cnA6vD9GRSabnxN,IFCLIGHTFIXTURE,210
06fTk68cnA6vD9GRSabnxK,IFCLIGHTFIXTURE,210
06fTk68cnA6vD9GRSabnxQ,IFCLIGHTFIXTURE,210
06fTk68cnA6vD9GRSabm7l,IFCLIGHTFIXTURE,210
3b_GinbYTDwALWT66s67eu,IFCCOVERING,12.27
3b_GinbYTDwALWT66s67hM,IFCWALL,2.75
2Dmljw8uHCLBZQQu9H5f2q,IFCMEMBER,54.69
2Dmljw8uHCLBZQQu9H5f0j,IFCMEMBER,52.79
2Dmljw8uHCLBZQQu9H5f3y,IFCMEMBER,27.72
2Dmljw8uHCLBZQQu9H5f3c,IFCMEMBER,33.04
2Dmljw8uHCLBZQQu9H5f32,IFCCURTAINWALL,161.99
2Dmljw8uHCLBZQQu9H5f3Y,IFCDOOR,1701.13
2Dmljw8uHCLBZQQu9H5f3T,IFCMEMBER,199
2Dmljw8uHCLBZQQu9H5f33,IFCMEMBER,97.6
2Dmljw8uHCLBZQQu9H5f3W,IFCMEMBER,36.46
2Dmljw8uHCLBZQQu9H5f3s,IFCMEMBER,171.28
2Dmljw8uHCLBZQQu9H5f8S,IFCCURTAINWALL,300.17
2Dmljw8uHCLBZQQu9H5f8o,IFCCURTAINWALL,1415.56
2Dmljw8uHCLBZQQu9H5f94,IFCCURTAINWALL,129.32
2Dmljw8uHCLBZQQu9H5f8e,IFCCURTAINWALL,2033.49
2Dmljw8uHCLBZQQu9H5fN2,IFCPLATE,110.49
2Dmljw8uHCLBZQQu9H5fMq,IFCMEMBER,52.79
2Dmljw8uHCLBZQQu9H5fNv,IFCMEMBER,68.36
2Dmljw8uHCLBZQQu9H5fMB,IFCPLATE,117.09
2Dmljw8uHCLBZQQu9H5fNn,IFCPLATE,110.3
0lqSWijIL8exaQdHyOWcrS,IFCLIGHTFIXTURE,210
3WJfQUHe1A3x25MI_xeXn1,IFCLIGHTFIXTURE,210
3WJfQUHe1A3x25MI_xeX6_,IFCLIGHTFIXTURE,210
3WJfQUHe1A3x25MI_xeWax,IFCLIGHTFIXTURE,210
3WJfQUHe1A3x25MI_xeWYB,IFCLIGHTFIXTURE,210
3o5gkqdY9E6A2F1wtqtPf1,IFCLIGHTFIXTURE,210
3o5gkqdY9E6A2F1wtqtPfV,IFCLIGHTFIXTURE,210
3o5gkqdY9E6A2F1wtqtPfM,IFCLIGHTFIXTURE,210
1JU62QTXfD2RUOVIJGrICk,IFCDOOR,1849.63
1JR4xo1Kv9tulaqxqLe74D,IFCLIGHTFIXTURE,210
21U07TPLv4F9zfrV5EunZv,IFCWALL,1375.59
21U07TPLv4F9zfrV5EuniD,IFCPLATE,282.04
21U07TPLv4F9zfrV5Eunj_,IFCPLATE,282.04
21U07TPLv4F9zfrV5Euni7,IFCMEMBER,86.59
21U07TPLv4F9zfrV5EuniV,IFCMEMBER,86.9
21U07TPLv4F9zfrV5Eunjn,IFCMEMBER,86.59
21U07TPLv4F9zfrV5Eunjs,IFCMEMBER,145.83
0m3ylIKyvFIf90OJWdRds_,IFCFURNITURE,480
0m3ylIKyvFIf90OJWdRdsw,IFCFURNITURE,480
0m3ylIKyvFIf90OJWdRdtD,IFCFURNITURE,480
0m3ylIKyvFIf90OJWdRdqn,IFCFURNITURE,480
0HoN4Yu2L9f823XpuvNFSq,IFCROOF,742.12
0d_HunAzzAPg4$RxtR7pc_,IFCWALL,24696.45
0d_HunAzzAPg4$RxtR7pet,IFCBUILDINGELEMENTPROXY,0.27
0rpwMvtbz48ARUNqqbdS_A,IFCWALL,423
2F3zBK1BH8DBfhr$IH1OYn,IFCBUILDINGELEMENTPROXY,0.05
2F3zBK1BH8DBfhr$IH1OZ5,IFCBUILDINGELEMENTPROXY,0.05
2F3zBK1BH8DBfhr$IH1OZT,IFCBUILDINGELEMENTPROXY,0.05
2F3zBK1BH8DBfhr$IH1OZN,IFCBUILDINGELEMENTPROXY,1.1
2F3zBK1BH8DBfhr$IH1OZJ,IFCBUILDINGELEMENTPROXY,1.1
37O9F6zDH7NuO6lYxEN7ev,IFCWALL,46.62
30zSZjFxH19R7IhI893rXu,IFCLIGHTFIXTURE,210
30zSZjFxH19R7IhI893rlf,IFCLIGHTFIXTURE,210
30zSZjFxH19R7IhI893q02,IFCWALL,34.12
30zSZjFxH19R7IhI893q9T,IFCLIGHTFIXTURE,210
30zSZjFxH19R7IhI893q93,IFCLIGHTFIXTURE,210
1HuOQ2xWrE6xc43TABXj_m,IFCLIGHTFIXTURE,210
2hwXS543X12wPSDjg9UwS7,IFCLIGHTFIXTURE,210
1e3LcTiIrDWu08GClGc4sh,IFCROOF,67998.67
2MAHRuCXP51wFXs0k0D96a,IFCWALL,25.18
2F3zBK1BH8DBfhr$IH1ObO,IFCBUILDINGELEMENTPROXY,0.05
2F3zBK1BH8DBfhr$IH1ObN,IFCBUILDINGELEMENTPROXY,1.1
0usV6tDDnFohq5PghQ5D2o,IFCBUILDINGELEMENTPROXY,1.12
0usV6tDDnFohq5PghQ5D2p,IFCBUILDINGELEMENTPROXY,1.12
0usV6tDDnFohq5PghQ5D3Y,IFCBUILDINGELEMENTPROXY,1.31
2ovydj_Qn29wFlm_s5j0uW,IFCBUILDINGELEMENTPROXY,66.54
3oWRtKgGH6quoh0HBRWZDj,IFCBUILDINGELEMENTPROXY,66.54
3oWRtKgGH6quoh0HBRWZ1f,IFCWALL,0.31
34lqDYnzHB3wmZslDJweoY,IFCWALL,4.94
359zRRFDT1vRiwFSrqNX_2,IFCLIGHTFIXTURE,210
359zRRFDT1vRiwFSrqNWgB,IFCWALL,7.76
0yuIaJzffD5AfrddYB8TBp,IFCWALL,1.57
27Lo6h2UP65vjs4td1k_xZ,IFCBUILDINGELEMENTPROXY,1.12
3L$Sj8Ky577w1z8YH1ADac,IFCWALL,17.33
0l1uiLxhf6Sh$CRbsdNO6i,IFCSLAB,46.94
0l1uiLxhf6Sh$CRbsdNPvN,IFCSLAB,46.94
0aBbP80_amuy_8rv5Or6KA,IFCSLAB,46.94
0LC$9$2dX7$gor7712Gh59,IFCWALL,148.06
1dKu5zsdHE_A8Pn$AaqhWO,IFCBUILDINGELEMENTPROXY,0.26
1dKu5zsdHE_A8Pn$AaqhXC,IFCBUILDINGELEMENTPROXY,0.26
1dKu5zsdHE_A8Pn$Aaqe9s,IFCWALL,30.84
1dKu5zsdHE_A8Pn$Aaqe9N,IFCWALL,30
1dKu5zsdHE_A8Pn$AaqewA,IFCWALL,30.84
2xoycrPpH7EOfiZC0iDSJV,IFCSLAB,157.84
2xoycrPpH7EOfiZC0iDSip,IFCWALL,108.33
2jg$LpiXP4uAnmZpMT4qkn,IFCWALL,116.03
1T5Wcb3F14If4LK98pJeHA,IFCWALL,81.71
1T5Wcb3F14If4LK98pJeFP,IFCWALL,74.95
0j49MZvDrAEu6uW6jnTMgJ,IFCLIGHTFIXTURE,210
0j49MZvDrAEu6uW6jnTML5,IFCLIGHTFIXTURE,210
0j49MZvDrAEu6uW6jnTML6,IFCLIGHTFIXTURE,210
1F$LJ2H2T0fOXe_NxuWisD,IFCWALL,113.75
0Lwxb_BUfALAc2_$BhZc2Q,IFCWALL,137.17
0Lwxb_BUfALAc2_$BhZc0y,IFCWALL,90.02
3IP1NcR8H1yQoZHEVfIrM5,IFCWALL,46.62
3IP1NcR8H1yQoZHEVfIrBw,IFCBUILDINGELEMENTPROXY,0.26
3IP1NcR8H1yQoZHEVfIrrH,IFCSLAB,232.57
3IP1NcR8H1yQoZHEVfIroS,IFCSLAB,232.57
37O9F6zDH7NuO6lYxEN7hy,IFCCOVERING,748.95
37O9F6zDH7NuO6lYxEN7g8,IFCBUILDINGELEMENTPROXY,0.26
37O9F6zDH7NuO6lYxEN7gc,IFCWALL,25.84
37O9F6zDH7NuO6lYxEN7fD,IFCLIGHTFIXTURE,210
3Pa9TWKvP7U8BPMR24iKHz,IFCLIGHTFIXTURE,210
0DciJ_E7T338RZ8d5_Z0Nm,IFCCOLUMN,1056
1df_AX8lj42QG_5UAC4gEO,IFCSLAB,1961.38
2KlzI5wW9AsOx8hJvqWNpb,IFCSLAB,947.84
31Lh0hm7f2YQiB4BjLDm7p,IFCSLAB,1247.36
1tz8JBV5H7GO6C798OW8Zf,IFCCOLUMN,2328
3KrCbdeP9BrvrXHbW923OG,IFCWALL,114.92
3KrCbdeP9BrvrXHbW9233F,IFCWALL,109.93
3vN2Fl6Az8C9cBZizN$Hdu,IFCCOLUMN,31.95
3vN2Fl6Az8C9cBZizN$Hdv,IFCCOLUMN,21.86
3vN2Fl6Az8C9cBZizN$HPk,IFCBUILDINGELEMENTPROXY,7.05
3vN2Fl6Az8C9cBZizN$HPh,IFCBUILDINGELEMENTPROXY,9.53
3vN2Fl6Az8C9cBZizN$HQM,IFCBUILDINGELEMENTPROXY,9.53
3vN2Fl6Az8C9cBZizN$HQV,IFCWALL,4.94
3vN2Fl6Az8C9cBZizN$HQ5,IFCWALL,5.83
0sv6eilCH3_O4lCqMBFNjf,IFCWALL,154.44
2Z1lN957z0auk_rV6OvZxQ,IFCCOLUMN,666.46
1WxmMlhj1Ekx2TYSO$R_mI,IFCBUILDINGELEMENTPROXY,0.33
0lBS_RELf3bxlpYw_dxYDI,IFCSLAB,4757.03
0q9es9kCD4oOj_kMIudRU7,IFCPLATE,191.69
00OcTh2YnDIRjBe1O3sIYc,IFCPLATE,191.69
0q9es9kCD4oOj_kMIudRSv,IFCMEMBER,15.95
00OcTh2YnDIRjBe1O3sIYS,IFCMEMBER,72.92
00OcTh2YnDIRjBe1O3sIZd,IFCMEMBER,15.95
00OcTh2YnDIRjBe1O3sIZY,IFCMEMBER,69.12
1opL0cRx9948CD5xxErNf4,IFCFURNITURE,480
2ch6GiTYr6ofWwBJULtRRa,IFCPLATE,44.24
2ch6GiTYr6ofWwBJULtROU,IFCMEMBER,69.12
2ch6GiTYr6ofWwBJULtRRV,IFCMEMBER,72.92
343IftMCP4UOCLPJnm95Bz,IFCWALL,1052.11
343IftMCP4UOCLPJnm955Y,IFCDOOR,744
343IftMCP4UOCLPJnm955t,IFCPLATE,44.24
343IftMCP4UOCLPJnm955n,IFCPLATE,44.24
343IftMCP4UOCLPJnm955P,IFCPLATE,191.69
343IftMCP4UOCLPJnm955A,IFCMEMBER,15.95
343IftMCP4UOCLPJnm954i,IFCMEMBER,36.84
343IftMCP4UOCLPJnm9547,IFCMEMBER,15.95
343IftMCP4UOCLPJnmEwxa,IFCMEMBER,72.92
04b3cqL6T7nASkHPv$no5l,IFCBUILDINGELEMENTPROXY,0.13
04b3cqL6T7nASkHPv$no5i,IFCBUILDINGELEMENTPROXY,0.82
04b3cqL6T7nASkHPv$no48,IFCMEMBER,51.27
04b3cqL6T7nASkHPv$no4F,IFCMEMBER,71.4
2pwDOOMab0WgF3Q0CIvrGW,IFCMEMBER,54.69
04b3cqL6T7nASkHPv$no4i,IFCMEMBER,54.69
04b3cqL6T7nASkHPv$nox6,IFCMEMBER,71.4
04b3cqL6T7nASkHPv$noxL,IFCMEMBER,54.69
2pwDOOMab0WgF3Q0CIvrV6,IFCMEMBER,58.49
2pwDOOMab0WgF3Q0CIvrVE,IFCMEMBER,54.69
1yjzQ_fH5D2ulNYAuuyBZQ,IFCPLATE,133.7
1yjzQ_fH5D2ulNYAuuyBaa,IFCPLATE,133.7
04b3cqL6T7nASkHPv$noww,IFCMEMBER,2.31
04b3cqL6T7nASkHPv$nowy,IFCMEMBER,2.31
04b3cqL6T7nASkHPv$nov6,IFCMEMBER,2.31
04b3cqL6T7nASkHPv$novY,IFCMEMBER,4.68
04b3cqL6T7nASkHPv$novd,IFCMEMBER,4.68
04b3cqL6T7nASkHPv$nou7,IFCMEMBER,4.68
04b3cqL6T7nASkHPv$nouC,IFCMEMBER,2.31
1yjzQ_fH5D2ulNYAuuyBan,IFCMEMBER,4.68
04b3cqL6T7nASkHPv$no$B,IFCPLATE,133.7
1yjzQ_fH5D2ulNYAuuyBvu,IFCMEMBER,115.45
04b3cqL6T7nASkHPv$no$K,IFCPLATE,133.7
04b3cqL6T7nASkHPv$no$U,IFCPLATE,133.7
04b3cqL6T7nASkHPv$no$W,IFCPLATE,133.7
04b3cqL6T7nASkHPv$no$c,IFCPLATE,133.7
04b3cqL6T7nASkHPv$no$l,IFCPLATE,63.68
04b3cqL6T7nASkHPv$no$w,IFCMEMBER,2.31
04b3cqL6T7nASkHPv$no_X,IFCMEMBER,4.68
04b3cqL6T7nASkHPv$no_u,IFCMEMBER,1.73
04b3cqL6T7nASkHPv$no_y,IFCMEMBER,4.68
04b3cqL6T7nASkHPv$noz4,IFCMEMBER,2.37
1yjzQ_fH5D2ulNYAuuyBuk,IFCMEMBER,2.31
04b3cqL6T7nASkHPv$nozy,IFCPLATE,47.5
1yjzQ_fH5D2ulNYAuuyBbB,IFCMEMBER,115.45
04b3cqL6T7nASkHPv$nopw,IFCMEMBER,4.68
04b3cqL6T7nASkHPv$noo7,IFCMEMBER,4.68
04b3cqL6T7nASkHPv$noo9,IFCMEMBER,2.37
04b3cqL6T7nASkHPv$nooI,IFCMEMBER,4.68
04b3cqL6T7nASkHPv$nooG,IFCMEMBER,4.68
1yjzQ_fH5D2ulNYAuuyBbi,IFCMEMBER,2.37
1yjzQ_fH5D2ulNYAuuyBbn,IFCMEMBER,4.68
2B9ggR9Lj4EhSARQFirukp,IFCMEMBER,115.45
04b3cqL6T7nASkHPv$nonp,IFCMEMBER,1
04b3cqL6T7nASkHPv$nonm,IFCMEMBER,4.68
04b3cqL6T7nASkHPv$nonv,IFCMEMBER,2.17
2B9ggR9Lj4EhSARQFirulY,IFCMEMBER,2.37
2B9ggR9Lj4EhSARQFirulZ,IFCMEMBER,2.4
04b3cqL6T7nASkHPv$nomt,IFCMEMBER,2.43
04b3cqL6T7nASkHPv$not3,IFCMEMBER,4.68
04b3cqL6T7nASkHPv$not5,IFCMEMBER,2.17
04b3cqL6T7nASkHPv$notA,IFCMEMBER,2.17
04b3cqL6T7nASkHPv$notM,IFCMEMBER,4.68
0swtehvpv5Xh4hPQqBXFXt,IFCMEMBER,2.17
04b3cqL6T7nASkHPv$notZ,IFCWALL,522.24
04b3cqL6T7nASkHPv$note,IFCPLATE,26.39
04b3cqL6T7nASkHPv$noti,IFCPLATE,133.7
04b3cqL6T7nASkHPv$notn,IFCPLATE,133.7
04b3cqL6T7nASkHPv$nosF,IFCMEMBER,2.17
04b3cqL6T7nASkHPv$nosI,IFCMEMBER,1
04b3cqL6T7nASkHPv$noqu,IFCPLATE,133.7
04b3cqL6T7nASkHPv$nohS,IFCMEMBER,2.17
2NVDfmr3r0pwm4jNoJqP0T,IFCCOLUMN,1283.52
1OaMw_Cab2rxa6bHc83Ni_,IFCCOLUMN,389.75
0XunQJuDrCywXJ370JITF7,IFCFURNITURE,480
0XunQJuDrCywXJ370JITF0,IFCFURNITURE,480
0XunQJuDrCywXJ370JIT6c,IFCFURNITURE,480
1fk2n8nW54qPqxee3KMJct,IFCCOLUMN,488.95
3SnOVw7ojDZ8nnFzhqldiu,IFCMEMBER,56.71
3SnOVw7ojDZ8nnFzhqldi$,IFCMEMBER,83.17
3SnOVw7ojDZ8nnFzhqldip,IFCMEMBER,91.85
3SnOVw7ojDZ8nnFzhqld$T,IFCMEMBER,98.36
3SnOVw7ojDZ8nnFzhqldxz,IFCMEMBER,56.71
30dzunCuvCRADZXw6x9ovN,IFCLIGHTFIXTURE,210
30dzunCuvCRADZXw6x9orC,IFCLIGHTFIXTURE,210
30dzunCuvCRADZXw6x9oo$,IFCWALL,191.82
1dmOxKdxr3uPB111oWAmgn,IFCWALL,339.89
21$tDpUWDEtxLZIWIT_3C2,IFCBUILDINGELEMENTPROXY,1336.61
1dQuNrVRX7Z8lBw2sv8hoq,IFCSLAB,547.27
31rKK5OS94d9cPXIYeNUKl,IFCBUILDINGELEMENTPROXY,1.54
3k0mOVrxHEQhEN_aJoHyua,IFCWALL,689.13
1nMwdyzlT4AuQ_X$HWZFMX,IFCBUILDINGELEMENTPROXY,1.35
07qCfCfOH2$9ZHLwxaU8R$,IFCDOOR,2127.02
1nVAY8og5DUQW261No7qjz,IFCWALL,2308.01
0s9hxL8vH4AQpm7LXCLPLB,IFCWALL,448.29
0s9hxL8vH4AQpm7LXCLP1u,IFCFURNITURE,480
0s9hxL8vH4AQpm7LXCLOw0,IFCDOOR,1744.34
3sST0Bh_12DO2tp_YPi3$3,IFCDOOR,1760.43
15xKUPqIHAl8uhdIa8aDuF,IFCWALL,945.75
15xKUPqIHAl8uhdIa8aDZQ,IFCWALL,123.77
15xKUPqIHAl8uhdIa8a2yz,IFCROOF,80830.73
0K0FV0u6b9L9sDGL7lHFs9,IFCWALL,9.75
28fEL2KJH3nefH9oQJhuQr,IFCBUILDINGELEMENTPROXY,34.01
28fEL2KJH3nefH9oQJhuQz,IFCFURNITURE,480
28fEL2KJH3nefH9oQJhuS$,IFCFURNITURE,480
321qo6Jt58aRGW1V_saw29,IFCWALL,31.69
321qo6Jt58aRGW1V_saw2b,IFCBUILDINGELEMENTPROXY,0.69
321qo6Jt58aRGW1V_sawAw,IFCWALL,24.68
321qo6Jt58aRGW1V_sawAk,IFCFURNITURE,480
321qo6Jt58aRGW1V_sawBQ,IFCBUILDINGELEMENTPROXY,4.31
321qo6Jt58aRGW1V_sawCJ,IFCBUILDINGELEMENTPROXY,0.93
321qo6Jt58aRGW1V_sawCS,IFCBUILDINGELEMENTPROXY,16.02
321qo6Jt58aRGW1V_sawCz,IFCWALL,46.77
321qo6Jt58aRGW1V_sawCg,IFCFURNITURE,480
321qo6Jt58aRGW1V_sawDM,IFCBUILDINGELEMENTPROXY,0.69
321qo6Jt58aRGW1V_sawD9,IFCWALL,34.13
321qo6Jt58aRGW1V_sawO2,IFCDOOR,1513.13
1sqRaCGxn09vsPk5LktLAI,IFCWALL,29.48
1sqRaCGxn09vsPk5LktLJ5,IFCWALL,30.16
2gDGg7MA90nQHvffsvVo2P,IFCWINDOW,2707.41
2DrlDkmyDFLerHNnIG0pt5,IFCWINDOW,2707.41
2DrlDkmyDFLerHNnIG0pVx,IFCFURNITURE,480
2DrlDkmyDFLerHNnIG0pI7,IFCWALL,30.47
2DrlDkmyDFLerHNnIG0pBq,IFCDOOR,1513.13
31rKK5OS94d9cPXIYeNUQ7,IFCDOOR,1849.63
3k0mOVrxHEQhEN_aJoHy_D,IFCWALL,135.71
3xbSKSbm992xp_6Cq9s$3Q,IFCBUILDINGELEMENTPROXY,11.54
0U4XQxUbT6Kgsr80BN4mQn,IFCWALL,281.57
0U4XQxUbT6Kgsr80BN4mQm,IFCWALL,34.13
0U4XQxUbT6Kgsr80BN4mqJ,IFCBUILDINGELEMENTPROXY,16.02
0U4XQxUbT6Kgsr80BN4mr_,IFCWALL,259.19
04b3cqL6T7nASkHPv$nog9,IFCBUILDINGELEMENTPROXY,1.15
04b3cqL6T7nASkHPv$nogT,IFCBUILDINGELEMENTPROXY,0.13
04b3cqL6T7nASkHPv$nogd,IFCBUILDINGELEMENTPROXY,1.15
04b3cqL6T7nASkHPv$noge,IFCWALL,4304.41
04b3cqL6T7nASkHPv$nogz,IFCWALL,237.04
2HJPHz$LL92Ori_VKXvnBI,IFCBUILDINGELEMENTPROXY,0.08
2BVeQ1SqP5AhTNOyGjrJYT,IFCBUILDINGELEMENTPROXY,3.77
2BVeQ1SqP5AhTNOyGjrJYR,IFCWALL,36.51
0miuAs27j0Uv$d9Nf9LTfK,IFCBUILDINGELEMENTPROXY,3890.58
3Ff9G3z7n2P9bWgey4$We3,IFCWALL,151.34
3Ff9G3z7n2P9bWgey4$WiP,IFCDOOR,1457.23
0J0FBtEb5BPAoy2Q8c1ZIC,IFCFURNITURE,480
0J0FBtEb5BPAoy2Q8c1ZDj,IFCFURNITURE,480
0J0FBtEb5BPAoy2Q8c1Z6Q,IFCWINDOW,3566.86
1YueUxVJH8SwhLiH$TP6t9,IFCWALL,143.18
1YueUxVJH8SwhLiH$TP6lG,IFCWALL,82.39
1do79UPsT5QgT3kMg0ohrj,IFCFURNITURE,480
1do79UPsT5QgT3kMg0ohol,IFCBUILDINGELEMENTPROXY,34.01
1do79UPsT5QgT3kMg0ohom,IFCBUILDINGELEMENTPROXY,16.02
1do79UPsT5QgT3kMg0ohuj,IFCWALL,349.66
3x08GjNxXAUwp6Nup35knu,IFCFURNITURE,480
2XHYIYzAHChPcvcG26L_7o,IFCFURNITURE,480
2XHYIYzAHChPcvcG26L_xP,IFCWALL,128.53
2Ytno7yd91dQAhhP73Exwr,IFCBUILDINGELEMENTPROXY,34.01
3eqETIWmT5yuBevKr2Xx3$,IFCWALL,125.98
2_V46gFRv1gwDUl815brI7,IFCWALL,119.67
1osuz$c1TCrANt0okqklig,IFCWALL,156.03
1osuz$c1TCrANt0okqklo3,IFCWALL,127.38
0dqh5oTcz4aP$fn7IYtJUf,IFCCOLUMN,1956.11
3VCA17cZnE4hOgUPEreCfE,IFCSLAB,10.7
3hp0n4A8TDgA1zjPqpQNU3,IFCSLAB,12.85
2j9OZGnbLExvPQRPWwI1Vg,IFCWALL,320.02
3RKbg7mVv5KOhSWj4h$MQ$,IFCCURTAINWALL,10356.02
3RKbg7mVv5KOhSWj4h$MQL,IFCMEMBER,72.94
02a5zYLwD3j9mC$YV6woGu,IFCMEMBER,39.19
2uA1QuTrD56OjKrY65ZNTl,IFCBUILDINGELEMENTPROXY,0.08
2uA1QuTrD56OjKrY65ZN2d,IFCBUILDINGELEMENTPROXY,1.46
2N7xfFaC50whzFTIT6WTsN,IFCWALL,566.11
2Nacuo19H4IAx5s3kv9C0E,IFCBUILDINGELEMENTPROXY,0.07
0fb8ht1cj4oRHWJZerVZJi,IFCPLATE,15.03
1zaxyAqU13Vwe7hlENZDq0,IFCBUILDINGELEMENTPROXY,400
3scyhg1aT4f8EoxA1HN_ZY,IFCRAILING,620
1NGzS61N_RGh1fER_9uIRG,IFCSTAIR,4200
02lo9sjvz8BucIIDWsvK_G,IFCMEMBER,350
1dKu5zsdHE_A8Pn$Aaqex3,IFCBUILDINGELEMENTPROXY,400
37O9F6zDH7NuO6lYxEN7f0,IFCBUILDINGELEMENTPROXY,400
31rKK5OS94d9cPXIYeNUTB,IFCMEMBER,350
37O9F6zDH7NuO6lYxEN7g1,IFCBUILDINGELEMENTPROXY,400
0xFNQ8PGTBT9zQcWRoy5DQ,IFCRAILING,620
2MGIpRi0XEXwECOTNgozfF,IFCSLAB,1200
0XBFHnQe93rRA990qV0P00,IFCSLAB,1200
0yWZ5pCYf0h8ACXcZFmkZ2,IFCMEMBER,350
0p_ez7$kb1fQ0sr1Uds03g,IFCMEMBER,350
34lqDYnzHB3wmZslDJwl1h,IFCBUILDINGELEMENTPROXY,400
3IP1NcR8H1yQoZHEVfIrrN,IFCBUILDINGELEMENTPROXY,400
2MGIpRi0XEXwECOTNgozgq,IFCSTAIR,4200
2Qub3vESL3gAodKa8iqiN0,IFCSTAIR,4200
3Bxp5ghKvCwvJzWj51IswE,IFCBUILDINGELEMENTPROXY,400
3IP1NcR8H1yQoZHEVfIro3,IFCBUILDINGELEMENTPROXY,400
3Pa9TWKvP7U8BPMR24iKbk,IFCBUILDINGELEMENTPROXY,400
2MGIpRi0XEXwECOTNgoztx,IFCRAILING,620
11qQrX$zDAqxSsCbLSxN2y,IFCBUILDINGELEMENTPROXY,400
0yWZ5pCYf0h8ACXcZFmkhP,IFCRAILING,620
2__hsBvi93GQDW6bhfR1UU,IFCRAILING,620
2MGIpRi0XEXwECOTNgozgm,IFCMEMBER,350
1zaxyAqU13Vwe7hlENZDmH,IFCBUILDINGELEMENTPROXY,400
3IP1NcR8H1yQoZHEVfIrqd,IFCBUILDINGELEMENTPROXY,400
0xFNQ8PGTBT9zQcWRoy59W,IFCRAILING,620
2I7Auyk8bCgAfwQpXOR$9w,IFCBUILDINGELEMENTPROXY,400
3IP1NcR8H1yQoZHEVfIrM9,IFCBUILDINGELEMENTPROXY,400
22T8RHjlP7sPxAvJUQWvsq,IFCBUILDINGELEMENTPROXY,400
3NdzuXE2H1uQALH6Qlqt$B,IFCBUILDINGELEMENTPROXY,400
2rxIJoCKz1uRo5QAkJ6WIL,IFCBUILDINGELEMENTPROXY,400
3fIyBYh7fB78nAzlrPVUqa,IFCBUILDINGELEMENTPROXY,400
2Mrobxeq1B$fFXXodQxPd$,IFCBUILDINGELEMENTPROXY,400
2LDPNirxb6Uv4e97Wb9a_T,IFCBUILDINGELEMENTPROXY,400
2pj1md3xH86x$$GzhW8nHW,IFCBUILDINGELEMENTPROXY,400
2MGIpRi0XEXwECOTNgozic,IFCRAILING,620
198A6fkYNqwjtAp7eTLUMi,IFCRAILING,620
0d_HunAzzAPg4$RxtR7pej,IFCRAILING,620
0O5ZCyMCrCOQ6uiL7qfhZX,IFCRAILING,620
2LDPNirxb6Uv4e97Wb9adJ,IFCBUILDINGELEMENTPROXY,400
1zaxyAqU13Vwe7hlENZC9C,IFCBUILDINGELEMENTPROXY,400
22T8RHjlP7sPxAvJUQWvss,IFCBUILDINGELEMENTPROXY,400
31rKK5OS94d9cPXIYeNUTD,IFCMEMBER,350
3Bxp5ghKvCwvJzWj51IsyH,IFCBUILDINGELEMENTPROXY,400
37O9F6zDH7NuO6lYxEN7hb,IFCBUILDINGELEMENTPROXY,400
0QT0LG8v1CFuxBgCmuWg3R,IFCBUILDINGELEMENTPROXY,400
11qQrX$zDAqxSsCbLSxN8Z,IFCBUILDINGELEMENTPROXY,400
1nMwdyzlT4AuQ_X$HWZFAj,IFCRAILING,620
112$d87LbAS80iXUHBv_qI,IFCRAILING,620
3LZOmf0A98PeT3v$HqSMrM,IFCMEMBER,350
31rKK5OS94d9cPXIYeNUed,IFCMEMBER,350
3Pa9TWKvP7U8BPMR24iKbj,IFCBUILDINGELEMENTPROXY,400
1pajSausftQCGb5pSlZ47D,IFCRAILING,620
1avhRfmw91wxWQrhU4W25i,IFCRAILING,620
07wyILAHGkxksVamiX9eHx,IFCMEMBER,350
02_CiyN659neOqt2G8OlzY,IFCMEMBER,350
37GMdP0mL40uWnJbTv8v8k,IFCBUILDINGELEMENTPROXY,400
3scyhg1aT4f8EoxA1HN$L$,IFCMEMBER,350
11qQrX$zDAqxSsCbLSxMjR,IFCBUILDINGELEMENTPROXY,400
1XeopoEmL4fQChMRbpTcBW,IFCCOVERING,1089.8
2jRUK7Mkb6Ue8A9OvpTGPE,IFCLIGHTFIXTURE,210
379n97ggH7Bxgna2953$CF,IFCLIGHTFIXTURE,210
2Wk83bCBP5xxmQhRC_$kXr,IFCCOVERING,231
29L_DeI4f1hfP6ODuq8dxx,IFCLIGHTFIXTURE,210
1ynIJTp3j41BnCd95bH$$o,IFCLIGHTFIXTURE,210
2i1ro43jr7TeCTnrJrjJ$A,IFCLIGHTFIXTURE,210
06fTk68cnA6vD9GRSabm7i,IFCLIGHTFIXTURE,210
06fTk68cnA6vD9GRSabm52,IFCLIGHTFIXTURE,210
2iprjJO5DFPPFZufOJpojL,IFCWALL,5.99
2Fie0ty599fxnsmWh4VkcB,IFCMEMBER,54.69
2Dmljw8uHCLBZQQu9H5f0S,IFCMEMBER,13.86
2Dmljw8uHCLBZQQu9H5f0O,IFCMEMBER,33.04
2Dmljw8uHCLBZQQu9H5fB6,IFCMEMBER,36.08
2Dmljw8uHCLBZQQu9H5fBv,IFCMEMBER,232.04
2Dmljw8uHCLBZQQu9H5fBu,IFCMEMBER,21.27
2Dmljw8uHCLBZQQu9H5f88,IFCMEMBER,21.27
2Dmljw8uHCLBZQQu9H5f9s,IFCPLATE,8.59
2Dmljw8uHCLBZQQu9H5f95,IFCMEMBER,114.12
2Dmljw8uHCLBZQQu9H5f8f,IFCMEMBER,52.86
2Dmljw8uHCLBZQQu9H5f9x,IFCPLATE,21.75
2Dmljw8uHCLBZQQu9H5f9N,IFCMEMBER,57.67
2Dmljw8uHCLBZQQu9H5fME,IFCMEMBER,36.46
2Dmljw8uHCLBZQQu9H5fMx,IFCMEMBER,54.69
2Dmljw8uHCLBZQQu9H5fNz,IFCMEMBER,19.75
2Dmljw8uHCLBZQQu9H5fKS,IFCMEMBER,24.69
2Dmljw8uHCLBZQQu9H5fMY,IFCPLATE,144.24
2Dmljw8uHCLBZQQu9H5fM9,IFCMEMBER,36.46
2Dmljw8uHCLBZQQu9H5fNT,IFCMEMBER,109.37
3WJfQUHe1A3x25MI_xeXnx,IFCLIGHTFIXTURE,210
3WJfQUHe1A3x25MI_xeWYP,IFCLIGHTFIXTURE,210
3WJfQUHe1A3x25MI_xeWYH,IFCLIGHTFIXTURE,210
3o5gkqdY9E6A2F1wtqtPL1,IFCLIGHTFIXTURE,210
1JU62QTXfD2RUOVIJGrI3B,IFCDOOR,2127.02
21U07TPLv4F9zfrV5Eunjy,IFCPLATE,282.04
21U07TPLv4F9zfrV5Euni0,IFCMEMBER,86.59
21U07TPLv4F9zfrV5Eunj9,IFCMEMBER,86.59
21U07TPLv4F9zfrV5EunoW,IFCMEMBER,86.9
0m3ylIKyvFIf90OJWdRds0,IFCFURNITURE,480
0m3ylIKyvFIf90OJWdRds3,IFCFURNITURE,480
0m3ylIKyvFIf90OJWdRdsD,IFCFURNITURE,480
0m3ylIKyvFIf90OJWdRdsE,IFCFURNITURE,480
0m3ylIKyvFIf90OJWdRdsI,IFCFURNITURE,480
0m3ylIKyvFIf90OJWdRdt4,IFCFURNITURE,480
0m3ylIKyvFIf90OJWdRdtK,IFCFURNITURE,480
0m3ylIKyvFIf90OJWdRdvH,IFCCOVERING,1794.54
0d_HunAzzAPg4$RxtR7pll,IFCSLAB,42.22
0d_HunAzzAPg4$RxtR7pfC,IFCBUILDINGELEMENTPROXY,0.27
0d_HunAzzAPg4$RxtR7pfk,IFCBUILDINGELEMENTPROXY,1.52
2F3zBK1BH8DBfhr$IH1Oba,IFCBUILDINGELEMENTPROXY,0.05
2F3zBK1BH8DBfhr$IH1Obx,IFCBUILDINGELEMENTPROXY,1.1
2F3zBK1BH8DBfhr$IH1OY1,IFCBUILDINGELEMENTPROXY,0.05
2F3zBK1BH8DBfhr$IH1OYT,IFCBUILDINGELEMENTPROXY,0.05
2F3zBK1BH8DBfhr$IH1OYv,IFCBUILDINGELEMENTPROXY,0.05
2F3zBK1BH8DBfhr$IH1OYt,IFCBUILDINGELEMENTPROXY,1.1
37O9F6zDH7NuO6lYxEN7eA,IFCLIGHTFIXTURE,210
30zSZjFxH19R7IhI893ras,IFCLIGHTFIXTURE,210
30zSZjFxH19R7IhI893raq,IFCLIGHTFIXTURE,210
30zSZjFxH19R7IhI893rgW,IFCLIGHTFIXTURE,210
30zSZjFxH19R7IhI893q03,IFCSLAB,206.13
2Dmljw8uHCLBZQQu9H5fN5,IFCMEMBER,120.2
1HuOQ2xWrE6xc43TABXjmI,IFCCOVERING,134.19
2hwXS543X12wPSDjg9UwTz,IFCLIGHTFIXTURE,210
3VPu6Q9HP8$RPQyOwZd3k7,IFCWALL,35.39
1sXdHX7zj82gQ8fyf1aZNO,IFCBUILDINGELEMENTPROXY,0.32
2MAHRuCXP51wFXs0k0D8sR,IFCPLATE,88.26
2MAHRuCXP51wFXs0k0D8sI,IFCMEMBER,51.27
2F3zBK1BH8DBfhr$IH1ObG,IFCBUILDINGELEMENTPROXY,0.05
0uSJAgBT1ABOFjSdJfHCPc,IFCBUILDINGELEMENTPROXY,0.05
0usV6tDDnFohq5PghQ5D2i,IFCBUILDINGELEMENTPROXY,1.12
0usV6tDDnFohq5PghQ5D2t,IFCBUILDINGELEMENTPROXY,1.12
3oWRtKgGH6quoh0HBRWZHj,IFCBUILDINGELEMENTPROXY,66.54
2xT4x5lXnBNxcZ5QZbxhPR,IFCWALL,0.28
34lqDYnzHB3wmZslDJweog,IFCWALL,1.84
34lqDYnzHB3wmZslDJwlE6,IFCWALL,1.06
359zRRFDT1vRiwFSrqNWKH,IFCLIGHTFIXTURE,210
359zRRFDT1vRiwFSrqNWU1,IFCLIGHTFIXTURE,210
0l1uiLxhf6Sh$CRbsdNP_p,IFCWALL,25.73
0LC$9$2dX7$gor7712GhJd,IFCWALL,156.89
0LC$9$2dX7$gor7712Gh53,IFCWALL,148.06
1dKu5zsdHE_A8Pn$AaqhXK,IFCBUILDINGELEMENTPROXY,0.26
1dKu5zsdHE_A8Pn$Aaqea4,IFCWALL,30.84
2IwkQqPBv4gBrbpLyAWDZO,IFCSLAB,990.67
3TrHpcVaX469YScxaCLoEW,IFCCOLUMN,206.47
1T5Wcb3F14If4LK98pJeHX,IFCWALL,84.8
0j49MZvDrAEu6uW6jnTM$0,IFCCOVERING,602.15
0j49MZvDrAEu6uW6jnTML4,IFCLIGHTFIXTURE,210
10$nTTYwHDYQgso2$xPFfL,IFCWALL,113.68
2I7Auyk8bCgAfwQpXOR$Ft,IFCLIGHTFIXTURE,210
2I7Auyk8bCgAfwQpXORyuP,IFCBUILDINGELEMENTPROXY,0.23
3IP1NcR8H1yQoZHEVfIrqY,IFCSLAB,232.57
37O9F6zDH7NuO6lYxEN7ga,IFCSLAB,230.58
37O9F6zDH7NuO6lYxEN7ft,IFCCOVERING,748.95
37O9F6zDH7NuO6lYxEN7fp,IFCWALL,24.93
3Pa9TWKvP7U8BPMR24iKbX,IFCWALL,25.25
2VbmknNWH5ueGyA7dIdxEC,IFCSLAB,42.22
112$d87LbAS80iXUHBv_AO,IFCWALL,4.49
3gHLBFe$DAO9PncuBtcZHP,IFCROOF,799.61
2iDLhta$L81R2nr_beeP_D,IFCSLAB,139.7
1df_AX8lj42QG_5UAC4g4m,IFCSLAB,947.84
12JTQ6iwH4lREbrYK8lL$Z,IFCSLAB,2050.75
1tz8JBV5H7GO6C798OW8aM,IFCWALL,15.61
3DXKBuZLPBzw30xfYN9uvr,IFCWALL,68.42
1_sv95voL5Pv5rmkwkZvLv,IFCCOLUMN,175.78
1_sv95voL5Pv5rmkwkZvLb,IFCCOLUMN,425.23
3vN2Fl6Az8C9cBZizN$HPj,IFCBUILDINGELEMENTPROXY,8.32
3vN2Fl6Az8C9cBZizN$HQG,IFCBUILDINGELEMENTPROXY,7.11
3vN2Fl6Az8C9cBZizN$HQO,IFCWALL,4.93
22T8RHjlP7sPxAvJUQWvZZ,IFCWALL,52.11
3NdzuXE2H1uQALH6Qlqtl2,IFCLIGHTFIXTURE,210
3WfYW5FlP7QuyLJ0RKDFi2,IFCWALL,117.82
3WfYW5FlP7QuyLJ0RKDFgD,IFCWALL,119.06
0q9es9kCD4oOj_kMIudRSz,IFCPLATE,44.24
0q9es9kCD4oOj_kMIudRSq,IFCPLATE,44.24
00OcTh2YnDIRjBe1O3sIXV,IFCPLATE,44.24
0q9es9kCD4oOj_kMIudRTq,IFCMEMBER,72.92
0q9es9kCD4oOj_kMIudRTY,IFCMEMBER,15.95
0q9es9kCD4oOj_kMIudRTb,IFCMEMBER,69.12
0q9es9kCD4oOj_kMIudRT2,IFCMEMBER,72.92
0q9es9kCD4oOj_kMIudRSh,IFCMEMBER,15.95
0q9es9kCD4oOj_kMIudRSZ,IFCMEMBER,72.92
00OcTh2YnDIRjBe1O3sIZZ,IFCMEMBER,15.95
2ch6GiTYr6ofWwBJULtRUq,IFCPLATE,6.02
2ch6GiTYr6ofWwBJULtROh,IFCMEMBER,21.65
2ch6GiTYr6ofWwBJULtROM,IFCMEMBER,72.92
2ch6GiTYr6ofWwBJULtROO,IFCMEMBER,69.12
2ch6GiTYr6ofWwBJULtRO5,IFCMEMBER,70.73
2ch6GiTYr6ofWwBJULtRO4,IFCMEMBER,72.92
2ch6GiTYr6ofWwBJULtRRI,IFCMEMBER,21.65
343IftMCP4UOCLPJnm95Bx,IFCWALL,1076.23
343IftMCP4UOCLPJnm954j,IFCMEMBER,15.95
343IftMCP4UOCLPJnm9546,IFCMEMBER,15.95
343IftMCP4UOCLPJnm954E,IFCMEMBER,72.92
343IftMCP4UOCLPJnmEwxc,IFCMEMBER,72.92
343IftMCP4UOCLPJnmEwxY,IFCMEMBER,72.92
343IftMCP4UOCLPJnmEwxk,IFCMEMBER,72.92
343IftMCP4UOCLPJnmEwxj,IFCMEMBER,72.92
343IftMCP4UOCLPJnmEwxo,IFCMEMBER,15.95
343IftMCP4UOCLPJnmEwxy,IFCMEMBER,15.95
04b3cqL6T7nASkHPv$no5g,IFCWALL,69.07
04b3cqL6T7nASkHPv$no5j,IFCBUILDINGELEMENTPROXY,1.15
04b3cqL6T7nASkHPv$no4Q,IFCPLATE,104.17
04b3cqL6T7nASkHPv$no4V,IFCMEMBER,58.49
04b3cqL6T7nASkHPv$noxh,IFCWALL,86.47
04b3cqL6T7nASkHPv$nowW,IFCPLATE,133.7
04b3cqL6T7nASkHPv$nowl,IFCMEMBER,2.37
04b3cqL6T7nASkHPv$now_,IFCMEMBER,2.31
04b3cqL6T7nASkHPv$novI,IFCMEMBER,1.67
04b3cqL6T7nASkHPv$novQ,IFCMEMBER,4.68
04b3cqL6T7nASkHPv$nou8,IFCMEMBER,4.68
04b3cqL6T7nASkHPv$nouE,IFCMEMBER,2.31
1yjzQ_fH5D2ulNYAuuyBaZ,IFCMEMBER,2.4
1yjzQ_fH5D2ulNYAuuyBae,IFCMEMBER,2.31
04b3cqL6T7nASkHPv$no$8,IFCPLATE,133.7
04b3cqL6T7nASkHPv$noux,IFCMEMBER,2.4
04b3cqL6T7nASkHPv$no_I,IFCMEMBER,2.31
04b3cqL6T7nASkHPv$no_R,IFCMEMBER,1.67
04b3cqL6T7nASkHPv$no_l,IFCMEMBER,4.68
04b3cqL6T7nASkHPv$nozE,IFCMEMBER,4.68
04b3cqL6T7nASkHPv$nozM,IFCMEMBER,2.31
1yjzQ_fH5D2ulNYAuuyBb9,IFCMEMBER,51.65
04b3cqL6T7nASkHPv$noyX,IFCPLATE,133.7
04b3cqL6T7nASkHPv$noyo,IFCPLATE,133.7
04b3cqL6T7nASkHPv$nop7,IFCMEMBER,2.31
04b3cqL6T7nASkHPv$nopZ,IFCMEMBER,4.68
04b3cqL6T7nASkHPv$nopr,IFCMEMBER,4.68
1yjzQ_fH5D2ulNYAuuyBb$,IFCMEMBER,4.68
04b3cqL6T7nASkHPv$nomU,IFCCURTAINWALL,14680.11
04b3cqL6T7nASkHPv$nomi,IFCPLATE,133.7
04b3cqL6T7nASkHPv$nomq,IFCMEMBER,2.31
04b3cqL6T7nASkHPv$nomu,IFCMEMBER,2.31
04b3cqL6T7nASkHPv$not4,IFCMEMBER,4.68
04b3cqL6T7nASkHPv$notG,IFCMEMBER,2.17
0swtehvpv5Xh4hPQqBXFXv,IFCMEMBER,4.68
04b3cqL6T7nASkHPv$notY,IFCBUILDINGELEMENTPROXY,1.15
04b3cqL6T7nASkHPv$nos1,IFCMEMBER,2.31
04b3cqL6T7nASkHPv$nos6,IFCMEMBER,0.94
04b3cqL6T7nASkHPv$nos8,IFCMEMBER,4.68
04b3cqL6T7nASkHPv$nor1,IFCBUILDINGELEMENTPROXY,0.13
04b3cqL6T7nASkHPv$norB,IFCBUILDINGELEMENTPROXY,1.15
04b3cqL6T7nASkHPv$norP,IFCPLATE,92.59
04b3cqL6T7nASkHPv$noqT,IFCWALL,3106.68
04b3cqL6T7nASkHPv$noqj,IFCPLATE,26.39
04b3cqL6T7nASkHPv$noh6,IFCMEMBER,2.43
0l1N2UgEH9ygmysH$kBE$1,IFCCOLUMN,628.83
2NVDfmr3r0pwm4jNoJqPmQ,IFCBUILDINGELEMENTPROXY,6.41
0XunQJuDrCywXJ370JITEC,IFCFURNITURE,480
0XunQJuDrCywXJ370JIT6b,IFCFURNITURE,480
22Gx_RTqTArPWCEi3QY9bv,IFCWALL,94.45
1dQuNrVRX7Z8lBw2sv8jsC,IFCLIGHTFIXTURE,210
24UQUejir30hZbTvW6h7YA,IFCWALL,205.72
3SnOVw7ojDZ8nnFzhqldie,IFCMEMBER,42.91
3SnOVw7ojDZ8nnFzhqldij,IFCMEMBER,56.71
3SnOVw7ojDZ8nnFzhqldi_,IFCMEMBER,54.1
3SnOVw7ojDZ8nnFzhqldes,IFCMEMBER,43.12
3SnOVw7ojDZ8nnFzhqlder,IFCMEMBER,25.44
3SnOVw7ojDZ8nnFzhqldxo,IFCMEMBER,24.31
3SnOVw7ojDZ8nnFzhqldGv,IFCMEMBER,28.86
3SnOVw7ojDZ8nnFzhqlcip,IFCMEMBER,20.7
2BByksCr15Dg4KZP6dXlgy,IFCWALL,4354.51
1hbrug3lrBQg4H$5a6sWhB,IFCSLAB,2.91
1PXhyobVjFBBmnnrKsD41l,IFCBUILDINGELEMENTPROXY,16.97
3MtS$kY6L9TutOnr8iopUC,IFCSLAB,205.19
1nMwdyzlT4AuQ_X$HWZCkg,IFCWALL,793.68
15yYit$qr3jes0JF4Uq15Z,IFCWALL,3755.95
0s9hxL8vH4AQpm7LXCLP3R,IFCFURNITURE,480
15xKUPqIHAl8uhdIa8aC1X,IFCWALL,5399.8
15xKUPqIHAl8uhdIa8aDk$,IFCWALL,286.47
15xKUPqIHAl8uhdIa8aD55,IFCWALL,889.95
15xKUPqIHAl8uhdIa8aD0K,IFCWALL,993.89
1Un9ptyoX1vey29ZkM5Ab8,IFCBUILDINGELEMENTPROXY,0.19
1Un9ptyoX1vey29ZkM5AbB,IFCBUILDINGELEMENTPROXY,0.19
1Un9ptyoX1vey29ZkM5AZ0,IFCBUILDINGELEMENTPROXY,0.19
1Un9ptyoX1vey29ZkM5A_n,IFCBUILDINGELEMENTPROXY,0.19
0nH$5MkGj3a9cdFf5Hm4ny,IFCDOOR,1849.63
0K0FV0u6b9L9sDGL7lHFsP,IFCWALL,1905.7
0K0FV0u6b9L9sDGL7lHD0O,IFCBUILDINGELEMENTPROXY,34.01
0K0FV0u6b9L9sDGL7lH9SX,IFCBUILDINGELEMENTPROXY,63.35
0K0FV0u6b9L9sDGL7lH9vz,IFCBUILDINGELEMENTPROXY,4.31
28fEL2KJH3nefH9oQJhuQ9,IFCWALL,31.69
28fEL2KJH3nefH9oQJhuS9,IFCFURNITURE,480
321qo6Jt58aRGW1V_saw2E,IFCWALL,31.69
321qo6Jt58aRGW1V_sawAL,IFCFURNITURE,480
321qo6Jt58aRGW1V_sawAo,IFCWALL,31.69
321qo6Jt58aRGW1V_sawDq,IFCBUILDINGELEMENTPROXY,34.01
321qo6Jt58aRGW1V_sawDd,IFCBUILDINGELEMENTPROXY,0.69
321qo6Jt58aRGW1V_sawMM,IFCDOOR,1513.13
321qo6Jt58aRGW1V_sawPp,IFCWALL,123.77
3aJHYCIlHAIBfmGnzR8c2i,IFCDOOR,1647.37
1sqRaCGxn09vsPk5LktIpr,IFCSLAB,185.38
1sqRaCGxn09vsPk5LktLOH,IFCFURNITURE,480
1sqRaCGxn09vsPk5LktLW1,IFCFURNITURE,480
3kc6SqM9H57QHDXaSHOx6R,IFCWINDOW,2707.41
2DrlDkmyDFLerHNnIG0ppU,IFCWINDOW,2707.41
2DrlDkmyDFLerHNnIG0pkq,IFCWALL,151.2
2DrlDkmyDFLerHNnIG0pXe,IFCDOOR,1768.73
2DrlDkmyDFLerHNnIG0pS7,IFCBUILDINGELEMENTPROXY,0.69
3k0mOVrxHEQhEN_aJoHypB,IFCDOOR,1768.73
3xbSKSbm992xp_6Cq9s$3V,IFCBUILDINGELEMENTPROXY,11.54
3xbSKSbm992xp_6Cq9s$30,IFCBUILDINGELEMENTPROXY,12.48
0U4XQxUbT6Kgsr80BN4mQo,IFCFURNITURE,480
0U4XQxUbT6Kgsr80BN4mnS,IFCBUILDINGELEMENTPROXY,1.11
0U4XQxUbT6Kgsr80BN4mnU,IFCBUILDINGELEMENTPROXY,16.02
0U4XQxUbT6Kgsr80BN4mnO,IFCBUILDINGELEMENTPROXY,63.35
0U4XQxUbT6Kgsr80BN4mqf,IFCFURNITURE,480
0U4XQxUbT6Kgsr80BN4mqG,IFCWALL,43.5
0U4XQxUbT6Kgsr80BN4mrk,IFCBUILDINGELEMENTPROXY,16.02
0U4XQxUbT6Kgsr80BN4mra,IFCFURNITURE,480
04b3cqL6T7nASkHPv$nohk,IFCMEMBER,4.68
0swtehvpv5Xh4hPQqBXFYB,IFCMEMBER,2.4
04b3cqL6T7nASkHPv$nog3,IFCBUILDINGELEMENTPROXY,0.82
04b3cqL6T7nASkHPv$nogG,IFCWALL,1231.19
04b3cqL6T7nASkHPv$nogq,IFCBUILDINGELEMENTPROXY,0.82
04b3cqL6T7nASkHPv$nofI,IFCWALL,106.61
2BVeQ1SqP5AhTNOyGjrJYJ,IFCBUILDINGELEMENTPROXY,12.17
2BVeQ1SqP5AhTNOyGjrJY_,IFCBUILDINGELEMENTPROXY,3.51
3Ff9G3z7n2P9bWgey4$WZS,IFCDOOR,1457.23
3Ff9G3z7n2P9bWgey4$WnG,IFCBUILDINGELEMENTPROXY,1.75
0J0FBtEb5BPAoy2Q8c1ZEX,IFCFURNITURE,480
1wCEYt3qz4oQ7dd0hslcqN,IFCFURNITURE,480
1wCEYt3qz4oQ7dd0hslcqM,IFCFURNITURE,480
1wCEYt3qz4oQ7dd0hslcq9,IFCFURNITURE,480
3HG04Ne1b5W8ZXjO0Xv6Gd,IFCDOOR,1849.63
3UWv$DRqb5r9d6smiWX_JK,IFCWALL,9.97
1YueUxVJH8SwhLiH$TP6pH,IFCWALL,50.18
3Exf$uKEj6vBh5DuRp1ROl,IFCWALL,96.6
1do79UPsT5QgT3kMg0ohor,IFCBUILDINGELEMENTPROXY,33.39
1do79UPsT5QgT3kMg0ohpV,IFCFURNITURE,480
1do79UPsT5QgT3kMg0ohpg,IFCFURNITURE,480
1do79UPsT5QgT3kMg0ohpk,IFCBUILDINGELEMENTPROXY,0.69
1do79UPsT5QgT3kMg0ohuo,IFCWALL,349.66
1do79UPsT5QgT3kMg0ohur,IFCWALL,127.38
2XHYIYzAHChPcvcG26L_72,IFCFURNITURE,480
2XHYIYzAHChPcvcG26L_$3,IFCWALL,9.73
2Ytno7yd91dQAhhP73Exwe,IFCFURNITURE,480
3eqETIWmT5yuBevKr2XxPn,IFCWALL,65.19
2T6jb8H4fEr9KuKgMsHRIy,IFCWALL,1254.04
0dqh5oTcz4aP$fn7IYtJ8J,IFCCOLUMN,1060
0stYUSRTn5hRP77Rc$SXeg,IFCCOLUMN,250
0stYUSRTn5hRP77Rc$SY1k,IFCCOLUMN,553.47
3VCA17cZnE4hOgUPEreCaQ,IFCSLAB,8.22
3VCA17cZnE4hOgUPEreCeX,IFCSLAB,21.81
0mlMV$YD96HATmmaM7Gcne,IFCBUILDINGELEMENTPROXY,0.19
1zjKbiVkf1oPvTxOFraFXi,IFCSLAB,688.72
2jtQFeVJ1Bz8UWF8lVSB1R,IFCWALL,191.32
0UGxX1kPL6sx7IPcItoIWP,IFCWALL,193.19
3RKbg7mVv5KOhSWj4h$86F,IFCPLATE,100.86
02a5zYLwD3j9mC$YV6wo8K,IFCCOVERING,194.63
2uA1QuTrD56OjKrY65ZNTO,IFCWINDOW,3470.25
2Nacuo19H4IAx5s3kv9C7L,IFCWINDOW,3470.25
2Nacuo19H4IAx5s3kv9C7J,IFCBUILDINGELEMENTPROXY,0.08
2Nacuo19H4IAx5s3kv9COY,IFCWALL,6.52
2Nacuo19H4IAx5s3kv9Cfg,IFCWALL,25.74
040pYaAfP5UfxiZy_buDoR,IFCWALL,150.77
0fb8ht1cj4oRHWJZerVZTj,IFCMEMBER,45.57
0m0pXsvXb5xv$2ui6N15n$,IFCRAILING,620
1UWxiaL6n2IvHI9Y0lqOOI,IFCSLAB,1200
02_CiyN659neOqt2G8Olzv,IFCMEMBER,350
37O9F6zDH7NuO6lYxEN7gA,IFCBUILDINGELEMENTPROXY,400
3scyhg1aT4f8EoxA1HN$Lz,IFCMEMBER,350
3oWRtKgGH6quoh0HBRWZPQ,IFCBUILDINGELEMENTPROXY,400
3kc6SqM9H57QHDXaSHOqFz,IFCRAILING,620
0m0pXsvXb5xv$2ui6N15nx,IFCRAILING,620
3MtS$kY6L9TutOnr0iopPi,IFCSLAB,1200
24t60vxTTEaBt3p99Y_G2x,IFCBUILDINGELEMENTPROXY,400
3scyhg1aT4f8EoxA1HN$Gd,IFCSTAIR,4200
3IP1NcR8H1yQoZHEVfIron,IFCBUILDINGELEMENTPROXY,400
0JyMPP2zL4IAnCaufeb8P4,IFCBUILDINGELEMENTPROXY,400
31rKK5OS94d9cPXIYeNUTC,IFCMEMBER,350
2I7Auyk8bCgAfwQpXOR$9x,IFCBUILDINGELEMENTPROXY,400
0WpdaO$PjBJRoYSnKb1Wfp,IFCBUILDINGELEMENTPROXY,400
11qQrX$zDAqxSsCbLSxNId,IFCBUILDINGELEMENTPROXY,400
31rKK5OS94d9cPXIYeNUT0,IFCMEMBER,350
0eDgNlL91F2QoCDuZZMBpF,IFCBUILDINGELEMENTPROXY,400
37O9F6zDH7NuO6lYxEN7ex,IFCBUILDINGELEMENTPROXY,400
0O5ZCyMCrCOQ6uiL7qfha3,IFCRAILING,620
1dQuNrVRX7Z8lBw2sv8ieE,IFCBUILDINGELEMENTPROXY,400
18E6Eks41DRfnhuMF6_vqo,IFCBUILDINGELEMENTPROXY,400
37O9F6zDH7NuO6lYxEN7gW,IFCBUILDINGELEMENTPROXY,400
11qQrX$zDAqxSsCbLSxNIY,IFCBUILDINGELEMENTPROXY,400
1JU62QTXfD2RUOVIJGrICf,IFCMEMBER,350
1XeopoEmL4fQChMRbpTc4x,IFCMEMBER,350
37O9F6zDH7NuO6lYxEN7ha,IFCBUILDINGELEMENTPROXY,400
1YpT8RiCzEtvfm84izHoIh,IFCBUILDINGELEMENTPROXY,400
22T8RHjlP7sPxAvJUQWveP,IFCBUILDINGELEMENTPROXY,400
3rEcuqkUPA6BPrOCMOGNme,IFCRAILING,620
2LDPNirxb6Uv4e97Wb9aFG,IFCBUILDINGELEMENTPROXY,400
2edGu3VRXAYQxyAyIU130O,IFCRAILING,620
2Z1lN957z0auk_rV6OvZPD,IFCRAILING,620
37O9F6zDH7NuO6lYxEN78m,IFCBUILDINGELEMENTPROXY,400
1avhRfmw91wxWQrhU4W2FT,IFCRAILING,620
2MGIpRi0XEXwECOTNgoznk,IFCMEMBER,350
3scyhg1aT4f8EoxA1HN$IA,IFCMEMBER,350
0d_HunAzzAPg4$RxtR7pkM,IFCRAILING,620
11qQrX$zDAqxSsCbLSxMjQ,IFCBUILDINGELEMENTPROXY,400
1XeopoEmL4fQChMRbpTc9n,IFCDOOR,1838.07
2jRUK7Mkb6Ue8A9OvpTGVZ,IFCLIGHTFIXTURE,210
29L_DeI4f1hfP6ODuq8daf,IFCLIGHTFIXTURE,210
1ynIJTp3j41BnCd95bH$nO,IFCLIGHTFIXTURE,210
1ynIJTp3j41BnCd95bH$nW,IFCLIGHTFIXTURE,210
1ynIJTp3j41BnCd95bH$$p,IFCLIGHTFIXTURE,210
2i1ro43jr7TeCTnrJrjJy8,IFCLIGHTFIXTURE,210
3b_GinbYTDwALWT66s67eV,IFCCOVERING,12.27
2Fie0ty599fxnsmWh4Vkcq,IFCPLATE,78.51
2Dmljw8uHCLBZQQu9H5f0P,IFCPLATE,101.95
2Dmljw8uHCLBZQQu9H5f3E,IFCPLATE,280
2Dmljw8uHCLBZQQu9H5f2g,IFCMEMBER,77.47
2Dmljw8uHCLBZQQu9H5f3C,IFCMEMBER,34.03
2Dmljw8uHCLBZQQu9H5f3d,IFCPLATE,13.34
2Dmljw8uHCLBZQQu9H5f3b,IFCMEMBER,33.04
2Dmljw8uHCLBZQQu9H5f3N,IFCPLATE,183.94
2Dmljw8uHCLBZQQu9H5f0F,IFCMEMBER,57.35
2Dmljw8uHCLBZQQu9H5fBF,IFCCURTAINWALL,2145
2Dmljw8uHCLBZQQu9H5fBD,IFCMEMBER,11.96
2Dmljw8uHCLBZQQu9H5fBg,IFCPLATE,160
2Dmljw8uHCLBZQQu9H5fBd,IFCMEMBER,6.08
2Dmljw8uHCLBZQQu9H5f8C,IFCMEMBER,232.04
2Dmljw8uHCLBZQQu9H5fB2,IFCCURTAINWALL,1998.75
2Dmljw8uHCLBZQQu9H5f9G,IFCPLATE,160
2Dmljw8uHCLBZQQu9H5f9b,IFCDOOR,1612
2Dmljw8uHCLBZQQu9H5f98,IFCMEMBER,175
2Dmljw8uHCLBZQQu9H5f8h,IFCCURTAINWALL,1415.56
2Dmljw8uHCLBZQQu9H5f9e,IFCMEMBER,33.04
2Dmljw8uHCLBZQQu9H5f9v,IFCMEMBER,232.04
2Dmljw8uHCLBZQQu9H5fNa,IFCPLATE,158.17
2Dmljw8uHCLBZQQu9H5fMN,IFCMEMBER,54.69
2Dmljw8uHCLBZQQu9H5fM0,IFCMEMBER,52.79
2Dmljw8uHCLBZQQu9H5fMh,IFCMEMBER,68.36
08AjPVhWzAfA8XtWBWZsf6,IFCBUILDINGELEMENTPROXY,1.43
38OlOkM2PAyBTHwwnGOIdJ,IFCLIGHTFIXTURE,210
0b6St3DlX6wOevvBjxGfhp,IFCLIGHTFIXTURE,210
3WJfQUHe1A3x25MI_xeXn7,IFCLIGHTFIXTURE,210
3WJfQUHe1A3x25MI_xeXn3,IFCLIGHTFIXTURE,210
3WJfQUHe1A3x25MI_xeX60,IFCLIGHTFIXTURE,210
3o5gkqdY9E6A2F1wtqtPfH,IFCLIGHTFIXTURE,210
0GEi30tdHE7giWEzRe7Mvp,IFCWALL,3.33
21U07TPLv4F9zfrV5EuniN,IFCPLATE,484.41
21U07TPLv4F9zfrV5EuniM,IFCPLATE,495.23
21U07TPLv4F9zfrV5Eunj3,IFCPLATE,282.04
21U07TPLv4F9zfrV5EuniS,IFCMEMBER,86.9
21U07TPLv4F9zfrV5Eunjt,IFCMEMBER,145.83
21U07TPLv4F9zfrV5Eunj5,IFCMEMBER,86.59
21U07TPLv4F9zfrV5EunjS,IFCMEMBER,86.9
0m3ylIKyvFIf90OJWdRds1,IFCFURNITURE,480
0m3ylIKyvFIf90OJWdRdtF,IFCFURNITURE,480
0m3ylIKyvFIf90OJWdRdtE,IFCFURNITURE,480
0m3ylIKyvFIf90OJWdRdux,IFCWALL,1375.59
0d_HunAzzAPg4$RxtR7pfD,IFCBUILDINGELEMENTPROXY,0.27
0d_HunAzzAPg4$RxtR7peO,IFCBUILDINGELEMENTPROXY,0.27
2F3zBK1BH8DBfhr$IH1Obm,IFCBUILDINGELEMENTPROXY,0.05
2F3zBK1BH8DBfhr$IH1OYD,IFCBUILDINGELEMENTPROXY,0.05
2F3zBK1BH8DBfhr$IH1OYF,IFCBUILDINGELEMENTPROXY,1.1
2F3zBK1BH8DBfhr$IH1OY9,IFCBUILDINGELEMENTPROXY,0.05
2F3zBK1BH8DBfhr$IH1OYe,IFCBUILDINGELEMENTPROXY,0.05
2F3zBK1BH8DBfhr$IH1OYu,IFCBUILDINGELEMENTPROXY,0.05
2F3zBK1BH8DBfhr$IH1OZO,IFCBUILDINGELEMENTPROXY,0.05
2F3zBK1BH8DBfhr$IH1OZP,IFCBUILDINGELEMENTPROXY,0.05
2F3zBK1BH8DBfhr$IH1OZR,IFCBUILDINGELEMENTPROXY,1.1
0uSJAgBT1ABOFjSdJfHCSb,IFCBUILDINGELEMENTPROXY,0.05
30zSZjFxH19R7IhI893rax,IFCLIGHTFIXTURE,210
30zSZjFxH19R7IhI893q7a,IFCSLAB,206.13
2Dmljw8uHCLBZQQu9H5fNO,IFCMEMBER,56.11
2Dmljw8uHCLBZQQu9H5fNE,IFCMEMBER,68.36
2Dmljw8uHCLBZQQu9H5fN6,IFCMEMBER,68.36
1HuOQ2xWrE6xc43TABXjmm,IFCCOVERING,134.19
1HuOQ2xWrE6xc43TABXiH3,IFCLIGHTFIXTURE,210
128PB7rvH4mfupwLkPTVrb,IFCBUILDINGELEMENTPROXY,0.19
2MAHRuCXP51wFXs0k0D8sF,IFCMEMBER,51.27
3oWRtKgGH6quoh0HBRWZDi,IFCBUILDINGELEMENTPROXY,66.54
2xT4x5lXnBNxcZ5QZbxhSc,IFCWALL,2.36
34lqDYnzHB3wmZslDJwlAf,IFCWALL,0.39
359zRRFDT1vRiwFSrqNXnY,IFCLIGHTFIXTURE,210
0yuIaJzffD5AfrddYB8T0a,IFCWALL,1.1
3L$Sj8Ky577w1z8YH1ADX0,IFCSLAB,78.17
0l1uiLxhf6Sh$CRbsdNO6V,IFCBUILDINGELEMENTPROXY,14.58
0f$4Yl2BB54G7Wu2Ph4WBn,IFCSLAB,46.94
1dKu5zsdHE_A8Pn$AaqexD,IFCWALL,30.84
2sZrw6C5b5Ih3WSLyhiEuB,IFCWALL,126.03
3TrHpcVaX469YScxaCLoFJ,IFCCOLUMN,454.15
0j49MZvDrAEu6uW6jnTMOu,IFCLIGHTFIXTURE,210
0j49MZvDrAEu6uW6jnTMQO,IFCLIGHTFIXTURE,210
0RjpzTzI92$PvNq_RFrvuO,IFCWALL,113.75
3w1fdDBgP24AlAEkntqDwF,IFCWALL,101.25
0Lwxb_BUfALAc2_$BhZdz2,IFCWALL,238.67
0Lwxb_BUfALAc2_$BhZc3y,IFCWALL,14.66
2I7Auyk8bCgAfwQpXOR$08,IFCSLAB,172.6
3IP1NcR8H1yQoZHEVfIrM0,IFCSLAB,232.57
37O9F6zDH7NuO6lYxEN6yR,IFCCOVERING,748.95
37O9F6zDH7NuO6lYxEN7hn,IFCLIGHTFIXTURE,210
37O9F6zDH7NuO6lYxEN7gp,IFCLIGHTFIXTURE,210
2VbmknNWH5ueGyA7dIdxE9,IFCBUILDINGELEMENTPROXY,1.52
0aoNsuD5j4$9eV5sDQfWTA,IFCSLAB,229.13
1df_AX8lj42QG_5UAC4gyc,IFCWALL,34.16
3TU2oe8q5EWBZPZ9aDFzvU,IFCSLAB,963.8
2CN5jdBAn0heeMXkK42zQS,IFCWALL,206.25
3DXKBuZLPBzw30xfYN9u1g,IFCWALL,236.81
1YpT8RiCzEtvfm84izHoNb,IFCWALL,4.49
3vN2Fl6Az8C9cBZizN$HQ3,IFCWALL,6.11
22T8RHjlP7sPxAvJUQWvZn,IFCWALL,52.11
2J5sLyal16uwFIVutbWILy,IFCFURNITURE,480
3WfYW5FlP7QuyLJ0RKDFgx,IFCWALL,117.82
11qQrX$zDAqxSsCbLSxNB8,IFCWALL,58.5
0q9es9kCD4oOj_kMIudRU8,IFCCURTAINWALL,24897.03
0q9es9kCD4oOj_kMIudRTL,IFCPLATE,191.69
0q9es9kCD4oOj_kMIudRSp,IFCPLATE,44.24
00OcTh2YnDIRjBe1O3sIYX,IFCPLATE,44.24
0q9es9kCD4oOj_kMIudRT_,IFCMEMBER,21.65
0q9es9kCD4oOj_kMIudRTm,IFCMEMBER,21.65
0q9es9kCD4oOj_kMIudRSt,IFCMEMBER,21.65
0q9es9kCD4oOj_kMIudRSe,IFCMEMBER,15.95
00OcTh2YnDIRjBe1O3sIYN,IFCMEMBER,72.92
00OcTh2YnDIRjBe1O3sIYO,IFCMEMBER,72.92
00OcTh2YnDIRjBe1O3sIZa,IFCMEMBER,69.12
02_CiyN659neOqt2G8Oloy,IFCMEMBER,72.92
02_CiyN659neOqt2G8Olod,IFCMEMBER,69.12
2ch6GiTYr6ofWwBJULtROn,IFCCURTAINWALL,7009.84
2ch6GiTYr6ofWwBJULtRRb,IFCPLATE,44.05
2ch6GiTYr6ofWwBJULtROl,IFCMEMBER,70.73
2ch6GiTYr6ofWwBJULtROG,IFCMEMBER,11.3
343IftMCP4UOCLPJnmEwxu,IFCPLATE,84.26
343IftMCP4UOCLPJnm954U,IFCPLATE,44.24
343IftMCP4UOCLPJnm954Q,IFCPLATE,44.24
343IftMCP4UOCLPJnm9551,IFCMEMBER,72.92
343IftMCP4UOCLPJnm954Y,IFCMEMBER,72.92
343IftMCP4UOCLPJnm954l,IFCMEMBER,15.95
343IftMCP4UOCLPJnm9545,IFCMEMBER,15.95
343IftMCP4UOCLPJnmEwxl,IFCMEMBER,72.92
343IftMCP4UOCLPJnmEwxn,IFCMEMBER,15.95
343IftMCP4UOCLPJnmEwxz,IFCMEMBER,68.74
343IftMCP4UOCLPJnmEwx8,IFCMEMBER,32.28
04b3cqL6T7nASkHPv$no5O,IFCMEMBER,36.08
04b3cqL6T7nASkHPv$no4M,IFCWALL,396.96
04b3cqL6T7nASkHPv$no4w,IFCPLATE,148.33
04b3cqL6T7nASkHPv$nox3,IFCMEMBER,51.27
04b3cqL6T7nASkHPv$nox0,IFCMEMBER,58.49
2pwDOOMab0WgF3Q0CIvrV1,IFCMEMBER,54.69
1yjzQ_fH5D2ulNYAuuyBaD,IFCMEMBER,51.65
04b3cqL6T7nASkHPv$novj,IFCMEMBER,4.68
04b3cqL6T7nASkHPv$nou3,IFCMEMBER,2.4
04b3cqL6T7nASkHPv$nou4,IFCMEMBER,4.68
1yjzQ_fH5D2ulNYAuuyBal,IFCMEMBER,2.31
04b3cqL6T7nASkHPv$nouw,IFCPLATE,47.5
1yjzQ_fH5D2ulNYAuuyBve,IFCMEMBER,115.45
04b3cqL6T7nASkHPv$no$i,IFCPLATE,63.68
04b3cqL6T7nASkHPv$no_6,IFCMEMBER,2.31
04b3cqL6T7nASkHPv$no_O,IFCMEMBER,4.68
04b3cqL6T7nASkHPv$no_P,IFCMEMBER,4.68
04b3cqL6T7nASkHPv$no_Y,IFCMEMBER,4.68
04b3cqL6T7nASkHPv$no_t,IFCMEMBER,4.68
04b3cqL6T7nASkHPv$nozC,IFCMEMBER,4.68
04b3cqL6T7nASkHPv$nozG,IFCMEMBER,2.31
04b3cqL6T7nASkHPv$nozN,IFCMEMBER,2.31
04b3cqL6T7nASkHPv$nozQ,IFCMEMBER,2.31
1yjzQ_fH5D2ulNYAuuyBue,IFCMEMBER,2.31
1yjzQ_fH5D2ulNYAuuyBup,IFCMEMBER,4.68
04b3cqL6T7nASkHPv$noy1,IFCPLATE,47.5
04b3cqL6T7nASkHPv$noy9,IFCPLATE,133.7
04b3cqL6T7nASkHPv$noyP,IFCPLATE,133.7
1yjzQ_fH5D2ulNYAuuyBbA,IFCMEMBER,115.45
04b3cqL6T7nASkHPv$noyb,IFCPLATE,133.7
04b3cqL6T7nASkHPv$noyw,IFCMEMBER,2.37
04b3cqL6T7nASkHPv$non1,IFCCURTAINWALL,18416.6
2B9ggR9Lj4EhSARQFirukz,IFCMEMBER,51.65
04b3cqL6T7nASkHPv$nonQ,IFCPLATE,133.7
04b3cqL6T7nASkHPv$none,IFCMEMBER,2.31
04b3cqL6T7nASkHPv$nonf,IFCMEMBER,2.31
04b3cqL6T7nASkHPv$noni,IFCMEMBER,1
04b3cqL6T7nASkHPv$nonq,IFCMEMBER,4.68
04b3cqL6T7nASkHPv$nom7,IFCMEMBER,2.37
04b3cqL6T7nASkHPv$nomE,IFCMEMBER,2.31
2B9ggR9Lj4EhSARQFiruld,IFCMEMBER,1
04b3cqL6T7nASkHPv$nomc,IFCPLATE,26.39
04b3cqL6T7nASkHPv$nomb,IFCPLATE,133.7
04b3cqL6T7nASkHPv$nomx,IFCMEMBER,2.31
04b3cqL6T7nASkHPv$nomv,IFCMEMBER,2.31
0swtehvpv5Xh4hPQqBXFcC,IFCMEMBER,2.31
0swtehvpv5Xh4hPQqBXFcA,IFCMEMBER,2.31
04b3cqL6T7nASkHPv$notT,IFCBUILDINGELEMENTPROXY,0.82
04b3cqL6T7nASkHPv$notX,IFCPLATE,26.39
04b3cqL6T7nASkHPv$nos5,IFCMEMBER,4.68
04b3cqL6T7nASkHPv$nosC,IFCMEMBER,2.17
0swtehvpv5Xh4hPQqBXFWj,IFCMEMBER,0.94
04b3cqL6T7nASkHPv$nosd,IFCPLATE,103.33
04b3cqL6T7nASkHPv$nosi,IFCWALL,460.24
04b3cqL6T7nASkHPv$nor4,IFCWINDOW,3602.3
04b3cqL6T7nASkHPv$norT,IFCMEMBER,36.08
04b3cqL6T7nASkHPv$nore,IFCWALL,830.41
04b3cqL6T7nASkHPv$noqf,IFCPLATE,26.39
04b3cqL6T7nASkHPv$nohK,IFCMEMBER,4.68
0XunQJuDrCywXJ370JIT7x,IFCFURNITURE,480
0XunQJuDrCywXJ370JIT76,IFCFURNITURE,480
0XunQJuDrCywXJ370JIT6t,IFCFURNITURE,480
0XunQJuDrCywXJ370JIT6d,IFCFURNITURE,480
24UQUejir30hZbTvW6h7Y0,IFCWALL,205.72
3SnOVw7ojDZ8nnFzhqld$x,IFCPLATE,162.83
3SnOVw7ojDZ8nnFzhqldjM,IFCPLATE,70.59
3SnOVw7ojDZ8nnFzhqldiz,IFCMEMBER,100.05
3SnOVw7ojDZ8nnFzhqldzM,IFCMEMBER,46.68
3SnOVw7ojDZ8nnFzhqldxw,IFCMEMBER,24.31
3SnOVw7ojDZ8nnFzhqldMP,IFCMEMBER,28.86
3SnOVw7ojDZ8nnFzhqldIN,IFCMEMBER,28.86
3SnOVw7ojDZ8nnFzhqlcix,IFCPLATE,95.42
1lxqaTga9DvxFctJPFesiM,IFCWALL,20.35
3MtS$kY6L9TutOnr8iopPi,IFCSLAB,230.15
21$tDpUWDEtxLZIWIT_3C5,IFCBUILDINGELEMENTPROXY,1336.61
21$tDpUWDEtxLZIWIT_3C0,IFCBUILDINGELEMENTPROXY,1336.61
0OoVmktSP6XQwhSCQS0LtF,IFCDOOR,1849.63
1nVAY8og5DUQW261No7qYZ,IFCWALL,1591.01
2wYho76PDA9vn_AFRLvLEx,IFCWALL,3716.4
0s9hxL8vH4AQpm7LXCLP1c,IFCFURNITURE,480
1Un9ptyoX1vey29ZkM5AbS,IFCBUILDINGELEMENTPROXY,0.19
0K0FV0u6b9L9sDGL7lHFtF,IFCWALL,1905.7
0K0FV0u6b9L9sDGL7lHFog,IFCWALL,24.68
0K0FV0u6b9L9sDGL7lHFje,IFCWALL,34.13
0K0FV0u6b9L9sDGL7lHBRw,IFCBUILDINGELEMENTPROXY,3.38
0K0FV0u6b9L9sDGL7lH9Sd,IFCBUILDINGELEMENTPROXY,16.02
0K0FV0u6b9L9sDGL7lH98G,IFCFURNITURE,480
28fEL2KJH3nefH9oQJhuQo,IFCWALL,31.69
28fEL2KJH3nefH9oQJhuRI,IFCFURNITURE,480
28fEL2KJH3nefH9oQJhuS5,IFCFURNITURE,480
28fEL2KJH3nefH9oQJhuSz,IFCBUILDINGELEMENTPROXY,4.31
28fEL2KJH3nefH9oQJhuSy,IFCWALL,5.85
321qo6Jt58aRGW1V_saw2d,IFCBUILDINGELEMENTPROXY,33.39
321qo6Jt58aRGW1V_sawAU,IFCBUILDINGELEMENTPROXY,3.38
321qo6Jt58aRGW1V_sawAx,IFCWALL,34.13
321qo6Jt58aRGW1V_sawAa,IFCDOOR,1563.45
321qo6Jt58aRGW1V_sawAg,IFCBUILDINGELEMENTPROXY,63.35
321qo6Jt58aRGW1V_sawBW,IFCWALL,30.93
321qo6Jt58aRGW1V_sawBg,IFCWALL,10.76
321qo6Jt58aRGW1V_sawDA,IFCWALL,46.77
1sqRaCGxn09vsPk5LktK3T,IFCBUILDINGELEMENTPROXY,33.39
1sqRaCGxn09vsPk5LktLWD,IFCFURNITURE,480
2gDGg7MA90nQHvffsvVo3q,IFCWINDOW,2707.41
2DrlDkmyDFLerHNnIG0ppd,IFCWINDOW,2707.41
2DrlDkmyDFLerHNnIG0pSU,IFCWALL,174.57
2DrlDkmyDFLerHNnIG0p8g,IFCDOOR,1513.13
0mfm2MdbH0mQRzHv8Eyi4s,IFCDOOR,1457.23
3k0mOVrxHEQhEN_aJoHyvg,IFCWALL,617.76
3k0mOVrxHEQhEN_aJoHzDX,IFCWALL,310.61
0U4XQxUbT6Kgsr80BN4mQy,IFCFURNITURE,480
0U4XQxUbT6Kgsr80BN4mQ$,IFCBUILDINGELEMENTPROXY,2.25
0U4XQxUbT6Kgsr80BN4mQg,IFCWALL,52.54
0U4XQxUbT6Kgsr80BN4mrq,IFCFURNITURE,480
0U4XQxUbT6Kgsr80BN4ms6,IFCBUILDINGELEMENTPROXY,2.25
0U4XQxUbT6Kgsr80BN4mts,IFCFURNITURE,480
04b3cqL6T7nASkHPv$nogR,IFCWINDOW,4200.8
04b3cqL6T7nASkHPv$nogc,IFCBUILDINGELEMENTPROXY,0.82
04b3cqL6T7nASkHPv$nogt,IFCBUILDINGELEMENTPROXY,0.13
2HJPHz$LL92Ori_VKXvn5R,IFCBUILDINGELEMENTPROXY,0.08
3AQwX$e_j0ZPcGzWWO1ijt,IFCFURNITURE,480
2kTHshO7vEXudOmWyMcPpL,IFCSLAB,87.05
3hI3j47xLFP97ZPHNL_W8v,IFCWALL,415.44
0miuAs27j0Uv$d9Nf9LTcq,IFCBUILDINGELEMENTPROXY,3890.58
22x5a$DvHCAgllJiQ3KlFa,IFCSLAB,253.3
3Ff9G3z7n2P9bWgey4$WlG,IFCWALL,139.28
3Ff9G3z7n2P9bWgey4$X05,IFCWALL,13.43
0$7It6VrT9OAeep1ekDa76,IFCBUILDINGELEMENTPROXY,12.17
0F8MBhrI9DsuFtYcLuUhJ3,IFCWALL,161.54
1YueUxVJH8SwhLiH$TP6tF,IFCWALL,227.83
1YueUxVJH8SwhLiH$TP6lM,IFCWALL,50.51
3Exf$uKEj6vBh5DuRp1RVW,IFCWALL,79.16
1do79UPsT5QgT3kMg0ohre,IFCWALL,35.04
1do79UPsT5QgT3kMg0ohrv,IFCBUILDINGELEMENTPROXY,16.02
1do79UPsT5QgT3kMg0ohrw,IFCBUILDINGELEMENTPROXY,33.39
1do79UPsT5QgT3kMg0ohpa,IFCWALL,43.88
1do79UPsT5QgT3kMg0ohpj,IFCBUILDINGELEMENTPROXY,63.35
1do79UPsT5QgT3kMg0ohui,IFCWALL,112.35
3x08GjNxXAUwp6Nup35kny,IFCFURNITURE,480
3x08GjNxXAUwp6Nup35knw,IFCFURNITURE,480
3x08GjNxXAUwp6Nup35kmJ,IFCFURNITURE,480
2Ytno7yd91dQAhhP73Exwv,IFCDOOR,1457.23
2Ytno7yd91dQAhhP73Exws,IFCWALL,43.88
3eqETIWmT5yuBevKr2XxQQ,IFCBUILDINGELEMENTPROXY,0.19
2_V46gFRv1gwDUl815brMa,IFCWALL,301.83
1osuz$c1TCrANt0okqklmh,IFCWALL,87.92
36PShEEGHF2O7RqMvq2fTG,IFCWALL,191.59
1dhc5rsYj0HOHEPVRTnedq,IFCWALL,19.74
0stYUSRTn5hRP77Rc$SXz4,IFCCOLUMN,376.74
0mlMV$YD96HATmmaM7Gcvj,IFCDOOR,1457.23
0mlMV$YD96HATmmaM7GcRi,IFCDOOR,1457.23
0gAb5d1A120htF0tVYuw2t,IFCWALL,125.56
0UGxX1kPL6sx7IPcItoId9,IFCWALL,107.95
0UGxX1kPL6sx7IPcItoIcC,IFCWALL,155.14
3RKbg7mVv5KOhSWj4h$81d,IFCMEMBER,69.31
3RKbg7mVv5KOhSWj4h$867,IFCMEMBER,216.93
2uA1QuTrD56OjKrY65ZN2I,IFCWINDOW,3470.25
1JU62QTXfD2RUOVIJGrICZ,IFCSLAB,1200
0gNsikZPrFZe6ltc4u6HYY,IFCBUILDINGELEMENTPROXY,400
20$nAMulDBUOEYIGlNrP_a,IFCBUILDINGELEMENTPROXY,400
1soUSmix7eUJFIhB56J_E2,IFCMEMBER,350
0p_ez7$kb1fQ0sr1Uds03i,IFCMEMBER,350
0l1uiLxhf6Sh$CRbsdNO6W,IFCSTAIR,4200
1zaxyAqU13Vwe7hlENZDmL,IFCBUILDINGELEMENTPROXY,400
3IP1NcR8H1yQoZHEVfIro1,IFCBUILDINGELEMENTPROXY,400
2rxIJoCKz1uRo5QAkJ6W3B,IFCRAILING,620
3JySMgFNrCGxX3oAzOKCdB,IFCRAILING,620
2wYho76PDA9vn_AFRLvRWR,IFCSLAB,1200
3scyhg1aT4f8EoxA1HN_Zd,IFCMEMBER,350
11qQrX$zDAqxSsCbLSxNTV,IFCBUILDINGELEMENTPROXY,400
0p_ez7$kb1fQ0sr1Uds03e,IFCRAILING,620
2aCUWJqMTIzsIlaeAYX2Ro,IFCMEMBER,350
2LDPNirxb6Uv4e97Wb9aoV,IFCBUILDINGELEMENTPROXY,400
1dKu5zsdHE_A8Pn$Aaqebz,IFCBUILDINGELEMENTPROXY,400
0d_HunAzzAPg4$RxtR7pkj,IFCRAILING,620
0qRAV6Igf0igbhni4Wcqef,IFCBUILDINGELEMENTPROXY,400
3JySMgFNrCGxX3oAzOKFMp,IFCRAILING,620
112$d87LbAS80iXUHBv_Bh,IFCRAILING,620
02_CiyN659neOqt2G8OlzZ,IFCMEMBER,350
2MGIpRi0XEXwECOTNgozdz,IFCMEMBER,350
2MGIpRi0XEXwECOTNgozdp,IFCMEMBER,350
3LZOmf0A98PeT3v$HqSMfC,IFCMEMBER,350
31rKK5OS94d9cPXIYeNUep,IFCMEMBER,350
1JU62QTXfD2RUOVIJGrICg,IFCMEMBER,350
31rKK5OS94d9cPXIYeNUeZ,IFCSTAIR,4200
2LDPNirxb6Uv4e97Wb9apT,IFCBUILDINGELEMENTPROXY,400
0xWFOllPL0iuEv8Kar2DPM,IFCRAILING,620
0uSJAgBT1ABOFjSdJfHCRF,IFCRAILING,620
2MGIpRi0XEXwECOTNgozil,IFCMEMBER,350
3scyhg1aT4f8EoxA1HN$L_,IFCMEMBER,350
2AVVzaTGXC9QqvBrJEUrLO,IFCBUILDINGELEMENTPROXY,400
31rKK5OS94d9cPXIYeNURh,IFCRAILING,620
0lnpQe191FEVmF9PSRRjna,IFCMEMBER,350
1zaxyAqU13Vwe7hlENZDm1,IFCBUILDINGELEMENTPROXY,400
2I7Auyk8bCgAfwQpXOR$04,IFCBUILDINGELEMENTPROXY,400
3IP1NcR8H1yQoZHEVfIro2,IFCBUILDINGELEMENTPROXY,400
3oWRtKgGH6quoh0HBRWZPR,IFCBUILDINGELEMENTPROXY,400
22T8RHjlP7sPxAvJUQWvWE,IFCBUILDINGELEMENTPROXY,400
1XeopoEmL4fQChMRbpTc9s,IFCWALL,2202.05
29L_DeI4f1hfP6ODuq8dvB,IFCLIGHTFIXTURE,210
29L_DeI4f1hfP6ODuq8dxZ,IFCLIGHTFIXTURE,210
1ynIJTp3j41BnCd95bH$Zz,IFCLIGHTFIXTURE,210
1ynIJTp3j41BnCd95bH$Z_,IFCLIGHTFIXTURE,210
1ynIJTp3j41BnCd95bH$h0,IFCLIGHTFIXTURE,210
1ynIJTp3j41BnCd95bH$nZ,IFCLIGHTFIXTURE,210
2i1ro43jr7TeCTnrJrjJya,IFCLIGHTFIXTURE,210
2i1ro43jr7TeCTnrJrjJQ0,IFCLIGHTFIXTURE,210
2i1ro43jr7TeCTnrJrjJV4,IFCLIGHTFIXTURE,210
06fTk68cnA6vD9GRSabnxU,IFCLIGHTFIXTURE,210
06fTk68cnA6vD9GRSabnxV,IFCLIGHTFIXTURE,210
06fTk68cnA6vD9GRSabm7g,IFCLIGHTFIXTURE,210
3b_GinbYTDwALWT66s67fG,IFCWALL,2.75
3b_GinbYTDwALWT66s67cG,IFCWALL,2.75
2Dmljw8uHCLBZQQu9H5f2t,IFCMEMBER,57.35
2Dmljw8uHCLBZQQu9H5f06,IFCMEMBER,120.01
2Dmljw8uHCLBZQQu9H5f0X,IFCMEMBER,17.85
2Dmljw8uHCLBZQQu9H5f2n,IFCMEMBER,32.66
2Dmljw8uHCLBZQQu9H5f0R,IFCMEMBER,65.32
2Dmljw8uHCLBZQQu9H5f2m,IFCCURTAINWALL,1525.71
2Dmljw8uHCLBZQQu9H5f3h,IFCMEMBER,21.27
2Dmljw8uHCLBZQQu9H5f3$,IFCCURTAINWALL,452.95
2Dmljw8uHCLBZQQu9H5f3M,IFCMEMBER,85.64
2Dmljw8uHCLBZQQu9H5fBs,IFCPLATE,146.26
2Dmljw8uHCLBZQQu9H5fBw,IFCPLATE,94.14
2Dmljw8uHCLBZQQu9H5fB7,IFCMEMBER,34.03
2Dmljw8uHCLBZQQu9H5fBk,IFCMEMBER,33.04
2Dmljw8uHCLBZQQu9H5f8R,IFCCURTAINWALL,391.97
2Dmljw8uHCLBZQQu9H5fB0,IFCMEMBER,23.93
2Dmljw8uHCLBZQQu9H5fBn,IFCMEMBER,52.79
2Dmljw8uHCLBZQQu9H5f99,IFCPLATE,94.14
2Dmljw8uHCLBZQQu9H5f9P,IFCPLATE,238.47
2Dmljw8uHCLBZQQu9H5f8c,IFCMEMBER,23.93
2Dmljw8uHCLBZQQu9H5fMm,IFCPLATE,488.28
2Dmljw8uHCLBZQQu9H5fM4,IFCPLATE,159.31
2Dmljw8uHCLBZQQu9H5fMj,IFCMEMBER,58.1
2Dmljw8uHCLBZQQu9H5fNJ,IFCPLATE,152.08
08AjPVhWzAfA8XtWBWZsfD,IFCSLAB,3.72
08AjPVhWzAfA8XtWBWZsaI,IFCBUILDINGELEMENTPROXY,1.54
3o5gkqdY9E6A2F1wtqtPf0,IFCLIGHTFIXTURE,210
3o5gkqdY9E6A2F1wtqtPfS,IFCLIGHTFIXTURE,210
3o5gkqdY9E6A2F1wtqtPfO,IFCLIGHTFIXTURE,210
3o5gkqdY9E6A2F1wtqtPfL,IFCLIGHTFIXTURE,210
21U07TPLv4F9zfrV5EuniP,IFCPLATE,495.23
21U07TPLv4F9zfrV5Eunj$,IFCPLATE,282.04
21U07TPLv4F9zfrV5Eunjg,IFCMEMBER,86.9
0m3ylIKyvFIf90OJWdRdsy,IFCFURNITURE,480
0m3ylIKyvFIf90OJWdRdqo,IFCFURNITURE,480
2F3zBK1BH8DBfhr$IH1ObW,IFCBUILDINGELEMENTPROXY,0.05
2F3zBK1BH8DBfhr$IH1ObZ,IFCBUILDINGELEMENTPROXY,1.1
2F3zBK1BH8DBfhr$IH1OY5,IFCBUILDINGELEMENTPROXY,0.05
2F3zBK1BH8DBfhr$IH1OYS,IFCBUILDINGELEMENTPROXY,0.05
2F3zBK1BH8DBfhr$IH1OYV,IFCBUILDINGELEMENTPROXY,1.1
2F3zBK1BH8DBfhr$IH1OYx,IFCBUILDINGELEMENTPROXY,1.1
2F3zBK1BH8DBfhr$IH1OZC,IFCBUILDINGELEMENTPROXY,0.05
2F3zBK1BH8DBfhr$IH1OZ9,IFCBUILDINGELEMENTPROXY,0.05
2F3zBK1BH8DBfhr$IH1OZS,IFCBUILDINGELEMENTPROXY,0.05
2F3zBK1BH8DBfhr$IH1OZK,IFCBUILDINGELEMENTPROXY,0.05
2F3zBK1BH8DBfhr$IH1RsL,IFCBUILDINGELEMENTPROXY,1.29
37O9F6zDH7NuO6lYxEN7l5,IFCLIGHTFIXTURE,210
30zSZjFxH19R7IhI893ran,IFCLIGHTFIXTURE,210
30zSZjFxH19R7IhI893rZi,IFCLIGHTFIXTURE,210
2Dmljw8uHCLBZQQu9H5fNl,IFCMEMBER,54.69
2Dmljw8uHCLBZQQu9H5fNk,IFCMEMBER,19.75
2Dmljw8uHCLBZQQu9H5fKA,IFCMEMBER,53.23
2hwXS543X12wPSDjg9UwT_,IFCLIGHTFIXTURE,210
2hwXS543X12wPSDjg9UwS6,IFCLIGHTFIXTURE,210
1sXdHX7zj82gQ8fyf1aZOz,IFCBUILDINGELEMENTPROXY,0.29
38Ozd1J$fFHu9SwugZC0Ue,IFCWALL,27.32
128PB7rvH4mfupwLkPTVrc,IFCBUILDINGELEMENTPROXY,0.19
266x49qd94VO9VnwhX1S__,IFCWALL,1002.08
0uSJAgBT1ABOFjSdJfHCPh,IFCBUILDINGELEMENTPROXY,1.1
0usV6tDDnFohq5PghQ5D2u,IFCBUILDINGELEMENTPROXY,1.12
34lqDYnzHB3wmZslDJwl8u,IFCWALL,2.29
359zRRFDT1vRiwFSrqNXy$,IFCLIGHTFIXTURE,210
359zRRFDT1vRiwFSrqNWPB,IFCLIGHTFIXTURE,210
0l1uiLxhf6Sh$CRbsdNO6t,IFCBUILDINGELEMENTPROXY,14.42
0l1uiLxhf6Sh$CRbsdNPvS,IFCWALL,25.73
1z7iESR_ruqgB6n$zPjwlW,IFCSLAB,46.94
1dKu5zsdHE_A8Pn$AaqhX0,IFCBUILDINGELEMENTPROXY,0.26
1dKu5zsdHE_A8Pn$AaqhX8,IFCBUILDINGELEMENTPROXY,0.26
1dKu5zsdHE_A8Pn$AaqexC,IFCWALL,30
2jg$LpiXP4uAnmZpMT4qkd,IFCWALL,132.94
1T5Wcb3F14If4LK98pJeA9,IFCWALL,117.96
0j49MZvDrAEu6uW6jnTMRc,IFCLIGHTFIXTURE,210
0j49MZvDrAEu6uW6jnTMQ6,IFCLIGHTFIXTURE,210
05z2dez$L4s8S9q4HwY_B1,IFCWALL,126.03
3w1fdDBgP24AlAEkntqDa4,IFCWALL,35.45
0Lwxb_BUfALAc2_$BhZdz0,IFCWALL,94.65
1IMx2bCKn519m5SUiOEjxt,IFCWALL,115.72
2I7Auyk8bCgAfwQpXOR$3n,IFCLIGHTFIXTURE,210
3IP1NcR8H1yQoZHEVfIrrT,IFCCOVERING,755.43
3IP1NcR8H1yQoZHEVfIroC,IFCWALL,25.14
37O9F6zDH7NuO6lYxEN6y7,IFCSLAB,230.58
37O9F6zDH7NuO6lYxEN6tj,IFCLIGHTFIXTURE,210
37O9F6zDH7NuO6lYxEN6ti,IFCLIGHTFIXTURE,210
37O9F6zDH7NuO6lYxEN7he,IFCSLAB,230.58
2VbmknNWH5ueGyA7dIdwhJ,IFCFURNITURE,480
1Wv2Cbp9PCthbVpj80Y60g,IFCSLAB,564.93
1NhMakM$TEzQvUQoR4kE4U,IFCSLAB,1320.73
1df_AX8lj42QG_5UAC4gug,IFCWALL,4.48
2KlzI5wW9AsOx8hJvqWNjW,IFCSLAB,1615.54
2KlzI5wW9AsOx8hJvqWNli,IFCSLAB,1328.39
12JTQ6iwH4lREbrYK8lL$K,IFCSLAB,172.62
31Lh0hm7f2YQiB4BjLDm79,IFCSLAB,178.76
1tz8JBV5H7GO6C798OW8cu,IFCWALL,15.09
3DXKBuZLPBzw30xfYN9uvm,IFCWALL,160.32
3$iRr5TIL5ZuTTkySop_BA,IFCDOOR,1513.13
3vN2Fl6Az8C9cBZizN$HQL,IFCBUILDINGELEMENTPROXY,9.75
22T8RHjlP7sPxAvJUQWvyC,IFCWALL,44.29
22T8RHjlP7sPxAvJUQWvWx,IFCWALL,52.11
3NdzuXE2H1uQALH6Qlqtl0,IFCLIGHTFIXTURE,210
2stQvR6LT6th6wFVdD08XZ,IFCWALL,256.12
3WfYW5FlP7QuyLJ0RKDFie,IFCWALL,46.76
3uZKf59$50gfUnuEmGsrKA,IFCWALL,89.58
11qQrX$zDAqxSsCbLSxNTO,IFCWALL,58.5
0q9es9kCD4oOj_kMIudRSy,IFCPLATE,44.24
0q9es9kCD4oOj_kMIudRS$,IFCPLATE,44.24
00OcTh2YnDIRjBe1O3sIXU,IFCPLATE,191.69
00OcTh2YnDIRjBe1O3sIXQ,IFCPLATE,191.69
0q9es9kCD4oOj_kMIudRSk,IFCMEMBER,15.95
0q9es9kCD4oOj_kMIudRSb,IFCMEMBER,72.92
0q9es9kCD4oOj_kMIudRSP,IFCMEMBER,72.92
2ch6GiTYr6ofWwBJULtROm,IFCPLATE,44.05
2ch6GiTYr6ofWwBJULtROx,IFCPLATE,191.69
2ch6GiTYr6ofWwBJULtROu,IFCPLATE,191.69
2ch6GiTYr6ofWwBJULtROk,IFCMEMBER,72.92
2ch6GiTYr6ofWwBJULtRUN,IFCMEMBER,15.95
343IftMCP4UOCLPJnm954s,IFCPLATE,44.24
343IftMCP4UOCLPJnm955o,IFCPLATE,44.24
343IftMCP4UOCLPJnm955x,IFCMEMBER,72.92
343IftMCP4UOCLPJnm9552,IFCMEMBER,72.92
343IftMCP4UOCLPJnm955D,IFCMEMBER,36.84
343IftMCP4UOCLPJnm954u,IFCMEMBER,15.95
343IftMCP4UOCLPJnm9540,IFCMEMBER,72.92
343IftMCP4UOCLPJnmEwxd,IFCMEMBER,72.92
343IftMCP4UOCLPJnmEwxJ,IFCMEMBER,32.28
04b3cqL6T7nASkHPv$no5S,IFCPLATE,68.52
04b3cqL6T7nASkHPv$no5d,IFCWALL,156.7
04b3cqL6T7nASkHPv$no5m,IFCBUILDINGELEMENTPROXY,0.82
2pwDOOMab0WgF3Q0CIvrJp,IFCPLATE,120
04b3cqL6T7nASkHPv$no44,IFCMEMBER,54.69
2pwDOOMab0WgF3Q0CIvrGD,IFCMEMBER,54.69
04b3cqL6T7nASkHPv$no4e,IFCWALL,3905.31
04b3cqL6T7nASkHPv$no4j,IFCMEMBER,60.38
04b3cqL6T7nASkHPv$noxM,IFCMEMBER,58.49
04b3cqL6T7nASkHPv$noxc,IFCWALL,3979.3
04b3cqL6T7nASkHPv$noxm,IFCPLATE,47.5
04b3cqL6T7nASkHPv$noxz,IFCPLATE,133.7
04b3cqL6T7nASkHPv$now1,IFCPLATE,133.7
04b3cqL6T7nASkHPv$nowI,IFCPLATE,133.7
1yjzQ_fH5D2ulNYAuuyBaS,IFCMEMBER,51.65
1yjzQ_fH5D2ulNYAuuyBac,IFCPLATE,133.7
04b3cqL6T7nASkHPv$nowi,IFCMEMBER,2.4
04b3cqL6T7nASkHPv$nowm,IFCMEMBER,2.31
04b3cqL6T7nASkHPv$now$,IFCMEMBER,2.31
04b3cqL6T7nASkHPv$novS,IFCMEMBER,4.68
04b3cqL6T7nASkHPv$novX,IFCMEMBER,4.68
04b3cqL6T7nASkHPv$novo,IFCMEMBER,2.23
1yjzQ_fH5D2ulNYAuuyBaW,IFCMEMBER,2.37
04b3cqL6T7nASkHPv$nour,IFCCURTAINWALL,53542.88
04b3cqL6T7nASkHPv$nouv,IFCPLATE,47.5
04b3cqL6T7nASkHPv$nou$,IFCPLATE,47.5
1yjzQ_fH5D2ulNYAuuyBtN,IFCPLATE,133.7
04b3cqL6T7nASkHPv$no$I,IFCPLATE,133.7
1yjzQ_fH5D2ulNYAuuyBvr,IFCMEMBER,51.65
04b3cqL6T7nASkHPv$no$_,IFCMEMBER,2.31
04b3cqL6T7nASkHPv$no_0,IFCMEMBER,2.31
04b3cqL6T7nASkHPv$no_H,IFCMEMBER,2.31
04b3cqL6T7nASkHPv$no_a,IFCMEMBER,4.68
04b3cqL6T7nASkHPv$noz0,IFCMEMBER,2.29
04b3cqL6T7nASkHPv$noz7,IFCMEMBER,2.37
04b3cqL6T7nASkHPv$noz5,IFCMEMBER,2.4
04b3cqL6T7nASkHPv$nozB,IFCMEMBER,1.67
1yjzQ_fH5D2ulNYAuuyBur,IFCMEMBER,2.31
1yjzQ_fH5D2ulNYAuuyBus,IFCMEMBER,4.68
1yjzQ_fH5D2ulNYAuuyBuz,IFCMEMBER,4.68
04b3cqL6T7nASkHPv$noy8,IFCPLATE,133.7
04b3cqL6T7nASkHPv$noyQ,IFCPLATE,133.7
1yjzQ_fH5D2ulNYAuuyBbN,IFCMEMBER,115.45
04b3cqL6T7nASkHPv$noyq,IFCPLATE,63.68
04b3cqL6T7nASkHPv$noph,IFCMEMBER,4.68
04b3cqL6T7nASkHPv$noo1,IFCMEMBER,4.68
04b3cqL6T7nASkHPv$nooJ,IFCMEMBER,4.68
1yjzQ_fH5D2ulNYAuuyBby,IFCMEMBER,4.68
04b3cqL6T7nASkHPv$non7,IFCMEMBER,2.4
04b3cqL6T7nASkHPv$nonr,IFCMEMBER,4.68
04b3cqL6T7nASkHPv$nomF,IFCMEMBER,2.31
04b3cqL6T7nASkHPv$nomf,IFCPLATE,133.7
04b3cqL6T7nASkHPv$nomp,IFCPLATE,61.83
04b3cqL6T7nASkHPv$nomz,IFCMEMBER,0.94
04b3cqL6T7nASkHPv$nosH,IFCMEMBER,2.23
04b3cqL6T7nASkHPv$nosO,IFCMEMBER,4.68
04b3cqL6T7nASkHPv$nosU,IFCCURTAINWALL,1755
04b3cqL6T7nASkHPv$norJ,IFCBUILDINGELEMENTPROXY,1.15
04b3cqL6T7nASkHPv$norL,IFCMEMBER,48.61
04b3cqL6T7nASkHPv$norR,IFCMEMBER,36.08
04b3cqL6T7nASkHPv$norW,IFCMEMBER,48.61
04b3cqL6T7nASkHPv$norX,IFCMEMBER,48.61
04b3cqL6T7nASkHPv$nord,IFCWALL,86.14
04b3cqL6T7nASkHPv$noqn,IFCPLATE,133.7
2NVDfmr3r0pwm4jNoJqPbI,IFCCOLUMN,691.23
2NVDfmr3r0pwm4jNoJqPmR,IFCFURNITURE,480
1OaMw_Cab2rxa6bHc83NlK,IFCCOLUMN,609.63
0XunQJuDrCywXJ370JIT9C,IFCFURNITURE,480
0XunQJuDrCywXJ370JIT7b,IFCFURNITURE,480
0XunQJuDrCywXJ370JIT7d,IFCFURNITURE,480
0XunQJuDrCywXJ370JIT7N,IFCFURNITURE,480
1dQuNrVRX7Z8lBw2sv8jsI,IFCLIGHTFIXTURE,210
1dQuNrVRX7Z8lBw2sv8jqy,IFCLIGHTFIXTURE,210
3AHdyHWLfEkggDuNP3tJpE,IFCWALL,500.25
3SnOVw7ojDZ8nnFzhqldd3,IFCWALL,15.61
3SnOVw7ojDZ8nnFzhqldxh,IFCPLATE,98.78
3SnOVw7ojDZ8nnFzhqldiv,IFCMEMBER,56.71
3SnOVw7ojDZ8nnFzhqldet,IFCMEMBER,42.91
3SnOVw7ojDZ8nnFzhqld$P,IFCMEMBER,98.36
3SnOVw7ojDZ8nnFzhqld5Q,IFCMEMBER,56.71
3SnOVw7ojDZ8nnFzhqlcel,IFCMEMBER,46.33
0V7b1sZrLBF8P59YUseLxI,IFCMEMBER,100.26
30dzunCuvCRADZXw6x9o_h,IFCLIGHTFIXTURE,210
1G_I00WlX2MBQekqB04dJ6,IFCWALL,1022.06
2BByksCr15Dg4KZP6dXlpf,IFCWALL,7958.02
2BByksCr15Dg4KZP6dXlpQ,IFCWALL,14311.63
1PXhyobVjFBBmnnrKsDREi,IFCWALL,550.69
1PXhyobVjFBBmnnrKsD41X,IFCBUILDINGELEMENTPROXY,16.97
3MtS$kY6L9TutOnr8iopV2,IFCSLAB,1140.04
3MtS$kY6L9TutOnr8iopSA,IFCSLAB,420.36
1dQuNrVRX7Z8lBw2sv8hov,IFCSLAB,2286.79
1nMwdyzlT4AuQ_X$HWZFMk,IFCSLAB,3.93
0s9hxL8vH4AQpm7LXCLUhZ,IFCWALL,114.48
15xKUPqIHAl8uhdIa8aCiu,IFCWALL,141.93
0K0FV0u6b9L9sDGL7lHFpv,IFCWALL,31.69
28fEL2KJH3nefH9oQJhuSQ,IFCWALL,36.56
28fEL2KJH3nefH9oQJhuS8,IFCBUILDINGELEMENTPROXY,3.38
28fEL2KJH3nefH9oQJhuSF,IFCBUILDINGELEMENTPROXY,16.02
321qo6Jt58aRGW1V_saw2Y,IFCFURNITURE,480
321qo6Jt58aRGW1V_saw9Y,IFCWALL,211.61
321qo6Jt58aRGW1V_sawAF,IFCFURNITURE,480
321qo6Jt58aRGW1V_sawBS,IFCFURNITURE,480
321qo6Jt58aRGW1V_sawCE,IFCFURNITURE,480
321qo6Jt58aRGW1V_sawDE,IFCWALL,30.93
321qo6Jt58aRGW1V_sawLJ,IFCDOOR,1513.13
3kc6SqM9H57QHDXaSHOqNm,IFCWALL,273.1
2gDGg7MA90nQHvffsvVo7Q,IFCWINDOW,2707.41
2DrlDkmyDFLerHNnIG0pSH,IFCBUILDINGELEMENTPROXY,0.92
3ILb7oItT50eCRbCAAdINK,IFCWALL,338.37
3ILb7oItT50eCRbCAAdINR,IFCWALL,72.46
0U4XQxUbT6Kgsr80BN4mQd,IFCBUILDINGELEMENTPROXY,1.3
0U4XQxUbT6Kgsr80BN4mqY,IFCWALL,34.13
0U4XQxUbT6Kgsr80BN4ms4,IFCWALL,91.76
0U4XQxUbT6Kgsr80BN4mtt,IFCFURNITURE,480
0U4XQxUbT6Kgsr80BN4mtf,IFCBUILDINGELEMENTPROXY,1.11
0U4XQxUbT6Kgsr80BN4mta,IFCBUILDINGELEMENTPROXY,33.39
04b3cqL6T7nASkHPv$nohf,IFCMEMBER,4.68
04b3cqL6T7nASkHPv$nohy,IFCWALL,4304.41
04b3cqL6T7nASkHPv$nog0,IFCBUILDINGELEMENTPROXY,1.15
04b3cqL6T7nASkHPv$nogB,IFCBUILDINGELEMENTPROXY,0.13
04b3cqL6T7nASkHPv$nogV,IFCWALL,2468.65
04b3cqL6T7nASkHPv$nogW,IFCWINDOW,4200.8
04b3cqL6T7nASkHPv$nof8,IFCMEMBER,51.27
2HJPHz$LL92Ori_VKXvnBJ,IFCWINDOW,3470.25
2BVeQ1SqP5AhTNOyGjrJYS,IFCBUILDINGELEMENTPROXY,0.33
2G$QYqfX19sBhO_tWjoBSE,IFCWALL,1775.34
2CYMLiCRX28Bytt8lqangO,IFCFURNITURE,480
3UWv$DRqb5r9d6smiWX_B8,IFCWALL,118.99
3UWv$DRqb5r9d6smiWX_9B,IFCWALL,76.43
1do79UPsT5QgT3kMg0ohoO,IFCSLAB,185.38
2XHYIYzAHChPcvcG26L_yA,IFCWALL,119.19
2Ytno7yd91dQAhhP73Exwa,IFCWALL,185.33
3eqETIWmT5yuBevKr2XxPs,IFCDOOR,1457.23
3eqETIWmT5yuBevKr2XxQV,IFCBUILDINGELEMENTPROXY,1.75
2oZOAxgUXFQeJE8Qj5ybGY,IFCWALL,50.53
1osuz$c1TCrANt0okqklfQ,IFCWALL,1078.69
1osuz$c1TCrANt0okqklju,IFCWALL,131.3
1osuz$c1TCrANt0okqklo2,IFCWALL,361.25
1osuz$c1TCrANt0okqklmi,IFCWALL,87.73
0dqh5oTcz4aP$fn7IYtJIY,IFCCOLUMN,1021.99
3hp0n4A8TDgA1zjPqpQNSu,IFCSLAB,447.46
1Iz1_Dhe9BcvkCgTWppwN7,IFCSLAB,126.36
1UWxiaL6n2IvHI9YKlqOPZ,IFCSLAB,128.06
30dzunCuvCRADZXw6x9o8U,IFCWALL,305.22
3A16lmnFvAKR_zARpkX$fI,IFCSLAB,636.06
02a5zYLwD3j9mC$YV6wo26,IFCWALL,12.99
2Nacuo19H4IAx5s3kv9Fw3,IFCWINDOW,3470.25
2Nacuo19H4IAx5s3kv9C0C,IFCBUILDINGELEMENTPROXY,0.07
0lo5Aktjz63wK_HQprnfje,IFCWALL,29.73
040pYaAfP5UfxiZy_buDoX,IFCWALL,142.21
23guZW2iXFCuvZJwtILzXh,IFCMEMBER,45.57
0fb8ht1cj4oRHWJZerVZJO,IFCMEMBER,13.86
33EN8fDjIiPEkqR4ftSLLz,IFCMEMBER,350
14WLcN2J9X$RUqIPO2Npwh,IFCMEMBER,350
2LDPNirxb6Uv4e97Wb9aDa,IFCBUILDINGELEMENTPROXY,400
2LDPNirxb6Uv4e97Wb9a_L,IFCBUILDINGELEMENTPROXY,400
2Mrobxeq1B$fFXXodQxPdz,IFCBUILDINGELEMENTPROXY,400
0d_HunAzzAPg4$RxtR7pl$,IFCRAILING,620
02_CiyN659neOqt2G8Ol2G,IFCRAILING,620
2rxIJoCKz1uRo5QAkJ6W7I,IFCMEMBER,350
0gNsikZPrFZe6ltc4u6HlT,IFCBUILDINGELEMENTPROXY,400
2LDPNirxb6Uv4e97Wb9aoS,IFCBUILDINGELEMENTPROXY,400
1avhRfmw91wxWQrhU4W27f,IFCRAILING,620
3gYx5wONeRzh0nBsZzYgBD,IFCSLAB,1200
04Ao8qT2g8QhLYd2fP7_Fm,IFCMEMBER,350
31rKK5OS94d9cPXIYeNUe$,IFCMEMBER,350
3MtS$kY6L9TutOnr4iopPi,IFCSLAB,1200
3IP1NcR8H1yQoZHEVfIrqh,IFCBUILDINGELEMENTPROXY,400
31rKK5OS94d9cPXIYeNUSq,IFCRAILING,620
2MGIpRi0XEXwECOTNgozdv,IFCSLAB,1200
2MGIpRi0XEXwECOTNgozcF,IFCMEMBER,350
3IP1NcR8H1yQoZHEVfIrq3,IFCBUILDINGELEMENTPROXY,400
3x1UV50mX4pQqmWAdcR8al,IFCRAILING,620
3scyhg1aT4f8EoxA1HN_Zv,IFCMEMBER,350
3LZOmf0A98PeT3v$HqSMf9,IFCMEMBER,350
2LDPNirxb6Uv4e97Wb9a_O,IFCBUILDINGELEMENTPROXY,400
31rKK5OS94d9cPXIYeNUez,IFCMEMBER,350
3oWRtKgGH6quoh0HBRWZP3,IFCBUILDINGELEMENTPROXY,400
02_CiyN659neOqt2G8Ol1D,IFCRAILING,620
1RnSlX0HHBBwBLUCApJcIX,IFCBUILDINGELEMENTPROXY,400
1zaxyAqU13Vwe7hlENZDmT,IFCBUILDINGELEMENTPROXY,400
3IP1NcR8H1yQoZHEVfIrrM,IFCBUILDINGELEMENTPROXY,400
37O9F6zDH7NuO6lYxEN7hc,IFCBUILDINGELEMENTPROXY,400
02_CiyN659neOqt2G8Olro,IFCRAILING,620
37O9F6zDH7NuO6lYxEN7g4,IFCBUILDINGELEMENTPROXY,400
3AQwX$e_j0ZPcGzWWO1il4,IFCRAILING,620
37O9F6zDH7NuO6lYxEN7Rz,IFCBUILDINGELEMENTPROXY,400
30zSZjFxH19R7IhI893q7l,IFCBUILDINGELEMENTPROXY,400
3scyhg1aT4f8EoxA1HN_Zk,IFCRAILING,620
0h4O98KRn9KulxB5pmhtCP,IFCBUILDINGELEMENTPROXY,400
3IP1NcR8H1yQoZHEVfIrpz,IFCBUILDINGELEMENTPROXY,400
37O9F6zDH7NuO6lYxEN7gY,IFCBUILDINGELEMENTPROXY,400
0Tx9R6EzzCafcjYaXNiyyy,IFCBUILDINGELEMENTPROXY,400
31rKK5OS94d9cPXIYeNUeq,IFCRAILING,620
2VbmknNWH5ueGyA7dIdxFu,IFCRAILING,620
18E6Eks41DRfnhuMF6_vtT,IFCBUILDINGELEMENTPROXY,400
3xTt61zWPhwPBt$FGdrV8$,IFCMEMBER,350
2MGIpRi0XEXwECOTNgozik,IFCMEMBER,350
02lo9sjvz8BucIIDWsvKek,IFCSTAIR,4200
1zaxyAqU13Vwe7hlENZDm3,IFCBUILDINGELEMENTPROXY,400
37O9F6zDH7NuO6lYxEN7gX,IFCBUILDINGELEMENTPROXY,400
29L_DeI4f1hfP6ODuq8dbe,IFCLIGHTFIXTURE,210
1ynIJTp3j41BnCd95bH$h1,IFCLIGHTFIXTURE,210
1ynIJTp3j41BnCd95bH$xu,IFCLIGHTFIXTURE,210
2i1ro43jr7TeCTnrJrjJ$O,IFCLIGHTFIXTURE,210
2i1ro43jr7TeCTnrJrjJ$B,IFCLIGHTFIXTURE,210
2i1ro43jr7TeCTnrJrjJV6,IFCLIGHTFIXTURE,210
06fTk68cnA6vD9GRSabm7Z,IFCLIGHTFIXTURE,210
06fTk68cnA6vD9GRSabm7f,IFCLIGHTFIXTURE,210
06fTk68cnA6vD9GRSabm7k,IFCLIGHTFIXTURE,210
06fTk68cnA6vD9GRSabm56,IFCLIGHTFIXTURE,210
06fTk68cnA6vD9GRSabm55,IFCLIGHTFIXTURE,210
06fTk68cnA6vD9GRSabpMX,IFCLIGHTFIXTURE,210
2iprjJO5DFPPFZufOJpog_,IFCWALL,5.99
2Fie0ty599fxnsmWh4Vkco,IFCPLATE,78.51
2Dmljw8uHCLBZQQu9H5f00,IFCMEMBER,39.56
2Dmljw8uHCLBZQQu9H5f1V,IFCMEMBER,24.69
2Dmljw8uHCLBZQQu9H5f3U,IFCPLATE,80.05
2Dmljw8uHCLBZQQu9H5f0V,IFCMEMBER,36.46
2Dmljw8uHCLBZQQu9H5fBi,IFCCURTAINWALL,395.32
2Dmljw8uHCLBZQQu9H5fBA,IFCMEMBER,52.86
2Dmljw8uHCLBZQQu9H5fBc,IFCMEMBER,114.12
2Dmljw8uHCLBZQQu9H5f81,IFCMEMBER,33.04
2Dmljw8uHCLBZQQu9H5fBp,IFCPLATE,233.68
2Dmljw8uHCLBZQQu9H5f9n,IFCMEMBER,18.04
2Dmljw8uHCLBZQQu9H5fK8,IFCMEMBER,12.81
2Dmljw8uHCLBZQQu9H5fMz,IFCPLATE,144.24
2Dmljw8uHCLBZQQu9H5fM2,IFCMEMBER,58.11
2Dmljw8uHCLBZQQu9H5fNy,IFCMEMBER,58.1
2Dmljw8uHCLBZQQu9H5fMK,IFCMEMBER,53.23
0b6St3DlX6wOevvBjxGgAO,IFCLIGHTFIXTURE,210
3WJfQUHe1A3x25MI_xeWau,IFCLIGHTFIXTURE,210
3WJfQUHe1A3x25MI_xeWYO,IFCLIGHTFIXTURE,210
3o5gkqdY9E6A2F1wtqtPfg,IFCLIGHTFIXTURE,210
3o5gkqdY9E6A2F1wtqtPfh,IFCLIGHTFIXTURE,210
21U07TPLv4F9zfrV5Euni2,IFCPLATE,275.88
21U07TPLv4F9zfrV5EunjF,IFCMEMBER,86.9
21U07TPLv4F9zfrV5EunoY,IFCMEMBER,86.9
21U07TPLv4F9zfrV5Eunos,IFCMEMBER,85
0m3ylIKyvFIf90OJWdRdsN,IFCFURNITURE,480
0m3ylIKyvFIf90OJWdRdsG,IFCFURNITURE,480
0m3ylIKyvFIf90OJWdRdsS,IFCFURNITURE,480
0m3ylIKyvFIf90OJWdRdsu,IFCFURNITURE,480
0m3ylIKyvFIf90OJWdRdt7,IFCFURNITURE,480
0m3ylIKyvFIf90OJWdRdt8,IFCFURNITURE,480
0m3ylIKyvFIf90OJWdRdqp,IFCFURNITURE,480
0d_HunAzzAPg4$RxtR7pkr,IFCBUILDINGELEMENTPROXY,0.27
0d_HunAzzAPg4$RxtR7pfV,IFCSLAB,42.22
0d_HunAzzAPg4$RxtR7pgI,IFCDOOR,2022.65
0rpwMvtbz48ARUNqqbdTEm,IFCLIGHTFIXTURE,210
1sXdHX7zj82gQ8fyf1aZRP,IFCBUILDINGELEMENTPROXY,0.25
2F3zBK1BH8DBfhr$IH1Obv,IFCBUILDINGELEMENTPROXY,0.05
2F3zBK1BH8DBfhr$IH1OY0,IFCBUILDINGELEMENTPROXY,0.05
2F3zBK1BH8DBfhr$IH1OYP,IFCBUILDINGELEMENTPROXY,0.05
2F3zBK1BH8DBfhr$IH1OYJ,IFCBUILDINGELEMENTPROXY,1.1
2F3zBK1BH8DBfhr$IH1OYi,IFCBUILDINGELEMENTPROXY,0.05
2F3zBK1BH8DBfhr$IH1OYz,IFCBUILDINGELEMENTPROXY,0.05
2F3zBK1BH8DBfhr$IH1OZV,IFCBUILDINGELEMENTPROXY,1.1
2F3zBK1BH8DBfhr$IH1OZG,IFCBUILDINGELEMENTPROXY,0.05
2F3zBK1BH8DBfhr$IH1OZH,IFCBUILDINGELEMENTPROXY,0.05
2F3zBK1BH8DBfhr$IH1Rsi,IFCBUILDINGELEMENTPROXY,0.09
2F3zBK1BH8DBfhr$IH1Rsf,IFCBUILDINGELEMENTPROXY,1.29
0uSJAgBT1ABOFjSdJfHCQk,IFCBUILDINGELEMENTPROXY,0.27
37O9F6zDH7NuO6lYxEN7eu,IFCWALL,25.84
30zSZjFxH19R7IhI893r6K,IFCLIGHTFIXTURE,210
30zSZjFxH19R7IhI893rSj,IFCLIGHTFIXTURE,210
30zSZjFxH19R7IhI893rao,IFCLIGHTFIXTURE,210
30zSZjFxH19R7IhI893rZn,IFCLIGHTFIXTURE,210
30zSZjFxH19R7IhI893qCP,IFCLIGHTFIXTURE,210
2Dmljw8uHCLBZQQu9H5fNL,IFCMEMBER,119.82
2Dmljw8uHCLBZQQu9H5fKC,IFCMEMBER,24.69
2hwXS543X12wPSDjg9UwS9,IFCLIGHTFIXTURE,210
1sXdHX7zj82gQ8fyf1aZOR,IFCBUILDINGELEMENTPROXY,0.49
2MAHRuCXP51wFXs0k0D8sN,IFCMEMBER,60.38
266x49qd94VO9VnwhX1S$r,IFCWALL,154.09
19wte9agf2gQF7hll3rkRE,IFCWALL,17.5
1aXCSk$gDEVQyZFyB5KhwD,IFCWALL,142.26
0usV6tDDnFohq5PghQ5D2c,IFCBUILDINGELEMENTPROXY,1.12
0usV6tDDnFohq5PghQ5D2d,IFCBUILDINGELEMENTPROXY,1.12
34lqDYnzHB3wmZslDJwl9n,IFCWALL,0.33
34lqDYnzHB3wmZslDJwlDn,IFCWALL,1.51
34lqDYnzHB3wmZslDJwlDe,IFCWALL,0.52
0ATjEYD_L8bwfk_bfy3iW0,IFCWALL,0.81
0l1uiLxhf6Sh$CRbsdNO0A,IFCWALL,18.56
2xoycrPpH7EOfiZC0iDSic,IFCWALL,119.19
2xoycrPpH7EOfiZC0iDSim,IFCWALL,131.32
2xoycrPpH7EOfiZC0iDSi$,IFCWALL,113.68
2xoycrPpH7EOfiZC0iDSi8,IFCWALL,154.44
0j49MZvDrAEu6uW6jnTMzs,IFCCOVERING,602.15
0j49MZvDrAEu6uW6jnTMQ7,IFCLIGHTFIXTURE,210
0Lwxb_BUfALAc2_$BhZc3N,IFCWALL,128.32
0Lwxb_BUfALAc2_$BhZc0r,IFCWALL,139.54
10$nTTYwHDYQgso2$xPFp7,IFCWALL,89.58
2I7Auyk8bCgAfwQpXOR$07,IFCWALL,30.11
3IP1NcR8H1yQoZHEVfIrME,IFCCOVERING,755.43
3IP1NcR8H1yQoZHEVfIrqO,IFCLIGHTFIXTURE,210
3IP1NcR8H1yQoZHEVfIrr6,IFCLIGHTFIXTURE,210
3IP1NcR8H1yQoZHEVfIrpp,IFCLIGHTFIXTURE,210
37O9F6zDH7NuO6lYxEN7go,IFCLIGHTFIXTURE,210
37O9F6zDH7NuO6lYxEN7fZ,IFCSLAB,230.58
37O9F6zDH7NuO6lYxEN7fY,IFCWALL,46.62
37O9F6zDH7NuO6lYxEN7fm,IFCWALL,45.7
3Pa9TWKvP7U8BPMR24iKPT,IFCLIGHTFIXTURE,210
1Wv2Cbp9PCthbVpj80Y1$X,IFCSLAB,65.1
1df_AX8lj42QG_5UAC4gva,IFCWALL,4.48
1df_AX8lj42QG_5UAC4gFV,IFCSLAB,1961.38
2KlzI5wW9AsOx8hJvqWNmB,IFCSLAB,1333.33
1tz8JBV5H7GO6C798OW8hj,IFCWALL,15.09
3vN2Fl6Az8C9cBZizN$HQ1,IFCWALL,5.83
22T8RHjlP7sPxAvJUQWv$$,IFCWALL,44.29
22T8RHjlP7sPxAvJUQWvWV,IFCWALL,52.11
1EElBOt7v3W9v9xz3vHNnY,IFCFURNITURE,480
08XoS$GBT1bwdudRkRI5vq,IFCBUILDINGELEMENTPROXY,1.36
3WfYW5FlP7QuyLJ0RKDFii,IFCWALL,684.79
1uZF_xqvD0wwgJAqc2ejDJ,IFCFURNITURE,480
0q9es9kCD4oOj_kMIudRU4,IFCPLATE,191.69
0q9es9kCD4oOj_kMIudRTv,IFCPLATE,44.24
0q9es9kCD4oOj_kMIudRT8,IFCPLATE,191.69
0q9es9kCD4oOj_kMIudRTr,IFCMEMBER,72.92
0q9es9kCD4oOj_kMIudRTi,IFCMEMBER,72.92
0q9es9kCD4oOj_kMIudRTG,IFCMEMBER,72.92
0q9es9kCD4oOj_kMIudRTE,IFCMEMBER,72.92
0q9es9kCD4oOj_kMIudRSj,IFCMEMBER,15.95
0q9es9kCD4oOj_kMIudRSW,IFCMEMBER,15.95
00OcTh2YnDIRjBe1O3sIZb,IFCMEMBER,15.95
00OcTh2YnDIRjBe1O3sIZj,IFCMEMBER,15.95
00OcTh2YnDIRjBe1O3sIZi,IFCMEMBER,15.95
2ch6GiTYr6ofWwBJULtROq,IFCPLATE,44.24
2ch6GiTYr6ofWwBJULtRUr,IFCPLATE,26.07
2ch6GiTYr6ofWwBJULtROe,IFCMEMBER,72.92
2ch6GiTYr6ofWwBJULtRUJ,IFCMEMBER,69.12
343IftMCP4UOCLPJnm955e,IFCPLATE,44.24
343IftMCP4UOCLPJnm955U,IFCPLATE,44.24
343IftMCP4UOCLPJnm954n,IFCPLATE,44.24
343IftMCP4UOCLPJnm955$,IFCMEMBER,21.65
343IftMCP4UOCLPJnm955z,IFCMEMBER,71.02
343IftMCP4UOCLPJnm955C,IFCMEMBER,15.95
343IftMCP4UOCLPJnm954h,IFCMEMBER,15.95
343IftMCP4UOCLPJnm954z,IFCMEMBER,21.65
343IftMCP4UOCLPJnm9544,IFCMEMBER,15.95
343IftMCP4UOCLPJnm954F,IFCMEMBER,72.92
343IftMCP4UOCLPJnm954C,IFCMEMBER,72.92
343IftMCP4UOCLPJnmEwxf,IFCMEMBER,15.95
343IftMCP4UOCLPJnmEwxs,IFCMEMBER,36.84
343IftMCP4UOCLPJnmEwxB,IFCMEMBER,30.38
343IftMCP4UOCLPJnmEwxK,IFCMEMBER,32.28
343IftMCP4UOCLPJnmEwxI,IFCMEMBER,32.28
343IftMCP4UOCLPJnmEwxT,IFCMEMBER,71.02
04b3cqL6T7nASkHPv$no5U,IFCPLATE,107.06
04b3cqL6T7nASkHPv$no5n,IFCBUILDINGELEMENTPROXY,1.15
04b3cqL6T7nASkHPv$no4A,IFCMEMBER,58.49
04b3cqL6T7nASkHPv$no4u,IFCPLATE,120
2pwDOOMab0WgF3Q0CIvrVD,IFCPLATE,120
04b3cqL6T7nASkHPv$noxQ,IFCMEMBER,51.27
04b3cqL6T7nASkHPv$noxV,IFCMEMBER,54.69
04b3cqL6T7nASkHPv$noxg,IFCWALL,86.47
04b3cqL6T7nASkHPv$noxe,IFCWALL,67.59
04b3cqL6T7nASkHPv$now2,IFCPLATE,133.7
1yjzQ_fH5D2ulNYAuuyBa3,IFCMEMBER,115.45
04b3cqL6T7nASkHPv$now4,IFCPLATE,133.7
1yjzQ_fH5D2ulNYAuuyBaF,IFCMEMBER,115.45
1yjzQ_fH5D2ulNYAuuyBa8,IFCMEMBER,51.65
04b3cqL6T7nASkHPv$nowc,IFCPLATE,133.7
04b3cqL6T7nASkHPv$nowh,IFCPLATE,63.68
04b3cqL6T7nASkHPv$nowt,IFCMEMBER,2.31
04b3cqL6T7nASkHPv$nov8,IFCMEMBER,2.31
04b3cqL6T7nASkHPv$novJ,IFCMEMBER,1.67
04b3cqL6T7nASkHPv$novg,IFCMEMBER,4.68
04b3cqL6T7nASkHPv$novv,IFCMEMBER,4.68
04b3cqL6T7nASkHPv$nou1,IFCMEMBER,1.67
1yjzQ_fH5D2ulNYAuuyBvy,IFCMEMBER,115.45
04b3cqL6T7nASkHPv$no$Q,IFCPLATE,133.7
1yjzQ_fH5D2ulNYAuuyBvw,IFCMEMBER,51.65
04b3cqL6T7nASkHPv$no$r,IFCMEMBER,2.31
04b3cqL6T7nASkHPv$no_j,IFCMEMBER,4.68
04b3cqL6T7nASkHPv$no_n,IFCMEMBER,4.68
04b3cqL6T7nASkHPv$no_w,IFCMEMBER,2.23
04b3cqL6T7nASkHPv$nozH,IFCMEMBER,2.31
1yjzQ_fH5D2ulNYAuuyBuq,IFCMEMBER,2.31
1yjzQ_fH5D2ulNYAuuyBum,IFCMEMBER,4.68
1yjzQ_fH5D2ulNYAuuyBbG,IFCMEMBER,51.65
04b3cqL6T7nASkHPv$noyG,IFCPLATE,133.7
1yjzQ_fH5D2ulNYAuuyBbV,IFCMEMBER,115.45
04b3cqL6T7nASkHPv$noyt,IFCPLATE,63.68
04b3cqL6T7nASkHPv$nop2,IFCMEMBER,2.31
04b3cqL6T7nASkHPv$nop0,IFCMEMBER,2.31
04b3cqL6T7nASkHPv$nopE,IFCMEMBER,2.31
04b3cqL6T7nASkHPv$nopV,IFCMEMBER,1.67
04b3cqL6T7nASkHPv$nopl,IFCMEMBER,4.68
04b3cqL6T7nASkHPv$nop$,IFCMEMBER,2.23
04b3cqL6T7nASkHPv$noo3,IFCMEMBER,4.68
1yjzQ_fH5D2ulNYAuuyBbh,IFCMEMBER,2.31
1yjzQ_fH5D2ulNYAuuyBbr,IFCMEMBER,2.31
1yjzQ_fH5D2ulNYAuuyBbq,IFCMEMBER,2.31
1yjzQ_fH5D2ulNYAuuyBbz,IFCMEMBER,4.68
04b3cqL6T7nASkHPv$nonj,IFCMEMBER,1
04b3cqL6T7nASkHPv$nonn,IFCMEMBER,4.68
04b3cqL6T7nASkHPv$nony,IFCMEMBER,1.06
2B9ggR9Lj4EhSARQFirulc,IFCMEMBER,2.31
04b3cqL6T7nASkHPv$not1,IFCMEMBER,4.68
04b3cqL6T7nASkHPv$not8,IFCMEMBER,1
04b3cqL6T7nASkHPv$not9,IFCMEMBER,4.68
04b3cqL6T7nASkHPv$notN,IFCMEMBER,4.68
04b3cqL6T7nASkHPv$notr,IFCPLATE,61.83
04b3cqL6T7nASkHPv$notu,IFCMEMBER,2.4
04b3cqL6T7nASkHPv$notv,IFCMEMBER,2.43
0swtehvpv5Xh4hPQqBXFWi,IFCMEMBER,4.68
04b3cqL6T7nASkHPv$nosg,IFCMEMBER,52.41
04b3cqL6T7nASkHPv$norA,IFCBUILDINGELEMENTPROXY,0.82
04b3cqL6T7nASkHPv$nor9,IFCBUILDINGELEMENTPROXY,0.13
04b3cqL6T7nASkHPv$norE,IFCBUILDINGELEMENTPROXY,0.82
04b3cqL6T7nASkHPv$norK,IFCMEMBER,48.61
04b3cqL6T7nASkHPv$norS,IFCMEMBER,51.27
04b3cqL6T7nASkHPv$noqx,IFCPLATE,133.7
04b3cqL6T7nASkHPv$nohJ,IFCMEMBER,0.94
04b3cqL6T7nASkHPv$nohH,IFCMEMBER,0.94
04b3cqL6T7nASkHPv$nohT,IFCMEMBER,2.17
1OaMw_Cab2rxa6bHc83NZz,IFCCOLUMN,298.29
0XunQJuDrCywXJ370JIT92,IFCFURNITURE,480
0XunQJuDrCywXJ370JITE2,IFCFURNITURE,480
22Gx_RTqTArPWCEi3QY9bQ,IFCWALL,75.44
39gRXDizDDsOk0amDBXR7S,IFCCOLUMN,442.23
3SnOVw7ojDZ8nnFzhqldxm,IFCMEMBER,18.61
0V7b1sZrLBF8P59YUseLui,IFCMEMBER,28.86
0V7b1sZrLBF8P59YUseLwh,IFCMEMBER,20.7
30dzunCuvCRADZXw6x9oxM,IFCLIGHTFIXTURE,210
30dzunCuvCRADZXw6x9oxL,IFCLIGHTFIXTURE,210
1G_I00WlX2MBQekqB04dFi,IFCWALL,2365.92
1PXhyobVjFBBmnnrKsDRDb,IFCWALL,404.38
1dQuNrVRX7Z8lBw2sv8hmI,IFCSLAB,546.75
31rKK5OS94d9cPXIYeNUhO,IFCWALL,2500.58
1nMwdyzlT4AuQ_X$HWZFMm,IFCBUILDINGELEMENTPROXY,1.67
0OoVmktSP6XQwhSCQS0Lrc,IFCDOOR,1849.63
07qCfCfOH2$9ZHLwxaU8Rw,IFCDOOR,1849.63
0s9hxL8vH4AQpm7LXCLP3Q,IFCFURNITURE,480
0s9hxL8vH4AQpm7LXCLPDW,IFCWALL,361.06
15xKUPqIHAl8uhdIa8aDe0,IFCWALL,1491.39
15xKUPqIHAl8uhdIa8aDgE,IFCWALL,1324.12
0K0FV0u6b9L9sDGL7lHFmu,IFCWALL,46.77
28fEL2KJH3nefH9oQJhuQx,IFCDOOR,1563.45
321qo6Jt58aRGW1V_saw2s,IFCWALL,10.76
321qo6Jt58aRGW1V_sawAQ,IFCBUILDINGELEMENTPROXY,33.39
321qo6Jt58aRGW1V_sawAm,IFCWALL,43.88
321qo6Jt58aRGW1V_sawBZ,IFCWALL,211.61
321qo6Jt58aRGW1V_sawCR,IFCBUILDINGELEMENTPROXY,33.39
321qo6Jt58aRGW1V_sawDT,IFCFURNITURE,480
321qo6Jt58aRGW1V_sawDa,IFCFURNITURE,480
321qo6Jt58aRGW1V_sawDe,IFCBUILDINGELEMENTPROXY,4.31
0VVnxgi8r1RvuSi7dfo6ou,IFCDOOR,1647.37
3aJHYCIlHAIBfmGnzR8c2E,IFCDOOR,1647.37
1sqRaCGxn09vsPk5LktJJd,IFCDOOR,1563.45
1sqRaCGxn09vsPk5LktKus,IFCDOOR,1513.13
1sqRaCGxn09vsPk5LktLJE,IFCWALL,9.19
2DrlDkmyDFLerHNnIG0pSW,IFCWALL,30.47
2DrlDkmyDFLerHNnIG0pST,IFCWALL,75.79
2DrlDkmyDFLerHNnIG0pSC,IFCFURNITURE,480
2DrlDkmyDFLerHNnIG0pSA,IFCBUILDINGELEMENTPROXY,16.02
2DrlDkmyDFLerHNnIG0pS9,IFCBUILDINGELEMENTPROXY,33.39
2DrlDkmyDFLerHNnIG0oIv,IFCFURNITURE,480
3iyaklxkz9qAPSMzkXZmND,IFCSLAB,607.86
3k0mOVrxHEQhEN_aJoHyzZ,IFCWALL,148.68
3ILb7oItT50eCRbCAAdINi,IFCWALL,205.44
0U4XQxUbT6Kgsr80BN4mqK,IFCWALL,54.84
0U4XQxUbT6Kgsr80BN4mru,IFCFURNITURE,480
0swtehvpv5Xh4hPQqBXFZM,IFCMEMBER,4.68
0swtehvpv5Xh4hPQqBXFZL,IFCMEMBER,2.17
0swtehvpv5Xh4hPQqBXFYA,IFCMEMBER,2.31
04b3cqL6T7nASkHPv$noh$,IFCWALL,90.81
04b3cqL6T7nASkHPv$nog8,IFCBUILDINGELEMENTPROXY,0.82
04b3cqL6T7nASkHPv$nogO,IFCBUILDINGELEMENTPROXY,0.13
04b3cqL6T7nASkHPv$nof5,IFCPLATE,104.17
04b3cqL6T7nASkHPv$nof7,IFCMEMBER,60.38
04b3cqL6T7nASkHPv$nofE,IFCMEMBER,52.41
3OhzNnQJv21gnrHYZCXyhW,IFCSLAB,193.29
2HJPHz$LL92Ori_VKXvn5S,IFCBUILDINGELEMENTPROXY,1.46
2BVeQ1SqP5AhTNOyGjrJYO,IFCWALL,16.97
2BVeQ1SqP5AhTNOyGjrJYs,IFCBUILDINGELEMENTPROXY,0.69
00WwxNqKn5EweTI6IzsaZN,IFCCOLUMN,435.81
2QDy_PLVb31xm6$QTp1u7V,IFCCOLUMN,435.81
3nw5KY1dn1zxKxL51gZA20,IFCCOLUMN,22.51
0YJ8xtZP17Ah3VLuKNceef,IFCWALL,2330.63
0miuAs27j0Uv$d9Nf9LTfc,IFCBUILDINGELEMENTPROXY,3890.58
3Ff9G3z7n2P9bWgey4$WbN,IFCBUILDINGELEMENTPROXY,0.19
1wCEYt3qz4oQ7dd0hslcqK,IFCFURNITURE,480
0F8MBhrI9DsuFtYcLuUhGT,IFCWALL,161.54
0F8MBhrI9DsuFtYcLuUhGd,IFCWALL,161.54
3_kk4p4U1Bdg7XGdF3sGTP,IFCWALL,7.24
0diyFkYn13LhiY6isZhH6F,IFCWALL,435.33
0OJjI_wr5DjxGFObFsiQen,IFCWALL,1941.06
1do79UPsT5QgT3kMg0ohoc,IFCFURNITURE,480
1do79UPsT5QgT3kMg0ohpJ,IFCSLAB,185.38
1do79UPsT5QgT3kMg0ohpf,IFCBUILDINGELEMENTPROXY,1.11
1do79UPsT5QgT3kMg0ohpn,IFCFURNITURE,480
1do79UPsT5QgT3kMg0ohue,IFCWALL,111.11
2XHYIYzAHChPcvcG26L_$0,IFCWALL,140.52
2Ytno7yd91dQAhhP73Exwh,IFCWALL,9.19
2Ytno7yd91dQAhhP73Exwg,IFCBUILDINGELEMENTPROXY,1.19
34mODHFQDC3ezsKZ2MOG8Z,IFCWALL,174.23
34mODHFQDC3ezsKZ2MOGBF,IFCWALL,174.23
2oZOAxgUXFQeJE8Qj5ybU5,IFCWALL,50.53
1osuz$c1TCrANt0okqklo1,IFCWALL,361.25
3YfnAv$UvEUhbGFWLHkkBZ,IFCWALL,904.47
0stYUSRTn5hRP77Rc$SXW7,IFCCOLUMN,1156.39
0stYUSRTn5hRP77Rc$SYMy,IFCCOLUMN,715.39
0stYUSRTn5hRP77Rc$SYMz,IFCCOLUMN,428.31
0mlMV$YD96HATmmaM7GXvU,IFCDOOR,1457.23
1UWxiaL6n2IvHI9YKlqOOI,IFCSLAB,233.54
0XBFHnQe93rRA990yV0P00,IFCSLAB,231.22
3fIyBYh7fB78nAzlrPVPN1,IFCSLAB,19.67
2cPAAN9ynEiAVL2RHeqiBz,IFCWALL,154.7
3RKbg7mVv5KOhSWj4h$8FB,IFCMEMBER,48.28
02a5zYLwD3j9mC$YV6woqo,IFCWALL,34.12
15dMzGGu96lAjQVcpG2Dc$,IFCWALL,14.16
2Nacuo19H4IAx5s3kv9C6B,IFCWINDOW,3470.25
2Nacuo19H4IAx5s3kv9COx,IFCWALL,15.51
23guZW2iXFCuvZJwtILzWN,IFCPLATE,168.72
23guZW2iXFCuvZJwtILzXf,IFCMEMBER,37.22
0fb8ht1cj4oRHWJZerVZLh,IFCMEMBER,13.86
0fb8ht1cj4oRHWJZerVZJV,IFCMEMBER,13.86
2wYho76PDA9vn_AFRLvR99,IFCSTAIR,4200
31rKK5OS94d9cPXIYeNUen,IFCMEMBER,350
1RnSlX0HHBBwBLUCApJcGT,IFCBUILDINGELEMENTPROXY,400
31rKK5OS94d9cPXIYeNUe8,IFCRAILING,620
2wYho76PDA9vn_AFRLvRYj,IFCMEMBER,350
30_unZMKn1MQl6F50nWv20,IFCSTAIR,4200
3IP1NcR8H1yQoZHEVfIr3X,IFCBUILDINGELEMENTPROXY,400
2MGIpRi0XEXwECOTNgoziH,IFCMEMBER,350
3scyhg1aT4f8EoxA1HN_Zx,IFCMEMBER,350
25N4$p49b2c8o9Rn3isxIU,IFCBUILDINGELEMENTPROXY,400
02_CiyN659neOqt2G8Ol8H,IFCRAILING,620
0KFiZbIOr6CvZu5Ad4jxI8,IFCRAILING,620
2wYho76PDA9vn_AFRLvQ_z,IFCMEMBER,350
0gNsikZPrFZe6ltc4u6HXZ,IFCBUILDINGELEMENTPROXY,400
2LDPNirxb6Uv4e97Wb9a_P,IFCBUILDINGELEMENTPROXY,400
1zaxyAqU13Vwe7hlENZDmQ,IFCBUILDINGELEMENTPROXY,400
37O9F6zDH7NuO6lYxEN7eV,IFCBUILDINGELEMENTPROXY,400
31rKK5OS94d9cPXIYeNUTm,IFCSTAIR,4200
2LDPNirxb6Uv4e97Wb9a_U,IFCBUILDINGELEMENTPROXY,400
02_CiyN659neOqt2G8Olzh,IFCMEMBER,350
37O9F6zDH7NuO6lYxEN7f$,IFCBUILDINGELEMENTPROXY,400
22T8RHjlP7sPxAvJUQWvsu,IFCBUILDINGELEMENTPROXY,400
2wYho76PDA9vn_AFRLvRWP,IFCMEMBER,350
2I7Auyk8bCgAfwQpXOR$01,IFCBUILDINGELEMENTPROXY,400
3LZOmf0A98PeT3v$HqSMfA,IFCMEMBER,350
37O9F6zDH7NuO6lYxEN7fT,IFCBUILDINGELEMENTPROXY,400
30zSZjFxH19R7IhI893q05,IFCBUILDINGELEMENTPROXY,400
22T8RHjlP7sPxAvJUQWvZW,IFCBUILDINGELEMENTPROXY,400
31rKK5OS94d9cPXIYeNUUq,IFCSTAIR,4200
02_CiyN659neOqt2G8Olzz,IFCSLAB,1200
1zaxyAqU13Vwe7hlENZC9K,IFCBUILDINGELEMENTPROXY,400
3TkjyJB82Z5aXsh70sUrRN,IFCRAILING,620
31rKK5OS94d9cPXIYeNUeo,IFCMEMBER,350
37O9F6zDH7NuO6lYxEN7Ft,IFCBUILDINGELEMENTPROXY,400
3oWRtKgGH6quoh0HBRWZPM,IFCBUILDINGELEMENTPROXY,400
2I7Auyk8bCgAfwQpXOR$05,IFCBUILDINGELEMENTPROXY,400
2ws3TBqc9C4v14P9rtpfuk,IFCSTAIR,4200
2wYho76PDA9vn_AFRLvQz$,IFCSTAIR,4200
1RUDf2fwn6TgeojUDHRGqo,IFCMEMBER,350
37O9F6zDH7NuO6lYxEN7hd,IFCBUILDINGELEMENTPROXY,400
0O5ZCyMCrCOQ6uiL7qfhbw,IFCRAILING,620
2a6zHOfaLFP8TYPbHanu8L,IFCBUILDINGELEMENTPROXY,400
3IP1NcR8H1yQoZHEVfIrop,IFCBUILDINGELEMENTPROXY,400
3IP1NcR8H1yQoZHEVfIro5,IFCBUILDINGELEMENTPROXY,400
1oXnKg$g1920nFRT3Y6t92,IFCMEMBER,350
2LDPNirxb6Uv4e97Wb9a_Q,IFCBUILDINGELEMENTPROXY,400
2X2CNlWeUafw7Hh1JN7fs1,IFCSLAB,1200
0gNsikZPrFZe6ltc4u6HZZ,IFCBUILDINGELEMENTPROXY,400
30zSZjFxH19R7IhI893q4J,IFCBUILDINGELEMENTPROXY,400
30zSZjFxH19R7IhI893q04,IFCBUILDINGELEMENTPROXY,400
31rKK5OS94d9cPXIYeNUON,IFCRAILING,620
1avhRfmw91wxWQrhU4W2IK,IFCRAILING,620
02lo9sjvz8BucIIDWsvK_O,IFCMEMBER,350
0xFNQ8PGTBT9zQcWRoy5HY,IFCRAILING,620
1JU62QTXfD2RUOVIJGrICe,IFCMEMBER,350
02_CiyN659neOqt2G8Olzq,IFCSTAIR,4200
1zaxyAqU13Vwe7hlENZDm9,IFCBUILDINGELEMENTPROXY,400
3IP1NcR8H1yQoZHEVfIrM6,IFCBUILDINGELEMENTPROXY,400
1so12ObPvEw9FnMYRSTPV6,IFCBUILDINGELEMENTPROXY,400
07qCfCfOH2$9ZHLwxaU8O2,IFCRAILING,620
02_CiyN659neOqt2G8OlwG,IFCRAILING,620
0yWZ5pCYf0h8ACXcZFmk_3,IFCBUILDINGELEMENTPROXY,29.25
2Wk83bCBP5xxmQhRC_$kSz,IFCCOVERING,231.05
2Wk83bCBP5xxmQhRC_$kXb,IFCCOVERING,232.03
29L_DeI4f1hfP6ODuq8duP,IFCLIGHTFIXTURE,210
1ynIJTp3j41BnCd95bH$xx,IFCLIGHTFIXTURE,210
2i1ro43jr7TeCTnrJrjJyY,IFCLIGHTFIXTURE,210
2i1ro43jr7TeCTnrJrjJyZ,IFCLIGHTFIXTURE,210
06fTk68cnA6vD9GRSabm7b,IFCLIGHTFIXTURE,210
06fTk68cnA6vD9GRSabpGp,IFCLIGHTFIXTURE,210
2iprjJO5DFPPFZufOJpohO,IFCWALL,5.99
3b_GinbYTDwALWT66s67I8,IFCWINDOW,690.67
2Fie0ty599fxnsmWh4Vkcp,IFCPLATE,71.08
2Dmljw8uHCLBZQQu9H5f01,IFCMEMBER,118.49
2Dmljw8uHCLBZQQu9H5f0q,IFCMEMBER,54.69
2Dmljw8uHCLBZQQu9H5f0p,IFCMEMBER,19.75
2Dmljw8uHCLBZQQu9H5f3z,IFCPLATE,23.16
2Dmljw8uHCLBZQQu9H5f3Q,IFCPLATE,105.98
2Dmljw8uHCLBZQQu9H5f3A,IFCMEMBER,97.6
2Dmljw8uHCLBZQQu9H5fB_,IFCPLATE,253.85
2Dmljw8uHCLBZQQu9H5fBz,IFCMEMBER,232.04
2Dmljw8uHCLBZQQu9H5fB9,IFCCURTAINWALL,5561.11
2Dmljw8uHCLBZQQu9H5f8K,IFCPLATE,21.32
2Dmljw8uHCLBZQQu9H5f9z,IFCMEMBER,57.35
2Dmljw8uHCLBZQQu9H5f9C,IFCMEMBER,114.12
2Dmljw8uHCLBZQQu9H5f97,IFCMEMBER,21.27
2Dmljw8uHCLBZQQu9H5fMS,IFCCURTAINWALL,394.25
2Dmljw8uHCLBZQQu9H5fMt,IFCPLATE,150.82
2Dmljw8uHCLBZQQu9H5fMs,IFCPLATE,107.79
2Dmljw8uHCLBZQQu9H5fMF,IFCMEMBER,54.69
2Dmljw8uHCLBZQQu9H5fMp,IFCMEMBER,37.98
2Dmljw8uHCLBZQQu9H5fMg,IFCMEMBER,120.01
2Dmljw8uHCLBZQQu9H5fKT,IFCMEMBER,57.35
2Dmljw8uHCLBZQQu9H5fKP,IFCMEMBER,24.69
3WJfQUHe1A3x25MI_xeXn6,IFCLIGHTFIXTURE,210
3o5gkqdY9E6A2F1wtqtPfU,IFCLIGHTFIXTURE,210
3o5gkqdY9E6A2F1wtqtPfe,IFCLIGHTFIXTURE,210
0GEi30tdHE7giWEzRe7MxV,IFCWALL,14.33
21U07TPLv4F9zfrV5EuniJ,IFCPLATE,282.04
21U07TPLv4F9zfrV5EuniK,IFCPLATE,495.23
21U07TPLv4F9zfrV5EuniO,IFCPLATE,484.41
21U07TPLv4F9zfrV5Eunj2,IFCPLATE,282.04
21U07TPLv4F9zfrV5Euni1,IFCMEMBER,85
21U07TPLv4F9zfrV5Eunjd,IFCMEMBER,86.59
21U07TPLv4F9zfrV5Eunjb,IFCMEMBER,86.9
21U07TPLv4F9zfrV5Eunot,IFCMEMBER,85
0m3ylIKyvFIf90OJWdRdsJ,IFCFURNITURE,480
0m3ylIKyvFIf90OJWdRdqq,IFCFURNITURE,480
2ey33Zf5DB4g1cN7D9W900,IFCROOF,1390.71
0d_HunAzzAPg4$RxtR7pgN,IFCDOOR,2022.65
2F3zBK1BH8DBfhr$IH1OYO,IFCBUILDINGELEMENTPROXY,0.05
2F3zBK1BH8DBfhr$IH1OZF,IFCBUILDINGELEMENTPROXY,1.1
2F3zBK1BH8DBfhr$IH1OZ4,IFCBUILDINGELEMENTPROXY,0.05
0uSJAgBT1ABOFjSdJfHCRP,IFCSLAB,42.22
37O9F6zDH7NuO6lYxEN7e_,IFCSLAB,230.58
30zSZjFxH19R7IhI893rQY,IFCLIGHTFIXTURE,210
30zSZjFxH19R7IhI893ra8,IFCLIGHTFIXTURE,210
30zSZjFxH19R7IhI893raD,IFCLIGHTFIXTURE,210
30zSZjFxH19R7IhI893q9S,IFCLIGHTFIXTURE,210
2Dmljw8uHCLBZQQu9H5fNM,IFCMEMBER,56.59
2Dmljw8uHCLBZQQu9H5fNF,IFCMEMBER,37.98
1HuOQ2xWrE6xc43TABXj_q,IFCLIGHTFIXTURE,210
1sXdHX7zj82gQ8fyf1aZP2,IFCBUILDINGELEMENTPROXY,0.49
1sXdHX7zj82gQ8fyf1aZM4,IFCBUILDINGELEMENTPROXY,0.49
1sXdHX7zj82gQ8fyf1aZNt,IFCBUILDINGELEMENTPROXY,0.3
128PB7rvH4mfupwLkPTVrR,IFCBUILDINGELEMENTPROXY,1.75
2F3zBK1BH8DBfhr$IH1ObR,IFCBUILDINGELEMENTPROXY,1.1
2F3zBK1BH8DBfhr$IH1ObJ,IFCBUILDINGELEMENTPROXY,1.1
0usV6tDDnFohq5PghQ5D2_,IFCBUILDINGELEMENTPROXY,1.12
0usV6tDDnFohq5PghQ5D3W,IFCBUILDINGELEMENTPROXY,1.31
0TeQPvs6PFvRYPhBxV5q1E,IFCBUILDINGELEMENTPROXY,0.69
0nmj5h3Qz0HuadpZqE8VI5,IFCWALL,258.42
34lqDYnzHB3wmZslDJwl9v,IFCWALL,7.44
34lqDYnzHB3wmZslDJwl8q,IFCWALL,0.49
34lqDYnzHB3wmZslDJwl8i,IFCWALL,3.93
34lqDYnzHB3wmZslDJwlDr,IFCWALL,5.39
359zRRFDT1vRiwFSrqNXl3,IFCLIGHTFIXTURE,210
359zRRFDT1vRiwFSrqNWa0,IFCWALL,3.03
27Lo6h2UP65vjs4td1k_xY,IFCBUILDINGELEMENTPROXY,1.12
2kyPfOJCwBxZ$y$QkbUhDJ,IFCSLAB,46.94
3LKwJ4y4hhpIL_mPSgHEmA,IFCSLAB,46.94
0LC$9$2dX7$gor7712GhGB,IFCWALL,63.89
0LC$9$2dX7$gor7712GhFu,IFCWALL,156.89
0LC$9$2dX7$gor7712Gh5N,IFCWALL,148.06
1dKu5zsdHE_A8Pn$AaqhX4,IFCBUILDINGELEMENTPROXY,0.26
1dKu5zsdHE_A8Pn$Aaqeb$,IFCWALL,30.84
2xoycrPpH7EOfiZC0iDSGH,IFCWALL,188.08
1T5Wcb3F14If4LK98pJeCf,IFCWALL,98.28
0j49MZvDrAEu6uW6jnTM$d,IFCCOVERING,602.15
0j49MZvDrAEu6uW6jnTMOx,IFCLIGHTFIXTURE,210
0RjpzTzI92$PvNq_RFrvu0,IFCWALL,123.96
10$nTTYwHDYQgso2$xPFrc,IFCWALL,124.13
10$nTTYwHDYQgso2$xPFZ$,IFCWALL,104.3
10$nTTYwHDYQgso2$xPFZs,IFCWALL,88.15
3IP1NcR8H1yQoZHEVfIrC2,IFCLIGHTFIXTURE,210
3IP1NcR8H1yQoZHEVfIrr7,IFCLIGHTFIXTURE,210
37O9F6zDH7NuO6lYxEN7fE,IFCLIGHTFIXTURE,210
3k4tQNzrb6AuOubdMDqz3G,IFCWALL,114.92
2VbmknNWH5ueGyA7dIdxE2,IFCBUILDINGELEMENTPROXY,0.27
2VbmknNWH5ueGyA7dIdxEV,IFCDOOR,2022.65
19jRsGRmHCtQuanP7b0FKE,IFCSLAB,4837.53
1Wv2Cbp9PCthbVpj80Y1z_,IFCSLAB,378.11
2CN5jdBAn0heeMXkK42yhJ,IFCWALL,33.06
2CN5jdBAn0heeMXkK42zR8,IFCWALL,200.62
3DXKBuZLPBzw30xfYN9u7E,IFCWALL,228.65
3KrCbdeP9BrvrXHbW9230G,IFCWALL,75.69
3vN2Fl6Az8C9cBZizN$HQP,IFCWALL,5.19
3vN2Fl6Az8C9cBZizN$HQ7,IFCWALL,4.94
3vN2Fl6Az8C9cBZizN$HQC,IFCWALL,5.66
1EElBOt7v3W9v9xz3vHNnA,IFCFURNITURE,480
08XoS$GBT1bwdudRkRI64B,IFCBUILDINGELEMENTPROXY,3.9
0KFiZbIOr6CvZu5Ad4jxI7,IFCSLAB,660.1
11qQrX$zDAqxSsCbLSxNBS,IFCWALL,58.5
00OcTh2YnDIRjBe1O3sIYb,IFCPLATE,44.24
0q9es9kCD4oOj_kMIudRTo,IFCMEMBER,71.02
0q9es9kCD4oOj_kMIudRTl,IFCMEMBER,72.92
0q9es9kCD4oOj_kMIudRSY,IFCMEMBER,72.92
00OcTh2YnDIRjBe1O3sIYG,IFCMEMBER,72.92
00OcTh2YnDIRjBe1O3sIZX,IFCMEMBER,69.12
2ch6GiTYr6ofWwBJULtRRU,IFCMEMBER,72.92
2ch6GiTYr6ofWwBJULtRUG,IFCMEMBER,69.12
343IftMCP4UOCLPJnm954q,IFCPLATE,44.24
343IftMCP4UOCLPJnm955Q,IFCPLATE,191.69
343IftMCP4UOCLPJnm955O,IFCPLATE,44.24
343IftMCP4UOCLPJnm955N,IFCMEMBER,36.84
343IftMCP4UOCLPJnm955I,IFCMEMBER,72.92
343IftMCP4UOCLPJnm954d,IFCMEMBER,72.92
343IftMCP4UOCLPJnm954g,IFCMEMBER,36.84
343IftMCP4UOCLPJnm9543,IFCMEMBER,71.02
343IftMCP4UOCLPJnmEwxt,IFCMEMBER,15.95
343IftMCP4UOCLPJnmEwxr,IFCMEMBER,36.84
04b3cqL6T7nASkHPv$no5X,IFCMEMBER,56.21
04b3cqL6T7nASkHPv$no5r,IFCMEMBER,54.69
04b3cqL6T7nASkHPv$no5w,IFCMEMBER,60.38
04b3cqL6T7nASkHPv$no4D,IFCMEMBER,54.69
04b3cqL6T7nASkHPv$no4T,IFCMEMBER,51.27
04b3cqL6T7nASkHPv$no4H,IFCWALL,765.13
04b3cqL6T7nASkHPv$noxC,IFCPLATE,104.17
04b3cqL6T7nASkHPv$noxI,IFCPLATE,120
04b3cqL6T7nASkHPv$noxk,IFCWINDOW,3321.76
04b3cqL6T7nASkHPv$noxr,IFCPLATE,47.5
04b3cqL6T7nASkHPv$now8,IFCPLATE,133.7
1yjzQ_fH5D2ulNYAuuyBaJ,IFCMEMBER,115.45
1yjzQ_fH5D2ulNYAuuyBaB,IFCMEMBER,115.45
04b3cqL6T7nASkHPv$nowo,IFCMEMBER,2.31
04b3cqL6T7nASkHPv$nowp,IFCMEMBER,2.31
04b3cqL6T7nASkHPv$nowq,IFCMEMBER,2.31
04b3cqL6T7nASkHPv$novO,IFCMEMBER,4.68
04b3cqL6T7nASkHPv$novi,IFCMEMBER,4.68
04b3cqL6T7nASkHPv$novr,IFCMEMBER,4.68
04b3cqL6T7nASkHPv$nouA,IFCMEMBER,4.68
1yjzQ_fH5D2ulNYAuuyBak,IFCMEMBER,2.31
1yjzQ_fH5D2ulNYAuuyBah,IFCMEMBER,2.31
1yjzQ_fH5D2ulNYAuuyBam,IFCMEMBER,4.68
1yjzQ_fH5D2ulNYAuuyBap,IFCMEMBER,4.68
04b3cqL6T7nASkHPv$no$1,IFCPLATE,133.7
1yjzQ_fH5D2ulNYAuuyBvk,IFCMEMBER,51.65
04b3cqL6T7nASkHPv$no$G,IFCPLATE,133.7
04b3cqL6T7nASkHPv$no$N,IFCPLATE,133.7
1yjzQ_fH5D2ulNYAuuyBvg,IFCMEMBER,51.65
04b3cqL6T7nASkHPv$no$P,IFCPLATE,133.7
04b3cqL6T7nASkHPv$no$s,IFCMEMBER,2.4
04b3cqL6T7nASkHPv$no_E,IFCMEMBER,2.31
04b3cqL6T7nASkHPv$no_L,IFCMEMBER,1.67
04b3cqL6T7nASkHPv$no_k,IFCMEMBER,4.68
04b3cqL6T7nASkHPv$no_s,IFCMEMBER,4.68
04b3cqL6T7nASkHPv$noyD,IFCPLATE,133.7
04b3cqL6T7nASkHPv$noyI,IFCPLATE,133.7
04b3cqL6T7nASkHPv$noyK,IFCPLATE,133.7
04b3cqL6T7nASkHPv$noyW,IFCPLATE,133.7
1yjzQ_fH5D2ulNYAuuyBbO,IFCMEMBER,51.65
04b3cqL6T7nASkHPv$noyg,IFCPLATE,133.7
04b3cqL6T7nASkHPv$noye,IFCPLATE,133.7
04b3cqL6T7nASkHPv$nop4,IFCMEMBER,2.31
04b3cqL6T7nASkHPv$nopA,IFCMEMBER,2.31
04b3cqL6T7nASkHPv$nope,IFCMEMBER,4.68
04b3cqL6T7nASkHPv$nopo,IFCMEMBER,4.68
04b3cqL6T7nASkHPv$noo6,IFCMEMBER,4.68
04b3cqL6T7nASkHPv$nooE,IFCMEMBER,2.37
04b3cqL6T7nASkHPv$nooU,IFCMEMBER,2.31
1yjzQ_fH5D2ulNYAuuyBbf,IFCMEMBER,2.31
04b3cqL6T7nASkHPv$non9,IFCPLATE,28.15
04b3cqL6T7nASkHPv$nonx,IFCMEMBER,4.68
04b3cqL6T7nASkHPv$nomB,IFCMEMBER,4.68
04b3cqL6T7nASkHPv$nomY,IFCPLATE,26.39
0swtehvpv5Xh4hPQqBXFcE,IFCMEMBER,2.4
04b3cqL6T7nASkHPv$notg,IFCPLATE,28.15
04b3cqL6T7nASkHPv$notz,IFCMEMBER,2.31
04b3cqL6T7nASkHPv$nosQ,IFCMEMBER,2.17
0swtehvpv5Xh4hPQqBXFWg,IFCMEMBER,2.17
0swtehvpv5Xh4hPQqBXFWs,IFCMEMBER,2.31
0swtehvpv5Xh4hPQqBXFWr,IFCMEMBER,2.31
04b3cqL6T7nASkHPv$norV,IFCPLATE,59.26
04b3cqL6T7nASkHPv$norg,IFCWALL,261.78
04b3cqL6T7nASkHPv$noh3,IFCPLATE,61.83
04b3cqL6T7nASkHPv$noh8,IFCMEMBER,2.31
04b3cqL6T7nASkHPv$nohD,IFCMEMBER,2.31
0stYUSRTn5hRP77Rc$SYLY,IFCCOLUMN,462.51
2NVDfmr3r0pwm4jNoJqP3c,IFCCOLUMN,961.48
1OaMw_Cab2rxa6bHc83NX4,IFCCOLUMN,481.71
0XunQJuDrCywXJ370JIT7K,IFCFURNITURE,480
0XunQJuDrCywXJ370JIT75,IFCFURNITURE,480
1dQuNrVRX7Z8lBw2sv8jhG,IFCLIGHTFIXTURE,210
1dQuNrVRX7Z8lBw2sv8jlI,IFCLIGHTFIXTURE,210
1dQuNrVRX7Z8lBw2sv8jlF,IFCLIGHTFIXTURE,210
24UQUejir30hZbTvW6h7fg,IFCWALL,65.25
3SnOVw7ojDZ8nnFzhqld$w,IFCPLATE,308.37
3SnOVw7ojDZ8nnFzhqldif,IFCMEMBER,42.91
3SnOVw7ojDZ8nnFzhqldil,IFCMEMBER,83.17
3SnOVw7ojDZ8nnFzhqldib,IFCMEMBER,24.31
3SnOVw7ojDZ8nnFzhqldG$,IFCMEMBER,91.85
3SnOVw7ojDZ8nnFzhqlcko,IFCPLATE,83.82
3SnOVw7ojDZ8nnFzhqlckq,IFCMEMBER,109.37
0V7b1sZrLBF8P59YUseLxT,IFCMEMBER,100.26
30dzunCuvCRADZXw6x9oxN,IFCLIGHTFIXTURE,210
30dzunCuvCRADZXw6x9orD,IFCLIGHTFIXTURE,210
30dzunCuvCRADZXw6x9ooy,IFCWALL,191.58
1PXhyobVjFBBmnnrKsD404,IFCWALL,374.31
3DE5vmczr4FuPFcnu5Roso,IFCWALL,91.92
1nMwdyzlT4AuQ_X$HWZFDY,IFCSLAB,3.82
1nMwdyzlT4AuQ_X$HWZFM3,IFCBUILDINGELEMENTPROXY,1.46
31rKK5OS94d9cPXIYeNUNM,IFCSLAB,4.21
31rKK5OS94d9cPXIYeNUgH,IFCBUILDINGELEMENTPROXY,1.35
31rKK5OS94d9cPXIYeNUhP,IFCDOOR,1849.63
1nMwdyzlT4AuQ_X$HWZCjW,IFCWALL,1108.28
07qCfCfOH2$9ZHLwxaU8Qq,IFCBUILDINGELEMENTPROXY,1.88
0s9hxL8vH4AQpm7LXCLUDP,IFCWALL,3165.24
0s9hxL8vH4AQpm7LXCLUs0,IFCWALL,1833.07
0s9hxL8vH4AQpm7LXCLP7i,IFCFURNITURE,480
0s9hxL8vH4AQpm7LXCLP0X,IFCFURNITURE,480
15xKUPqIHAl8uhdIa8aC6J,IFCWALL,706.21
15xKUPqIHAl8uhdIa8aDlo,IFCWALL,1491.39
1Un9ptyoX1vey29ZkM5BJc,IFCWALL,2458.84
1Un9ptyoX1vey29ZkM5AzY,IFCBUILDINGELEMENTPROXY,0.19
0K0FV0u6b9L9sDGL7lH993,IFCFURNITURE,480
28fEL2KJH3nefH9oQJhuKS,IFCDOOR,1513.13
28fEL2KJH3nefH9oQJhuQE,IFCWALL,36.56
28fEL2KJH3nefH9oQJhuQp,IFCWALL,46.77
28fEL2KJH3nefH9oQJhuQu,IFCBUILDINGELEMENTPROXY,0.93
28fEL2KJH3nefH9oQJhuQX,IFCBUILDINGELEMENTPROXY,63.35
28fEL2KJH3nefH9oQJhuRH,IFCBUILDINGELEMENTPROXY,4.31
28fEL2KJH3nefH9oQJhuST,IFCWALL,24.68
321qo6Jt58aRGW1V_saw2v,IFCFURNITURE,480
321qo6Jt58aRGW1V_sawA1,IFCFURNITURE,480
321qo6Jt58aRGW1V_sawAY,IFCFURNITURE,480
321qo6Jt58aRGW1V_sawAj,IFCFURNITURE,480
321qo6Jt58aRGW1V_sawDO,IFCWALL,5.85
321qo6Jt58aRGW1V_sawD8,IFCWALL,10.76
321qo6Jt58aRGW1V_sawDo,IFCDOOR,1563.45
321qo6Jt58aRGW1V_sawDf,IFCWALL,5.85
1sqRaCGxn09vsPk5LktIqC,IFCWALL,89.49
1sqRaCGxn09vsPk5LktJUh,IFCBUILDINGELEMENTPROXY,1.11
1sqRaCGxn09vsPk5LktKPA,IFCFURNITURE,480
1sqRaCGxn09vsPk5LktKbi,IFCDOOR,1513.13
1sqRaCGxn09vsPk5LktLW5,IFCBUILDINGELEMENTPROXY,0.69
2DrlDkmyDFLerHNnIG0poN,IFCWINDOW,2707.41
2DrlDkmyDFLerHNnIG0pd1,IFCDOOR,2598.28
2DrlDkmyDFLerHNnIG0pSB,IFCFURNITURE,480
2DrlDkmyDFLerHNnIG0oIx,IFCFURNITURE,480
3Df$$NQ8b9peTc2aqfdtJD,IFCBUILDINGELEMENTPROXY,1.75
3ILb7oItT50eCRbCAAdIRS,IFCWALL,567.55
3ILb7oItT50eCRbCAAdIMU,IFCWALL,338.37
0U4XQxUbT6Kgsr80BN4mQY,IFCBUILDINGELEMENTPROXY,33.39
0U4XQxUbT6Kgsr80BN4mnh,IFCFURNITURE,480
0U4XQxUbT6Kgsr80BN4mnb,IFCFURNITURE,480
0U4XQxUbT6Kgsr80BN4mnP,IFCFURNITURE,480
0U4XQxUbT6Kgsr80BN4mqk,IFCWALL,146.92
0U4XQxUbT6Kgsr80BN4mqI,IFCFURNITURE,480
0U4XQxUbT6Kgsr80BN4mre,IFCBUILDINGELEMENTPROXY,63.35
0U4XQxUbT6Kgsr80BN4mtq,IFCFURNITURE,480
0U4XQxUbT6Kgsr80BN4mti,IFCWALL,43.88
04b3cqL6T7nASkHPv$nogM,IFCWALL,4304.41
04b3cqL6T7nASkHPv$nogU,IFCBUILDINGELEMENTPROXY,1.15
04b3cqL6T7nASkHPv$nogx,IFCBUILDINGELEMENTPROXY,0.13
04b3cqL6T7nASkHPv$nofB,IFCPLATE,120
04b3cqL6T7nASkHPv$nof0,IFCMEMBER,54.69
2BVeQ1SqP5AhTNOyGjrJYG,IFCBUILDINGELEMENTPROXY,12.17
2BVeQ1SqP5AhTNOyGjrJYH,IFCBUILDINGELEMENTPROXY,0.69
0miuAs27j0Uv$d9Nf9LR6G,IFCSLAB,880.8
0miuAs27j0Uv$d9Nf9LTfS,IFCBUILDINGELEMENTPROXY,3890.58
1_JXCb1er8YQ4atKTVBfBS,IFCWALL,1110.55
1wCEYt3qz4oQ7dd0hslcgQ,IFCFURNITURE,480
2Z7cWsHNH8jQlG_zvTKbw6,IFCWALL,136.67
3_kk4p4U1Bdg7XGdF3sGTb,IFCWALL,26.05
3_kk4p4U1Bdg7XGdF3sGTF,IFCWALL,26.05
2CYMLiCRX28Bytt8lqanv8,IFCWALL,9.49
1YueUxVJH8SwhLiH$TP6lH,IFCWALL,191.26
3Exf$uKEj6vBh5DuRp1RIt,IFCDOOR,1764.71
1do79UPsT5QgT3kMg0ohrf,IFCWALL,264.85
1do79UPsT5QgT3kMg0ohrl,IFCFURNITURE,480
1do79UPsT5QgT3kMg0ohrq,IFCBUILDINGELEMENTPROXY,34.01
1do79UPsT5QgT3kMg0ohrt,IFCBUILDINGELEMENTPROXY,1.11
1do79UPsT5QgT3kMg0ohrx,IFCBUILDINGELEMENTPROXY,63.35
1do79UPsT5QgT3kMg0ohpS,IFCFURNITURE,480
2Ytno7yd91dQAhhP73Exwj,IFCWALL,29.48
34mODHFQDC3ezsKZ2MOGQR,IFCWALL,174.23
3eqETIWmT5yuBevKr2XxFx,IFCWALL,166.68
3eqETIWmT5yuBevKr2XxFu,IFCWALL,109.64
3eqETIWmT5yuBevKr2XxPp,IFCWALL,109.64
3eqETIWmT5yuBevKr2XxQI,IFCWALL,143.18
2_V46gFRv1gwDUl815br8Z,IFCWALL,118.41
0dqh5oTcz4aP$fn7IYtJFM,IFCCOLUMN,567.6
0stYUSRTn5hRP77Rc$SXyB,IFCCOLUMN,361.88
0stYUSRTn5hRP77Rc$SYMw,IFCCOLUMN,715.39
0stYUSRTn5hRP77Rc$SYLk,IFCWALL,35.62
0mlMV$YD96HATmmaM7Gc1k,IFCBUILDINGELEMENTPROXY,1.75
0mlMV$YD96HATmmaM7GXvH,IFCBUILDINGELEMENTPROXY,1.75
0mlMV$YD96HATmmaM7GXtG,IFCDOOR,1457.23
2O$0Pq0tv6thXunUPV3e64,IFCSLAB,1373.72
0G9ai03RD3feeWDsX36gM9,IFCSLAB,225.76
3fIyBYh7fB78nAzlrPVPJ6,IFCWALL,46.69
1rXx31svD41xvmlkISjQbT,IFCWALL,113.15
0UGxX1kPL6sx7IPcItoIXe,IFCWALL,230.54
2j9OZGnbLExvPQRPWwI0XA,IFCWALL,209.43
2j9OZGnbLExvPQRPWwI1TY,IFCWALL,130.15
1x58SIhe9C$eaC3$K_N5_5,IFCCOLUMN,1597.09
3RKbg7mVv5KOhSWj4h$81X,IFCMEMBER,39.19
02a5zYLwD3j9mC$YV6woI0,IFCMEMBER,27.8
15dMzGGu96lAjQVcpG2DZw,IFCWALL,21.16
0fb8ht1cj4oRHWJZerVZK4,IFCPLATE,62.5
0fb8ht1cj4oRHWJZerVZSU,IFCMEMBER,54.69
2wYho76PDA9vn_AFRLvQpN,IFCMEMBER,350
3scyhg1aT4f8EoxA1HN_Zn,IFCMEMBER,350
31rKK5OS94d9cPXIYeNUTt,IFCSLAB,1200
0p_ez7$kb1fQ0sr1Uds03I,IFCMEMBER,350
1zaxyAqU13Vwe7hlENZDmC,IFCBUILDINGELEMENTPROXY,400
2QOb7Ql5NHde7SUMnjBd$G,IFCRAILING,620
0Gy9yXR6UfwDeJpm$GXFcb,IFCRAILING,620
0pHsLfDv96w89JuPaSIRVR,IFCBUILDINGELEMENTPROXY,400
11qQrX$zDAqxSsCbLSxNBE,IFCBUILDINGELEMENTPROXY,400
2wYho76PDA9vn_AFRLvRAU,IFCMEMBER,350
2MGIpRi0XEXwECOTNgoziY,IFCRAILING,620
2MGIpRi0XEXwECOTNgozf9,IFCMEMBER,350
1JU62QTXfD2RUOVIJGrICd,IFCMEMBER,350
2LDPNirxb6Uv4e97Wb9aFk,IFCBUILDINGELEMENTPROXY,400
31rKK5OS94d9cPXIYeNUJ$,IFCMEMBER,350
0gNsikZPrFZe6ltc4u6HlR,IFCBUILDINGELEMENTPROXY,400
0gNsikZPrFZe6ltc4u6HlV,IFCBUILDINGELEMENTPROXY,400
2a6zHOfaLFP8TYPbHanuEI,IFCBUILDINGELEMENTPROXY,400
3oWRtKgGH6quoh0HBRWZPS,IFCBUILDINGELEMENTPROXY,400
02_CiyN659neOqt2G8Olzg,IFCMEMBER,350
1dKu5zsdHE_A8Pn$Aaqe2I,IFCBUILDINGELEMENTPROXY,400
3scyhg1aT4f8EoxA1HN$Lo,IFCMEMBER,350
0oq2l1V6H5QC7VrIiwwbva,IFCMEMBER,350
3fIyBYh7fB78nAzlrPVUtI,IFCBUILDINGELEMENTPROXY,400
09PMKLMao$_Yk8inbEeknP,IFCMEMBER,350
2gg_QBTV1BLP_pxc_mn7Z4,IFCBUILDINGELEMENTPROXY,400
2gg_QBTV1BLP_pxc_mn7lr,IFCBUILDINGELEMENTPROXY,400
02lo9sjvz8BucIIDWsvKen,IFCRAILING,620
3IP1NcR8H1yQoZHEVfIrqe,IFCBUILDINGELEMENTPROXY,400
3EA$a_SEr3PeQbJzkS8smM,IFCBUILDINGELEMENTPROXY,400
1zaxyAqU13Vwe7hlENZDm4,IFCBUILDINGELEMENTPROXY,400
3scyhg1aT4f8EoxA1HN_Zc,IFCMEMBER,350
2rxIJoCKz1uRo5QAkJ6W4B,IFCMEMBER,350
2LDPNirxb6Uv4e97Wb9aE0,IFCBUILDINGELEMENTPROXY,400
3CnUm5hsT0T9k9rJT0ZsL4,IFCSTAIR,4200
1zaxyAqU13Vwe7hlENZDm0,IFCBUILDINGELEMENTPROXY,400
2MGIpRi0XEXwECOTNgozfB,IFCMEMBER,350
2MGIpRi0XEXwECOTNgozij,IFCMEMBER,350
1UWxiaL6n2IvHI9YClqOOI,IFCSLAB,1200
2a6zHOfaLFP8TYPbHanuCx,IFCBUILDINGELEMENTPROXY,400
37O9F6zDH7NuO6lYxEN7ew,IFCBUILDINGELEMENTPROXY,400
2MGIpRi0XEXwECOTNgozf6,IFCMEMBER,350
02lo9sjvz8BucIIDWsvK_P,IFCMEMBER,350
02lo9sjvz8BucIIDWsvK_U,IFCMEMBER,350
02lo9sjvz8BucIIDWsvK_T,IFCSLAB,1200
22T8RHjlP7sPxAvJUQWvWS,IFCBUILDINGELEMENTPROXY,400
2jRUK7Mkb6Ue8A9OvpTGo4,IFCLIGHTFIXTURE,210
0yWZ5pCYf0h8ACXcZFmkzt,IFCCOVERING,2308.5
2Wk83bCBP5xxmQhRC_$kUF,IFCCOVERING,231
1ynIJTp3j41BnCd95bH$Zy,IFCLIGHTFIXTURE,210
1ynIJTp3j41BnCd95bH$wF,IFCLIGHTFIXTURE,210
1ynIJTp3j41BnCd95bH$wE,IFCLIGHTFIXTURE,210
2i1ro43jr7TeCTnrJrjJ$d,IFCLIGHTFIXTURE,210
06fTk68cnA6vD9GRSabm7X,IFCLIGHTFIXTURE,210
2iprjJO5DFPPFZufOJpoXa,IFCCOVERING,12.41
3b_GinbYTDwALWT66s67cJ,IFCWALL,2.75
3b_GinbYTDwALWT66s67sQ,IFCWINDOW,690.67
2Dmljw8uHCLBZQQu9H5f02,IFCMEMBER,56.21
2Dmljw8uHCLBZQQu9H5f0a,IFCMEMBER,18.86
2Dmljw8uHCLBZQQu9H5f0Y,IFCMEMBER,24.69
2Fie0ty599fxnsmWh4VkcH,IFCMEMBER,23.58
2Fie0ty599fxnsmWh4VkdK,IFCMEMBER,58.1
2Dmljw8uHCLBZQQu9H5f3i,IFCMEMBER,21.27
2Dmljw8uHCLBZQQu9H5f2c,IFCCURTAINWALL,2233.08
2Dmljw8uHCLBZQQu9H5fBY,IFCMEMBER,175
2Dmljw8uHCLBZQQu9H5f8H,IFCMEMBER,52.79
2Dmljw8uHCLBZQQu9H5f9R,IFCMEMBER,33.04
2Dmljw8uHCLBZQQu9H5f9V,IFCMEMBER,232.04
2Dmljw8uHCLBZQQu9H5f9k,IFCMEMBER,21.27
2Dmljw8uHCLBZQQu9H5f9g,IFCPLATE,13.34
2Dmljw8uHCLBZQQu9H5fMi,IFCMEMBER,37.98
2Dmljw8uHCLBZQQu9H5fNB,IFCPLATE,488.28
2Dmljw8uHCLBZQQu9H5fMJ,IFCMEMBER,36.46
2Dmljw8uHCLBZQQu9H5fM8,IFCMEMBER,57.35
2Dmljw8uHCLBZQQu9H5fMX,IFCMEMBER,56.3
08AjPVhWzAfA8XtWBWZsdp,IFCSLAB,3.99
3WJfQUHe1A3x25MI_xeXn$,IFCLIGHTFIXTURE,210
3WJfQUHe1A3x25MI_xeXK1,IFCLIGHTFIXTURE,210
3WJfQUHe1A3x25MI_xeWYD,IFCLIGHTFIXTURE,210
3o5gkqdY9E6A2F1wtqtPfN,IFCLIGHTFIXTURE,210
3o5gkqdY9E6A2F1wtqtPfI,IFCLIGHTFIXTURE,210
21U07TPLv4F9zfrV5EumDI,IFCWALL,1197.37
21U07TPLv4F9zfrV5EuniB,IFCPLATE,282.04
21U07TPLv4F9zfrV5Eunjz,IFCPLATE,282.04
21U07TPLv4F9zfrV5Eunjc,IFCMEMBER,86.9
21U07TPLv4F9zfrV5Eunja,IFCMEMBER,86.9
21U07TPLv4F9zfrV5Eunjp,IFCMEMBER,86.59
0m3ylIKyvFIf90OJWdRds6,IFCFURNITURE,480
0m3ylIKyvFIf90OJWdRdsH,IFCFURNITURE,480
0m3ylIKyvFIf90OJWdRdsv,IFCFURNITURE,480
0m3ylIKyvFIf90OJWdRdtL,IFCFURNITURE,480
0d_HunAzzAPg4$RxtR7pkS,IFCBUILDINGELEMENTPROXY,0.27
0d_HunAzzAPg4$RxtR7pkx,IFCBUILDINGELEMENTPROXY,1.52
2F3zBK1BH8DBfhr$IH1OYR,IFCBUILDINGELEMENTPROXY,1.1
2F3zBK1BH8DBfhr$IH1OYb,IFCBUILDINGELEMENTPROXY,0.05
2F3zBK1BH8DBfhr$IH1OYX,IFCBUILDINGELEMENTPROXY,0.05
0uSJAgBT1ABOFjSdJfHCSh,IFCBUILDINGELEMENTPROXY,1.1
37O9F6zDH7NuO6lYxEN7l6,IFCLIGHTFIXTURE,210
30zSZjFxH19R7IhI893r6N,IFCLIGHTFIXTURE,210
30zSZjFxH19R7IhI893rop,IFCLIGHTFIXTURE,210
30zSZjFxH19R7IhI893qCV,IFCLIGHTFIXTURE,210
2Dmljw8uHCLBZQQu9H5fNj,IFCMEMBER,58.2
2Dmljw8uHCLBZQQu9H5fKH,IFCMEMBER,54.69
2Dmljw8uHCLBZQQu9H5fKD,IFCMEMBER,17.85
1HuOQ2xWrE6xc43TABXjmz,IFCCOVERING,134.19
2hwXS543X12wPSDjg9UwS2,IFCLIGHTFIXTURE,210
2hwXS543X12wPSDjg9UwS4,IFCLIGHTFIXTURE,210
1sXdHX7zj82gQ8fyf1aZNq,IFCBUILDINGELEMENTPROXY,0.49
2MAHRuCXP51wFXs0k0D8sD,IFCMEMBER,60.38
2MAHRuCXP51wFXs0k0D8sE,IFCMEMBER,47.09
2F3zBK1BH8DBfhr$IH1ObH,IFCBUILDINGELEMENTPROXY,0.05
0usV6tDDnFohq5PghQ5D2W,IFCBUILDINGELEMENTPROXY,1.12
0usV6tDDnFohq5PghQ5D2z,IFCBUILDINGELEMENTPROXY,1.12
3pzaB_ZtL36el0ClYINdSR,IFCWALL,132.34
2xT4x5lXnBNxcZ5QZbxhSN,IFCWALL,1.74
34lqDYnzHB3wmZslDJwlA1,IFCWALL,0.3
34lqDYnzHB3wmZslDJwl9z,IFCWALL,1.26
34lqDYnzHB3wmZslDJwl8y,IFCWALL,0.51
0ATjEYD_L8bwfk_bfy3iWC,IFCWALL,3.56
359zRRFDT1vRiwFSrqNX$k,IFCLIGHTFIXTURE,210
359zRRFDT1vRiwFSrqNWHt,IFCLIGHTFIXTURE,210
359zRRFDT1vRiwFSrqNWHj,IFCLIGHTFIXTURE,210
0l1uiLxhf6Sh$CRbsdNPtM,IFCBUILDINGELEMENTPROXY,14.42
2xoycrPpH7EOfiZC0iDSi_,IFCWALL,91.95
2jg$LpiXP4uAnmZpMT4qkJ,IFCWALL,161.23
0j49MZvDrAEu6uW6jnTM_Q,IFCCOVERING,602.15
0j49MZvDrAEu6uW6jnTMRQ,IFCLIGHTFIXTURE,210
0Lwxb_BUfALAc2_$BhZdz3,IFCWALL,91.05
3IP1NcR8H1yQoZHEVfIrpx,IFCBUILDINGELEMENTPROXY,0.26
37O9F6zDH7NuO6lYxEN7hh,IFCWALL,46.62
37O9F6zDH7NuO6lYxEN7gq,IFCWALL,24.93
0DciJ_E7T338RZ8d5_Z0Yd,IFCCOLUMN,1056
2VbmknNWH5ueGyA7dIdweT,IFCFURNITURE,480
1df_AX8lj42QG_5UAC4gwM,IFCSLAB,999.95
1df_AX8lj42QG_5UAC4gFo,IFCSLAB,1961.38
2KlzI5wW9AsOx8hJvqWNlA,IFCSLAB,157.84
2KlzI5wW9AsOx8hJvqWNoU,IFCSLAB,990.67
2KlzI5wW9AsOx8hJvqWNob,IFCSLAB,157.84
3TU2oe8q5EWBZPZ9aDFzx0,IFCSLAB,181.19
2CN5jdBAn0heeMXkK42zR9,IFCWALL,206.25
1tz8JBV5H7GO6C798OW8aN,IFCWALL,16.14
3DXKBuZLPBzw30xfYN9uvp,IFCWALL,50.66
3vN2Fl6Az8C9cBZizN$HQN,IFCBUILDINGELEMENTPROXY,8.08
0PLLoN4krEzh4T_Z80DWH4,IFCWALL,12.72
0eDgNlL91F2QoCDuZZMK_J,IFCLIGHTFIXTURE,210
0eDgNlL91F2QoCDuZZMK$h,IFCLIGHTFIXTURE,210
3WfYW5FlP7QuyLJ0RKDFjy,IFCWALL,119.06
11qQrX$zDAqxSsCbLSxNBM,IFCWALL,58.5
0q9es9kCD4oOj_kMIudRU0,IFCPLATE,44.24
0q9es9kCD4oOj_kMIudRSm,IFCPLATE,44.24
0q9es9kCD4oOj_kMIudRTw,IFCPLATE,191.69
0q9es9kCD4oOj_kMIudRSo,IFCPLATE,44.24
0q9es9kCD4oOj_kMIudRSr,IFCPLATE,44.24
00OcTh2YnDIRjBe1O3sIXP,IFCPLATE,44.24
0q9es9kCD4oOj_kMIudRT$,IFCMEMBER,21.65
0q9es9kCD4oOj_kMIudRT5,IFCMEMBER,15.95
0q9es9kCD4oOj_kMIudRT6,IFCMEMBER,69.12
00OcTh2YnDIRjBe1O3sIYT,IFCMEMBER,72.92
2ch6GiTYr6ofWwBJULtRUH,IFCMEMBER,15.95
343IftMCP4UOCLPJnm954K,IFCPLATE,44.24
343IftMCP4UOCLPJnm954G,IFCPLATE,44.24
343IftMCP4UOCLPJnm9553,IFCMEMBER,72.92
343IftMCP4UOCLPJnm9559,IFCMEMBER,36.84
343IftMCP4UOCLPJnm954A,IFCMEMBER,72.92
343IftMCP4UOCLPJnmEwxX,IFCMEMBER,72.92
343IftMCP4UOCLPJnmEwxq,IFCMEMBER,15.95
3VPu6Q9HP8$RPQyOwZd3lX,IFCMEMBER,72.92
04b3cqL6T7nASkHPv$no5T,IFCMEMBER,51.27
04b3cqL6T7nASkHPv$no5Y,IFCMEMBER,36.08
04b3cqL6T7nASkHPv$no4K,IFCPLATE,279.17
04b3cqL6T7nASkHPv$no4J,IFCMEMBER,54.69
04b3cqL6T7nASkHPv$no4a,IFCMEMBER,54.69
2pwDOOMab0WgF3Q0CIvrGX,IFCMEMBER,58.49
04b3cqL6T7nASkHPv$noxN,IFCMEMBER,51.27
04b3cqL6T7nASkHPv$noxf,IFCWALL,3628.2
1yjzQ_fH5D2ulNYAuuyBa1,IFCMEMBER,51.65
04b3cqL6T7nASkHPv$nowD,IFCPLATE,133.7
1yjzQ_fH5D2ulNYAuuyBaT,IFCMEMBER,51.65
04b3cqL6T7nASkHPv$nowX,IFCPLATE,133.7
1yjzQ_fH5D2ulNYAuuyBaX,IFCPLATE,63.68
04b3cqL6T7nASkHPv$novM,IFCMEMBER,4.68
04b3cqL6T7nASkHPv$novR,IFCMEMBER,4.68
04b3cqL6T7nASkHPv$novU,IFCMEMBER,4.68
04b3cqL6T7nASkHPv$novV,IFCMEMBER,4.68
04b3cqL6T7nASkHPv$novz,IFCMEMBER,2.37
04b3cqL6T7nASkHPv$nou9,IFCMEMBER,2.31
1yjzQ_fH5D2ulNYAuuyBaj,IFCMEMBER,2.31
1yjzQ_fH5D2ulNYAuuyBas,IFCMEMBER,4.68
04b3cqL6T7nASkHPv$nouz,IFCPLATE,47.5
1yjzQ_fH5D2ulNYAuuyBvq,IFCMEMBER,115.45
1yjzQ_fH5D2ulNYAuuyBv4,IFCMEMBER,115.45
1yjzQ_fH5D2ulNYAuuyBvp,IFCMEMBER,115.45
1yjzQ_fH5D2ulNYAuuyBtT,IFCPLATE,133.7
04b3cqL6T7nASkHPv$no$o,IFCPLATE,63.68
04b3cqL6T7nASkHPv$no$q,IFCMEMBER,2.31
04b3cqL6T7nASkHPv$no_4,IFCMEMBER,2.31
04b3cqL6T7nASkHPv$no_K,IFCMEMBER,1.67
1yjzQ_fH5D2ulNYAuuyBuh,IFCMEMBER,2.31
1yjzQ_fH5D2ulNYAuuyBun,IFCMEMBER,4.68
1yjzQ_fH5D2ulNYAuuyBuo,IFCMEMBER,4.68
04b3cqL6T7nASkHPv$noz$,IFCCURTAINWALL,53542.88
04b3cqL6T7nASkHPv$noy3,IFCPLATE,47.5
1yjzQ_fH5D2ulNYAuuyBba,IFCPLATE,133.7
1yjzQ_fH5D2ulNYAuuyBbD,IFCMEMBER,51.65
04b3cqL6T7nASkHPv$noyU,IFCPLATE,133.7
04b3cqL6T7nASkHPv$noyZ,IFCPLATE,133.7
1yjzQ_fH5D2ulNYAuuyBbR,IFCMEMBER,115.45
04b3cqL6T7nASkHPv$nopN,IFCMEMBER,2.31
04b3cqL6T7nASkHPv$nopO,IFCMEMBER,2.31
04b3cqL6T7nASkHPv$nopU,IFCMEMBER,1.67
04b3cqL6T7nASkHPv$nopW,IFCMEMBER,4.68
04b3cqL6T7nASkHPv$nopd,IFCMEMBER,4.68
04b3cqL6T7nASkHPv$nopj,IFCMEMBER,4.68
04b3cqL6T7nASkHPv$noo8,IFCMEMBER,2.37
1yjzQ_fH5D2ulNYAuuyBbk,IFCMEMBER,2.31
04b3cqL6T7nASkHPv$nonw,IFCMEMBER,4.68
04b3cqL6T7nASkHPv$nonu,IFCMEMBER,2.17
04b3cqL6T7nASkHPv$nomA,IFCMEMBER,1
04b3cqL6T7nASkHPv$nomP,IFCWALL,393.99
04b3cqL6T7nASkHPv$notR,IFCMEMBER,51.65
04b3cqL6T7nASkHPv$nomw,IFCMEMBER,2.31
04b3cqL6T7nASkHPv$nosw,IFCMEMBER,51.65
04b3cqL6T7nASkHPv$nos7,IFCMEMBER,0.94
0swtehvpv5Xh4hPQqBXFWh,IFCMEMBER,4.68
0swtehvpv5Xh4hPQqBXFWq,IFCMEMBER,2.31
04b3cqL6T7nASkHPv$nosY,IFCMEMBER,52.41
04b3cqL6T7nASkHPv$nor0,IFCWINDOW,3602.3
04b3cqL6T7nASkHPv$norD,IFCBUILDINGELEMENTPROXY,0.13
04b3cqL6T7nASkHPv$norQ,IFCMEMBER,52.41
04b3cqL6T7nASkHPv$norb,IFCWALL,13.23
04b3cqL6T7nASkHPv$nohx,IFCMEMBER,51.65
04b3cqL6T7nASkHPv$nohu,IFCMEMBER,141.28
04b3cqL6T7nASkHPv$nohC,IFCMEMBER,2.31
0l1N2UgEH9ygmysH$kBF14,IFCCOLUMN,691.23
2NVDfmr3r0pwm4jNoJqPat,IFCCOLUMN,389.75
2NVDfmr3r0pwm4jNoJqPhO,IFCCOLUMN,389.75
2NVDfmr3r0pwm4jNoJqPhp,IFCCOLUMN,763.58
0XunQJuDrCywXJ370JITF2,IFCFURNITURE,480
1dQuNrVRX7Z8lBw2sv8jzY,IFCLIGHTFIXTURE,210
1dQuNrVRX7Z8lBw2sv8js_,IFCLIGHTFIXTURE,210
24UQUejir30hZbTvW6h7Y6,IFCWALL,205.72
24UQUejir30hZbTvW6h7fm,IFCWALL,65.25
24UQUejir30hZbTvW6h7fx,IFCWALL,65.25
3SnOVw7ojDZ8nnFzhqldix,IFCMEMBER,42.91
3SnOVw7ojDZ8nnFzhqlden,IFCMEMBER,83.17
3SnOVw7ojDZ8nnFzhqld54,IFCMEMBER,56.71
3SnOVw7ojDZ8nnFzhqld5T,IFCMEMBER,18.61
3SnOVw7ojDZ8nnFzhqldLU,IFCPLATE,132.01
3SnOVw7ojDZ8nnFzhqlcqs,IFCMEMBER,22.99
2BByksCr15Dg4KZP6dXltG,IFCWALL,2488.31
0pOJTbav12OOt$k8GeKf4U,IFCWALL,5152.56
1hbrug3lrBQg4H$5a6sWh0,IFCBUILDINGELEMENTPROXY,1.22
1PXhyobVjFBBmnnrKsDRFY,IFCWALL,280.11
1dQuNrVRX7Z8lBw2sv8hpR,IFCSLAB,1828.75
1G_I00WlX2MBQekqB04dQk,IFCWALL,534.95
1nMwdyzlT4AuQ_X$HWZFM8,IFCSLAB,3.82
3k0mOVrxHEQhEN_aJoHyb5,IFCDOOR,1838.07
0OoVmktSP6XQwhSCQS0Lt0,IFCDOOR,1849.63
2wYho76PDA9vn_AFRLvL0y,IFCWALL,4668.29
1zJ5d22gn4RA$hT3nRgkeW,IFCBUILDINGELEMENTPROXY,16.97
0s9hxL8vH4AQpm7LXCLP1v,IFCFURNITURE,480
0s9hxL8vH4AQpm7LXCLP2C,IFCFURNITURE,480
0s9hxL8vH4AQpm7LXCLP2D,IFCFURNITURE,480
0s9hxL8vH4AQpm7LXCLP2B,IFCFURNITURE,480
3sST0Bh_12DO2tp_YPi3un,IFCDOOR,2107.15
3sST0Bh_12DO2tp_YPi3vT,IFCDOOR,2107.15
15xKUPqIHAl8uhdIa8aDko,IFCWALL,397.55
15xKUPqIHAl8uhdIa8aDkr,IFCWALL,286.47
1Un9ptyoX1vey29ZkM5Aj7,IFCBUILDINGELEMENTPROXY,0.19
1Un9ptyoX1vey29ZkM5AzX,IFCBUILDINGELEMENTPROXY,0.19
0K0FV0u6b9L9sDGL7lHBU$,IFCFURNITURE,480
321qo6Jt58aRGW1V_saw2m,IFCDOOR,1563.45
321qo6Jt58aRGW1V_saw2c,IFCBUILDINGELEMENTPROXY,63.35
321qo6Jt58aRGW1V_saw9X,IFCWALL,31.69
321qo6Jt58aRGW1V_sawAI,IFCBUILDINGELEMENTPROXY,0.93
321qo6Jt58aRGW1V_sawAS,IFCFURNITURE,480
321qo6Jt58aRGW1V_sawAD,IFCBUILDINGELEMENTPROXY,4.31
321qo6Jt58aRGW1V_sawBR,IFCWALL,5.85
321qo6Jt58aRGW1V_sawBh,IFCWALL,34.13
321qo6Jt58aRGW1V_sawC6,IFCFURNITURE,480
321qo6Jt58aRGW1V_sawCh,IFCBUILDINGELEMENTPROXY,63.35
321qo6Jt58aRGW1V_sawDt,IFCWALL,37.63
3aJHYCIlHAIBfmGnzR8c1z,IFCWALL,633.6
1sqRaCGxn09vsPk5LktIn4,IFCFURNITURE,480
1sqRaCGxn09vsPk5LktJ9J,IFCFURNITURE,480
1sqRaCGxn09vsPk5LktK3R,IFCFURNITURE,480
1sqRaCGxn09vsPk5LktLjT,IFCWALL,322.29
2gDGg7MA90nQHvffsvVo2h,IFCWINDOW,2707.41
2DrlDkmyDFLerHNnIG0paV,IFCWALL,429.97
2DrlDkmyDFLerHNnIG0pSV,IFCWALL,30.62
2DrlDkmyDFLerHNnIG0pSI,IFCDOOR,1563.45
3Df$$NQ8b9peTc2aqfdtJC,IFCBUILDINGELEMENTPROXY,0.19
31rKK5OS94d9cPXIYeNUQO,IFCDOOR,1849.63
31rKK5OS94d9cPXIYeNUQT,IFCWALL,859.13
0U4XQxUbT6Kgsr80BN4mt_,IFCWALL,7.9
0U4XQxUbT6Kgsr80BN4mtw,IFCWALL,35.04
0U4XQxUbT6Kgsr80BN4mtb,IFCBUILDINGELEMENTPROXY,63.35
04b3cqL6T7nASkHPv$nohX,IFCMEMBER,2.23
0swtehvpv5Xh4hPQqBXFYC,IFCMEMBER,2.4
04b3cqL6T7nASkHPv$nog7,IFCBUILDINGELEMENTPROXY,0.82
04b3cqL6T7nASkHPv$nogA,IFCWINDOW,4200.8
04b3cqL6T7nASkHPv$nogD,IFCBUILDINGELEMENTPROXY,1.15
04b3cqL6T7nASkHPv$nogX,IFCBUILDINGELEMENTPROXY,0.13
04b3cqL6T7nASkHPv$nogg,IFCWALL,1230.39
04b3cqL6T7nASkHPv$nogm,IFCBUILDINGELEMENTPROXY,1.15
04b3cqL6T7nASkHPv$nof6,IFCMEMBER,52.41
2FEbCL35D6jBrcV_5oCbGh,IFCFURNITURE,480
2fwH4HdQr6iflgTlDmKOpn,IFCWALL,2.54
0miuAs27j0Uv$d9Nf9LTjN,IFCBUILDINGELEMENTPROXY,3890.58
0miuAs27j0Uv$d9Nf9LTci,IFCBUILDINGELEMENTPROXY,3890.58
3Ff9G3z7n2P9bWgey4$WfW,IFCWALL,226.21
3Ff9G3z7n2P9bWgey4$W_O,IFCBUILDINGELEMENTPROXY,1.75
3Ff9G3z7n2P9bWgey4$X6J,IFCDOOR,1234.42
0J0FBtEb5BPAoy2Q8c1Z4T,IFCFURNITURE,480
1kJXG9J_12CxJk83GXH3jd,IFCCOLUMN,459.32
0F8MBhrI9DsuFtYcLuUhJL,IFCWALL,161.54
2CYMLiCRX28Bytt8lqanAh,IFCWALL,94.45
2CYMLiCRX28Bytt8lqan2f,IFCWALL,9.49
2CYMLiCRX28Bytt8lqan__,IFCWALL,9.49
1YueUxVJH8SwhLiH$TP6mE,IFCWALL,206.64
1YueUxVJH8SwhLiH$TP6w9,IFCWALL,87.73
1do79UPsT5QgT3kMg0ohr$,IFCFURNITURE,480
1do79UPsT5QgT3kMg0ohok,IFCBUILDINGELEMENTPROXY,1.11
1do79UPsT5QgT3kMg0ohn9,IFCDOOR,1485.18
2XHYIYzAHChPcvcG26L__u,IFCWALL,140.52
2XHYIYzAHChPcvcG26L_$7,IFCWALL,158.22
2Ytno7yd91dQAhhP73Exwd,IFCBUILDINGELEMENTPROXY,2.25
2Ytno7yd91dQAhhP73ExwZ,IFCFURNITURE,480
2Ytno7yd91dQAhhP73ExwY,IFCFURNITURE,480
2Ytno7yd91dQAhhP73ExwW,IFCFURNITURE,480
3eqETIWmT5yuBevKr2Xx3y,IFCBUILDINGELEMENTPROXY,0.19
3eqETIWmT5yuBevKr2XxPo,IFCWALL,185.78
3eqETIWmT5yuBevKr2XxQH,IFCWALL,227.83
3eqETIWmT5yuBevKr2XxQM,IFCWALL,65.19
3eqETIWmT5yuBevKr2XxQR,IFCDOOR,1457.23
1nTk$IukXDafutSIQse$ok,IFCWALL,345.74
1nTk$IukXDafutSIQse$qk,IFCWALL,349.66
0dqh5oTcz4aP$fn7IYtJ9h,IFCCOLUMN,1952
0stYUSRTn5hRP77Rc$SXhM,IFCCOLUMN,1519.73
0stYUSRTn5hRP77Rc$SY1j,IFCCOLUMN,715.39
0mlMV$YD96HATmmaM7GcZ7,IFCBUILDINGELEMENTPROXY,1.75
0mlMV$YD96HATmmaM7Gc6$,IFCWALL,220.92
0mlMV$YD96HATmmaM7GXom,IFCWALL,141.66
0G9ai03RD3feeWDsX36gP$,IFCSLAB,53.64
30dzunCuvCRADZXw6x9oow,IFCWALL,191.58
2MV_64_l5AQPPt1cNhnF2A,IFCWALL,39.83
0gAb5d1A120htF0tVYuwUZ,IFCWALL,107.92
2j9OZGnbLExvPQRPWwI1R2,IFCWALL,208.28
2Qub3vESL3gAodKa8iqiZ1,IFCSLAB,1338.18
2Qub3vESL3gAodKa8iqiEm,IFCWALL,558.45
3RKbg7mVv5KOhSWj4h$8CW,IFCPLATE,197.83
3RKbg7mVv5KOhSWj4h$84F,IFCPLATE,326.65
02a5zYLwD3j9mC$YV6woI5,IFCMEMBER,48.28
02a5zYLwD3j9mC$YV6woqj,IFCWALL,158.42
2uA1QuTrD56OjKrY65ZNSq,IFCWINDOW,3470.25
2uA1QuTrD56OjKrY65ZNSr,IFCBUILDINGELEMENTPROXY,0.08
15dMzGGu96lAjQVcpG2DPm,IFCWALL,738.75
2Nacuo19H4IAx5s3kv9C0J,IFCWINDOW,5047.98
2Nacuo19H4IAx5s3kv9Clv,IFCWALL,11.62
2Nacuo19H4IAx5s3kv9Cfj,IFCWALL,22.16
0fb8ht1cj4oRHWJZerVZBq,IFCDOOR,666.5
0fb8ht1cj4oRHWJZerVZK5,IFCPLATE,124.2
0fb8ht1cj4oRHWJZerVZTp,IFCPLATE,59.55
3bwYa$aPGz6JGirujBPU_A,IFCMEMBER,350
1XeopoEmL4fQChMRbpTcTO,IFCMEMBER,350
3IP1NcR8H1yQoZHEVfIrrE,IFCBUILDINGELEMENTPROXY,400
15xKUPqIHAl8uhdIa8aCaJ,IFCSLAB,1200
31rKK5OS94d9cPXIYeNUJn,IFCMEMBER,350
02lo9sjvz8BucIIDWsvK_H,IFCMEMBER,350
0fb8ht1cj4oRHWJZerVZ3l,IFCSTAIR,4200
2wYho76PDA9vn_AFRLvREC,IFCRAILING,620
31rKK5OS94d9cPXIYeNUTp,IFCMEMBER,350
2LDPNirxb6Uv4e97Wb9a_R,IFCBUILDINGELEMENTPROXY,400
3oWRtKgGH6quoh0HBRWZwW,IFCBUILDINGELEMENTPROXY,400
37O9F6zDH7NuO6lYxEN7fu,IFCBUILDINGELEMENTPROXY,400
37O9F6zDH7NuO6lYxEN7eq,IFCBUILDINGELEMENTPROXY,400
2gg_QBTV1BLP_pxc_mn7uW,IFCBUILDINGELEMENTPROXY,400
1zaxyAqU13Vwe7hlENZDmE,IFCBUILDINGELEMENTPROXY,400
2Qub3vESL3gAodKa8iqiT9,IFCRAILING,620
0gNsikZPrFZe6ltc4u6HlU,IFCBUILDINGELEMENTPROXY,400
37O9F6zDH7NuO6lYxEN7gZ,IFCBUILDINGELEMENTPROXY,400
02_CiyN659neOqt2G8Olzd,IFCMEMBER,350
0p_ez7$kb1fQ0sr1Uds03K,IFCSLAB,1200
18E6Eks41DRfnhuMF6_vsS,IFCBUILDINGELEMENTPROXY,400
1zaxyAqU13Vwe7hlENZDq1,IFCBUILDINGELEMENTPROXY,400
3k8Qm2XC96bKWMTdfO$$2g,IFCMEMBER,350
31rKK5OS94d9cPXIYeNUJy,IFCMEMBER,350
0m0pXsvXb5xv$2ui6N15wZ,IFCRAILING,620
08AjPVhWzAfA8XtWBWZsdQ,IFCRAILING,620
0xFNQ8PGTBT9zQcWRoy50H,IFCRAILING,620
0p_ez7$kb1fQ0sr1Uds03R,IFCSTAIR,4200
2XP4zk_yDEZOLBKKyL82zw,IFCBUILDINGELEMENTPROXY,400
2MGIpRi0XEXwECOTNgoznI,IFCMEMBER,350
3scyhg1aT4f8EoxA1HN_Zo,IFCMEMBER,350
2ey33Zf5DB4g1cN759W92n,IFCSLAB,1200
2edGu3VRXAYQxyAyIU1307,IFCMEMBER,350
2VbmknNWH5ueGyA7dIdw_S,IFCBUILDINGELEMENTPROXY,400
0QT0LG8v1CFuxBgCmuWgQD,IFCBUILDINGELEMENTPROXY,400
2wYho76PDA9vn_AFRLvQq6,IFCMEMBER,350
3Pa9TWKvP7U8BPMR24iKbe,IFCBUILDINGELEMENTPROXY,400
2XP4zk_yDEZOLBKKyL82w_,IFCBUILDINGELEMENTPROXY,400
3scyhg1aT4f8EoxA1HN$Ln,IFCMEMBER,350
3IP1NcR8H1yQoZHEVfIrrF,IFCBUILDINGELEMENTPROXY,400
02_CiyN659neOqt2G8OlsB,IFCRAILING,620
31rKK5OS94d9cPXIYeNUT9,IFCMEMBER,350
02_CiyN659neOqt2G8OlzX,IFCMEMBER,350
1zaxyAqU13Vwe7hlENZDmN,IFCBUILDINGELEMENTPROXY,400
1zaxyAqU13Vwe7hlENZDmJ,IFCBUILDINGELEMENTPROXY,400
2Mrobxeq1B$fFXXodQxPXy,IFCBUILDINGELEMENTPROXY,400
11qQrX$zDAqxSsCbLSxNBF,IFCBUILDINGELEMENTPROXY,400
379n97ggH7Bxgna2953$Df,IFCLIGHTFIXTURE,210
2Wk83bCBP5xxmQhRC_$kV$,IFCCOVERING,230.31
1ynIJTp3j41BnCd95bH_GE,IFCLIGHTFIXTURE,210
1ynIJTp3j41BnCd95bH$nP,IFCLIGHTFIXTURE,210
1ynIJTp3j41BnCd95bH$xM,IFCLIGHTFIXTURE,210
2i1ro43jr7TeCTnrJrjJQ1,IFCLIGHTFIXTURE,210
06fTk68cnA6vD9GRSabnxL,IFCLIGHTFIXTURE,210
06fTk68cnA6vD9GRSabm7d,IFCLIGHTFIXTURE,210
2Dmljw8uHCLBZQQu9H5f0u,IFCPLATE,110.48
2Dmljw8uHCLBZQQu9H5f0m,IFCMEMBER,58.11
2Dmljw8uHCLBZQQu9H5f0b,IFCMEMBER,19.75
2Fie0ty599fxnsmWh4VkcE,IFCMEMBER,23.58
2Dmljw8uHCLBZQQu9H5f0G,IFCMEMBER,57.35
2Dmljw8uHCLBZQQu9H5f3f,IFCPLATE,13.34
2Dmljw8uHCLBZQQu9H5f3p,IFCPLATE,65.63
2Dmljw8uHCLBZQQu9H5f2a,IFCMEMBER,65.32
2Dmljw8uHCLBZQQu9H5f3t,IFCMEMBER,13.86
2Dmljw8uHCLBZQQu9H5f0H,IFCMEMBER,32.66
2Dmljw8uHCLBZQQu9H5f8p,IFCMEMBER,11.96
2Dmljw8uHCLBZQQu9H5f9_,IFCMEMBER,116.02
2Dmljw8uHCLBZQQu9H5f9S,IFCPLATE,146.26
2Dmljw8uHCLBZQQu9H5f8i,IFCMEMBER,36.08
2Dmljw8uHCLBZQQu9H5f9E,IFCMEMBER,34.03
2Dmljw8uHCLBZQQu9H5f96,IFCMEMBER,6.08
2Dmljw8uHCLBZQQu9H5f9O,IFCMEMBER,112.22
2Dmljw8uHCLBZQQu9H5fMP,IFCMEMBER,52.79
2Dmljw8uHCLBZQQu9H5fMM,IFCCURTAINWALL,9608.45
2Dmljw8uHCLBZQQu9H5fNp,IFCPLATE,110.67
2Dmljw8uHCLBZQQu9H5fMA,IFCMEMBER,54.69
38OlOkM2PAyBTHwwnGOIaU,IFCLIGHTFIXTURE,210
0b6St3DlX6wOevvBjxGgZ3,IFCBUILDINGELEMENTPROXY,0.25
3WJfQUHe1A3x25MI_xeXn9,IFCLIGHTFIXTURE,210
3WJfQUHe1A3x25MI_xeXn_,IFCLIGHTFIXTURE,210
3WJfQUHe1A3x25MI_xeWd0,IFCLIGHTFIXTURE,210
3WJfQUHe1A3x25MI_xeWYM,IFCLIGHTFIXTURE,210
3o5gkqdY9E6A2F1wtqtPfa,IFCLIGHTFIXTURE,210
3o5gkqdY9E6A2F1wtqtPir,IFCLIGHTFIXTURE,210
21U07TPLv4F9zfrV5EumPm,IFCCOLUMN,961.13
21U07TPLv4F9zfrV5Eunjm,IFCMEMBER,145.83
21U07TPLv4F9zfrV5Eunj0,IFCMEMBER,145.83
21U07TPLv4F9zfrV5EunjC,IFCMEMBER,86.9
21U07TPLv4F9zfrV5EunjI,IFCMEMBER,86.9
0m3ylIKyvFIf90OJWdRdsx,IFCFURNITURE,480
0m3ylIKyvFIf90OJWdRdtC,IFCFURNITURE,480
2ey33Zf5DB4g1cN7D9W92X,IFCROOF,2100
0d_HunAzzAPg4$RxtR7pes,IFCBUILDINGELEMENTPROXY,0.27
0d_HunAzzAPg4$RxtR7phD,IFCBUILDINGELEMENTPROXY,0.27
0d_HunAzzAPg4$RxtR7pgH,IFCDOOR,2022.65
2F3zBK1BH8DBfhr$IH1OY4,IFCBUILDINGELEMENTPROXY,0.05
2F3zBK1BH8DBfhr$IH1OYZ,IFCBUILDINGELEMENTPROXY,1.1
2F3zBK1BH8DBfhr$IH1OYr,IFCBUILDINGELEMENTPROXY,0.05
0uSJAgBT1ABOFjSdJfHCSc,IFCBUILDINGELEMENTPROXY,0.05
0uSJAgBT1ABOFjSdJfHCQl,IFCBUILDINGELEMENTPROXY,0.27
37O9F6zDH7NuO6lYxEN7e9,IFCLIGHTFIXTURE,210
30zSZjFxH19R7IhI893rct,IFCLIGHTFIXTURE,210
30zSZjFxH19R7IhI893rxX,IFCLIGHTFIXTURE,210
30zSZjFxH19R7IhI893qCO,IFCLIGHTFIXTURE,210
2Dmljw8uHCLBZQQu9H5fNH,IFCMEMBER,56.11
2Dmljw8uHCLBZQQu9H5fKI,IFCMEMBER,19.75
2hwXS543X12wPSDjg9UwTy,IFCLIGHTFIXTURE,210
1sXdHX7zj82gQ8fyf1aZMq,IFCBUILDINGELEMENTPROXY,0.49
1aXCSk$gDEVQyZFyB5KhmY,IFCWALL,16.87
0uSJAgBT1ABOFjSdJfHCPb,IFCBUILDINGELEMENTPROXY,0.05
2cjIMZpBv7Bx_yWTejjN7d,IFCWALL,208.63
34lqDYnzHB3wmZslDJwl8e,IFCWALL,3.93
34lqDYnzHB3wmZslDJwlCk,IFCWALL,2.4
34lqDYnzHB3wmZslDJwlCM,IFCWALL,1.73
34lqDYnzHB3wmZslDJwlCI,IFCWALL,1.21
0l1uiLxhf6Sh$CRbsdNPvW,IFCSLAB,46.94
0l1uiLxhf6Sh$CRbsdNPvf,IFCWALL,25.73
0l1uiLxhf6Sh$CRbsdNPuK,IFCSLAB,46.94
0l1uiLxhf6Sh$CRbsdNPtI,IFCBUILDINGELEMENTPROXY,14.42
0LC$9$2dX7$gor7712GhF6,IFCWALL,156.89
1dKu5zsdHE_A8Pn$Aaqecs,IFCWALL,30.84
2sZrw6C5b5Ih3WSLyhiExF,IFCSLAB,4838.69
3TrHpcVaX469YScxaCLoEC,IFCCOLUMN,609.88
0j49MZvDrAEu6uW6jnTHA5,IFCCOVERING,602.15
0j49MZvDrAEu6uW6jnTMRR,IFCLIGHTFIXTURE,210
0j49MZvDrAEu6uW6jnTMQv,IFCLIGHTFIXTURE,210
0Lwxb_BUfALAc2_$BhZc34,IFCWALL,14.66
0Lwxb_BUfALAc2_$BhZc2T,IFCWALL,140.48
0Lwxb_BUfALAc2_$BhZc1h,IFCWALL,90.02
0Lwxb_BUfALAc2_$BhZc7e,IFCWALL,252.44
10$nTTYwHDYQgso2$xPFfv,IFCWALL,111.7
10$nTTYwHDYQgso2$xPFck,IFCWALL,113.68
2I7Auyk8bCgAfwQpXOR$Fu,IFCLIGHTFIXTURE,210
3IP1NcR8H1yQoZHEVfIrC5,IFCLIGHTFIXTURE,210
3IP1NcR8H1yQoZHEVfIrrC,IFCBUILDINGELEMENTPROXY,0.26
37O9F6zDH7NuO6lYxEN6y6,IFCWALL,46.62
37O9F6zDH7NuO6lYxEN6tJ,IFCLIGHTFIXTURE,210
37O9F6zDH7NuO6lYxEN6tl,IFCLIGHTFIXTURE,210
37O9F6zDH7NuO6lYxEN7gd,IFCWALL,46.62
37O9F6zDH7NuO6lYxEN7fC,IFCLIGHTFIXTURE,210
37O9F6zDH7NuO6lYxEN7fz,IFCWALL,25.84
3Pa9TWKvP7U8BPMR24iK28,IFCLIGHTFIXTURE,210
0DciJ_E7T338RZ8d5_Z0bL,IFCCOLUMN,1056
1df_AX8lj42QG_5UAC4g1v,IFCSLAB,1961.38
2CN5jdBAn0heeMXkK42zRB,IFCWALL,365.06
3DXKBuZLPBzw30xfYN9uvq,IFCWALL,156.94
1_sv95voL5Pv5rmkwkZvLj,IFCCOLUMN,425.23
3vN2Fl6Az8C9cBZizN$Hd$,IFCCOLUMN,31.95
3vN2Fl6Az8C9cBZizN$HPi,IFCBUILDINGELEMENTPROXY,43.82
3vN2Fl6Az8C9cBZizN$HQQ,IFCWALL,5.66
3vN2Fl6Az8C9cBZizN$HQD,IFCWALL,5.19
3WfYW5FlP7QuyLJ0RKDFgC,IFCWALL,117.82
00OcTh2YnDIRjBe1O3sIXI,IFCPLATE,191.69
02_CiyN659neOqt2G8Oloo,IFCPLATE,42.78
0q9es9kCD4oOj_kMIudRTZ,IFCMEMBER,69.12
0q9es9kCD4oOj_kMIudRTc,IFCMEMBER,15.95
0q9es9kCD4oOj_kMIudRTS,IFCMEMBER,71.02
0q9es9kCD4oOj_kMIudRTU,IFCMEMBER,72.92
0q9es9kCD4oOj_kMIudRTD,IFCMEMBER,72.92
0q9es9kCD4oOj_kMIudRT3,IFCMEMBER,72.92
0q9es9kCD4oOj_kMIudRSs,IFCMEMBER,72.92
0q9es9kCD4oOj_kMIudRSd,IFCMEMBER,72.92
00OcTh2YnDIRjBe1O3sIZk,IFCMEMBER,15.95
2ch6GiTYr6ofWwBJULtRUm,IFCPLATE,44.24
2ch6GiTYr6ofWwBJULtROg,IFCMEMBER,21.65
343IftMCP4UOCLPJnm954$,IFCPLATE,44.24
343IftMCP4UOCLPJnm954I,IFCPLATE,44.24
343IftMCP4UOCLPJnm955y,IFCMEMBER,21.65
343IftMCP4UOCLPJnm955w,IFCMEMBER,72.92
343IftMCP4UOCLPJnm9557,IFCMEMBER,72.92
343IftMCP4UOCLPJnm954Z,IFCMEMBER,72.92
343IftMCP4UOCLPJnm954W,IFCMEMBER,72.92
343IftMCP4UOCLPJnm9548,IFCMEMBER,72.92
343IftMCP4UOCLPJnmEwx$,IFCMEMBER,36.84
343IftMCP4UOCLPJnmEwxU,IFCMEMBER,32.28
343IftMCP4UOCLPJnmEwxV,IFCMEMBER,32.28
04b3cqL6T7nASkHPv$no5N,IFCCURTAINWALL,1744.17
04b3cqL6T7nASkHPv$no5o,IFCWINDOW,3602.3
04b3cqL6T7nASkHPv$no5t,IFCPLATE,120
04b3cqL6T7nASkHPv$no4B,IFCMEMBER,60.38
04b3cqL6T7nASkHPv$noxE,IFCPLATE,279.17
04b3cqL6T7nASkHPv$no4l,IFCMEMBER,54.69
04b3cqL6T7nASkHPv$no4$,IFCMEMBER,54.69
04b3cqL6T7nASkHPv$nox8,IFCWALL,765.13
04b3cqL6T7nASkHPv$noxj,IFCBUILDINGELEMENTPROXY,1.15
04b3cqL6T7nASkHPv$noxy,IFCPLATE,133.7
1yjzQ_fH5D2ulNYAuuyBaL,IFCMEMBER,51.65
1yjzQ_fH5D2ulNYAuuyBaC,IFCMEMBER,51.65
1yjzQ_fH5D2ulNYAuuyBaU,IFCMEMBER,115.45
04b3cqL6T7nASkHPv$nowU,IFCPLATE,133.7
04b3cqL6T7nASkHPv$nov0,IFCMEMBER,2.31
04b3cqL6T7nASkHPv$nov4,IFCMEMBER,2.31
04b3cqL6T7nASkHPv$novL,IFCMEMBER,4.68
04b3cqL6T7nASkHPv$novc,IFCMEMBER,4.68
04b3cqL6T7nASkHPv$nouI,IFCMEMBER,2.31
04b3cqL6T7nASkHPv$nouG,IFCMEMBER,2.31
1yjzQ_fH5D2ulNYAuuyBao,IFCMEMBER,2.23
1yjzQ_fH5D2ulNYAuuyBvt,IFCMEMBER,115.45
04b3cqL6T7nASkHPv$no$j,IFCPLATE,63.68
04b3cqL6T7nASkHPv$no$n,IFCMEMBER,2.37
04b3cqL6T7nASkHPv$no_8,IFCMEMBER,2.31
04b3cqL6T7nASkHPv$no_D,IFCMEMBER,2.31
04b3cqL6T7nASkHPv$no_T,IFCMEMBER,4.68
04b3cqL6T7nASkHPv$no_h,IFCMEMBER,4.68
04b3cqL6T7nASkHPv$noz3,IFCMEMBER,4.68
04b3cqL6T7nASkHPv$noz9,IFCMEMBER,4.68
1yjzQ_fH5D2ulNYAuuyBbI,IFCMEMBER,115.45
04b3cqL6T7nASkHPv$noyL,IFCPLATE,133.7
1yjzQ_fH5D2ulNYAuuyBbW,IFCPLATE,133.7
1yjzQ_fH5D2ulNYAuuyBbK,IFCMEMBER,51.65
04b3cqL6T7nASkHPv$noys,IFCPLATE,63.68
04b3cqL6T7nASkHPv$nop3,IFCMEMBER,2.31
04b3cqL6T7nASkHPv$nopg,IFCMEMBER,4.68
04b3cqL6T7nASkHPv$nopp,IFCMEMBER,4.68
04b3cqL6T7nASkHPv$nopx,IFCMEMBER,4.68
04b3cqL6T7nASkHPv$nop_,IFCMEMBER,2.23
04b3cqL6T7nASkHPv$nopz,IFCMEMBER,2.23
04b3cqL6T7nASkHPv$nooD,IFCMEMBER,1.67
04b3cqL6T7nASkHPv$nooS,IFCMEMBER,2.31
1yjzQ_fH5D2ulNYAuuyBbe,IFCMEMBER,2.31
1yjzQ_fH5D2ulNYAuuyBbm,IFCMEMBER,4.68
1yjzQ_fH5D2ulNYAuuyBb_,IFCMEMBER,2.23
2B9ggR9Lj4EhSARQFiruk$,IFCMEMBER,142.8
04b3cqL6T7nASkHPv$nonL,IFCPLATE,133.7
04b3cqL6T7nASkHPv$nonS,IFCPLATE,61.86
04b3cqL6T7nASkHPv$nonX,IFCMEMBER,2.31
04b3cqL6T7nASkHPv$nona,IFCMEMBER,2.31
04b3cqL6T7nASkHPv$nom1,IFCMEMBER,2.37
04b3cqL6T7nASkHPv$nomV,IFCPLATE,26.39
04b3cqL6T7nASkHPv$nomh,IFCPLATE,133.7
04b3cqL6T7nASkHPv$nomy,IFCMEMBER,0.94
04b3cqL6T7nASkHPv$notB,IFCMEMBER,2.17
0swtehvpv5Xh4hPQqBXFcD,IFCMEMBER,2.4
0swtehvpv5Xh4hPQqBXFcB,IFCMEMBER,2.31
04b3cqL6T7nASkHPv$notk,IFCPLATE,133.7
04b3cqL6T7nASkHPv$notp,IFCPLATE,133.7
04b3cqL6T7nASkHPv$nos3,IFCMEMBER,2.31
04b3cqL6T7nASkHPv$nos9,IFCMEMBER,4.68
04b3cqL6T7nASkHPv$nosE,IFCMEMBER,4.68
0swtehvpv5Xh4hPQqBXFWk,IFCMEMBER,2.4
0swtehvpv5Xh4hPQqBXFWu,IFCMEMBER,2.4
04b3cqL6T7nASkHPv$nosT,IFCMEMBER,47.09
04b3cqL6T7nASkHPv$nosh,IFCMEMBER,51.27
04b3cqL6T7nASkHPv$nosl,IFCWALL,87.9
04b3cqL6T7nASkHPv$nor6,IFCBUILDINGELEMENTPROXY,0.82
04b3cqL6T7nASkHPv$norC,IFCWINDOW,3602.3
04b3cqL6T7nASkHPv$noqa,IFCPLATE,26.39
0l1N2UgEH9ygmysH$kBF70,IFCCOLUMN,714.12
0XunQJuDrCywXJ370JIT74,IFCFURNITURE,480
0XunQJuDrCywXJ370JIT6W,IFCFURNITURE,480
24UQUejir30hZbTvW6h7f6,IFCWALL,65.25
2sCvyR6xL9WPXuzdrVeymo,IFCCOLUMN,410.41
39gRXDizDDsOk0amDBXR4Y,IFCCOLUMN,345.35
3SnOVw7ojDZ8nnFzhqlddI,IFCWALL,9.33
3SnOVw7ojDZ8nnFzhqldj7,IFCPLATE,211.58
3SnOVw7ojDZ8nnFzhqlduM,IFCPLATE,80.11
3SnOVw7ojDZ8nnFzhqldxf,IFCPLATE,80.11
3SnOVw7ojDZ8nnFzhqldid,IFCMEMBER,39.71
3SnOVw7ojDZ8nnFzhqld$0,IFCMEMBER,53.7
3SnOVw7ojDZ8nnFzhqldxv,IFCMEMBER,25.44
3SnOVw7ojDZ8nnFzhqldx$,IFCMEMBER,81.27
3SnOVw7ojDZ8nnFzhqldxy,IFCMEMBER,81.27
3SnOVw7ojDZ8nnFzhqldxp,IFCMEMBER,42.91
0V7b1sZrLBF8P59YUseL$9,IFCMEMBER,28.86
3SnOVw7ojDZ8nnFzhqlcfQ,IFCDOOR,1457
30dzunCuvCRADZXw6x9o_e,IFCLIGHTFIXTURE,210
30dzunCuvCRADZXw6x9or8,IFCLIGHTFIXTURE,210
1G_I00WlX2MBQekqB04dJ5,IFCWALL,4911.94
0CHtjGWg9FPOdfV3N9vSEP,IFCSLAB,397.24
1dQuNrVRX7Z8lBw2sv8hpE,IFCSLAB,1935.25
1nMwdyzlT4AuQ_X$HWZFMI,IFCBUILDINGELEMENTPROXY,1.46
31rKK5OS94d9cPXIYeNUgQ,IFCSLAB,3.94
2mejqQiN994Q2UMYaLHeOk,IFCWALL,3225.59
1nVAY8og5DUQW261No7qp6,IFCWALL,9925.87
0s9hxL8vH4AQpm7LXCLP1a,IFCFURNITURE,480
0s9hxL8vH4AQpm7LXCLO0W,IFCDOOR,1586
15xKUPqIHAl8uhdIa8aC7K,IFCWALL,516.31
15xKUPqIHAl8uhdIa8aC19,IFCWALL,5031
0K0FV0u6b9L9sDGL7lHAXy,IFCBUILDINGELEMENTPROXY,0.93
28fEL2KJH3nefH9oQJhuQF,IFCWALL,9.75
28fEL2KJH3nefH9oQJhuS7,IFCDOOR,1563.45
28fEL2KJH3nefH9oQJhuSC,IFCBUILDINGELEMENTPROXY,33.39
28fEL2KJH3nefH9oQJhuSn,IFCFURNITURE,480
321qo6Jt58aRGW1V_saw2r,IFCWALL,37.63
321qo6Jt58aRGW1V_saw2u,IFCBUILDINGELEMENTPROXY,16.02
321qo6Jt58aRGW1V_saw6p,IFCDOOR,1513.13
321qo6Jt58aRGW1V_sawAp,IFCWALL,211.61
321qo6Jt58aRGW1V_sawBM,IFCFURNITURE,480
321qo6Jt58aRGW1V_sawBU,IFCFURNITURE,480
321qo6Jt58aRGW1V_sawBT,IFCFURNITURE,480
321qo6Jt58aRGW1V_sawCw,IFCWALL,31.69
321qo6Jt58aRGW1V_sawCx,IFCWALL,10.76
321qo6Jt58aRGW1V_sawDn,IFCBUILDINGELEMENTPROXY,0.93
3aJHYCIlHAIBfmGnzR8dfj,IFCWALL,133.24
3aJHYCIlHAIBfmGnzR8dlO,IFCWALL,262.55
1sqRaCGxn09vsPk5LktLWC,IFCFURNITURE,480
1sqRaCGxn09vsPk5LktLWE,IFCBUILDINGELEMENTPROXY,16.02
1sqRaCGxn09vsPk5LktLjU,IFCWALL,42.5
2gDGg7MA90nQHvffsvVo3w,IFCWINDOW,2707.41
2DrlDkmyDFLerHNnIG0pWg,IFCDOOR,1768.73
2DrlDkmyDFLerHNnIG0pSD,IFCBUILDINGELEMENTPROXY,3.38
2DrlDkmyDFLerHNnIG0pVz,IFCFURNITURE,480
31rKK5OS94d9cPXIYeNUQ2,IFCWALL,1604.34
3xbSKSbm992xp_6Cq9s$m9,IFCBUILDINGELEMENTPROXY,9.47
0U4XQxUbT6Kgsr80BN4mQZ,IFCBUILDINGELEMENTPROXY,63.35
0U4XQxUbT6Kgsr80BN4mns,IFCSLAB,185.38
0U4XQxUbT6Kgsr80BN4mnf,IFCWALL,35.04
0U4XQxUbT6Kgsr80BN4mnT,IFCBUILDINGELEMENTPROXY,34.01
0U4XQxUbT6Kgsr80BN4mqS,IFCFURNITURE,480
0U4XQxUbT6Kgsr80BN4mqR,IFCDOOR,1563.45
0U4XQxUbT6Kgsr80BN4mqD,IFCBUILDINGELEMENTPROXY,63.35
0U4XQxUbT6Kgsr80BN4mtx,IFCWALL,259.19
0U4XQxUbT6Kgsr80BN4mtr,IFCFURNITURE,480
0U4XQxUbT6Kgsr80BN4mtn,IFCFURNITURE,480
0U4XQxUbT6Kgsr80BN4mtl,IFCWALL,50.62
0U4XQxUbT6Kgsr80BN4mtX,IFCFURNITURE,480
0swtehvpv5Xh4hPQqBXFZP,IFCMEMBER,2.4
04b3cqL6T7nASkHPv$nogY,IFCBUILDINGELEMENTPROXY,0.82
04b3cqL6T7nASkHPv$nogl,IFCBUILDINGELEMENTPROXY,0.82
04b3cqL6T7nASkHPv$nogs,IFCWINDOW,4200.8
04b3cqL6T7nASkHPv$nog_,IFCWALL,387.18
04b3cqL6T7nASkHPv$nof9,IFCMEMBER,60.38
2FEbCL35D6jBrcV_5oCbGJ,IFCFURNITURE,480
2HJPHz$LL92Ori_VKXvn3R,IFCWALL,712.57
2HJPHz$LL92Ori_VKXvnBK,IFCBUILDINGELEMENTPROXY,1.46
2BVeQ1SqP5AhTNOyGjrJYy,IFCFURNITURE,480
0miuAs27j0Uv$d9Nf9LTfC,IFCBUILDINGELEMENTPROXY,3890.58
1_JXCb1er8YQ4atKTVBf9A,IFCWALL,6601.06
2ycvOAVV5BmPKPPN5My2MZ,IFCWINDOW,3566.86
3_kk4p4U1Bdg7XGdF3sJg7,IFCWALL,26.05
3_kk4p4U1Bdg7XGdF3sGLf,IFCWALL,7.24
2CYMLiCRX28Bytt8lqan3s,IFCWALL,65.25
2CYMLiCRX28Bytt8lqanuI,IFCWALL,9.49
3HG04Ne1b5W8ZXjO0Xv6S9,IFCWALL,282.82
0OJjI_wr5DjxGFObFsiQg5,IFCWALL,733.54
3UWv$DRqb5r9d6smiWX_1x,IFCWALL,262.16
3UWv$DRqb5r9d6smiWX_7x,IFCWALL,531.3
1YueUxVJH8SwhLiH$TP6tE,IFCWALL,109.64
3Exf$uKEj6vBh5DuRp1ROi,IFCWALL,83.96
1do79UPsT5QgT3kMg0ohry,IFCBUILDINGELEMENTPROXY,0.69
1do79UPsT5QgT3kMg0ohoK,IFCFURNITURE,480
1do79UPsT5QgT3kMg0ohop,IFCFURNITURE,480
1do79UPsT5QgT3kMg0ohpC,IFCWALL,89.49
1do79UPsT5QgT3kMg0oh_k,IFCWALL,131.3
1do79UPsT5QgT3kMg0ohup,IFCWALL,371.04
3x08GjNxXAUwp6Nup35knx,IFCBUILDINGELEMENTPROXY,6.41
3x08GjNxXAUwp6Nup35kms,IFCFURNITURE,480
2XHYIYzAHChPcvcG26L_7p,IFCFURNITURE,480
2XHYIYzAHChPcvcG26L__w,IFCWALL,119.19
2Ytno7yd91dQAhhP73Exwc,IFCFURNITURE,480
3eqETIWmT5yuBevKr2XxPi,IFCWALL,227.83
1nTk$IukXDafutSIQse$qC,IFCWALL,349.66
3gwOWmx3v1CALTUKOuFv8d,IFCWALL,211.45
0dqh5oTcz4aP$fn7IYtJAp,IFCCOLUMN,2000
0dqh5oTcz4aP$fn7IYtJOQ,IFCCOLUMN,1662.17
0stYUSRTn5hRP77Rc$SY1l,IFCCOLUMN,715.39
0mlMV$YD96HATmmaM7Gcjy,IFCWALL,123.73
0mlMV$YD96HATmmaM7Gc1j,IFCBUILDINGELEMENTPROXY,1.75
0mlMV$YD96HATmmaM7GXqo,IFCBUILDINGELEMENTPROXY,1.75
0gAb5d1A120htF0tVYuwUO,IFCWALL,915.69
2j9OZGnbLExvPQRPWwI1S1,IFCWALL,905.16
3RKbg7mVv5KOhSWj4h$M3$,IFCWALL,128.12
3RKbg7mVv5KOhSWj4h$81y,IFCPLATE,152.31
3RKbg7mVv5KOhSWj4h$MQd,IFCMEMBER,155.52
2uA1QuTrD56OjKrY65ZNTi,IFCBUILDINGELEMENTPROXY,0.08
2uA1QuTrD56OjKrY65ZNTj,IFCBUILDINGELEMENTPROXY,1.46
3Gs4d$e319Ye0p833c8MEJ,IFCWALL,52.4
3cc9SGcw1FYfxd25PeybJQ,IFCWALL,104.49
23guZW2iXFCuvZJwtILzId,IFCSLAB,341.58
0fb8ht1cj4oRHWJZerVZLl,IFCMEMBER,59.55
2wYho76PDA9vn_AFRLvQq7,IFCMEMBER,350
31rKK5OS94d9cPXIYeNUwH,IFCMEMBER,350
0gNsikZPrFZe6ltc4u6HlK,IFCBUILDINGELEMENTPROXY,400
3oWRtKgGH6quoh0HBRWZP0,IFCBUILDINGELEMENTPROXY,400
1zaxyAqU13Vwe7hlENZDmR,IFCBUILDINGELEMENTPROXY,400
0xWFOllPL0iuEv8Kar2Ddr,IFCRAILING,620
0p_ez7$kb1fQ0sr1Uds0Hd,IFCRAILING,620
2MGIpRi0XEXwECOTNgozd_,IFCSTAIR,4200
37O9F6zDH7NuO6lYxEN6yS,IFCBUILDINGELEMENTPROXY,400
11qQrX$zDAqxSsCbLSxM$T,IFCBUILDINGELEMENTPROXY,400
2LDPNirxb6Uv4e97Wb9a_S,IFCBUILDINGELEMENTPROXY,400
3oWRtKgGH6quoh0HBRWZPT,IFCBUILDINGELEMENTPROXY,400
31rKK5OS94d9cPXIYeNUTE,IFCMEMBER,350
2I7Auyk8bCgAfwQpXOR$03,IFCBUILDINGELEMENTPROXY,400
22T8RHjlP7sPxAvJUQWvWg,IFCBUILDINGELEMENTPROXY,400
2MGIpRi0XEXwECOTNgoziN,IFCMEMBER,350
1JU62QTXfD2RUOVIJGrICc,IFCMEMBER,350
11qQrX$zDAqxSsCbLSxMWs,IFCBUILDINGELEMENTPROXY,400
08MyaqNu9BFwa6_NaWO97p,IFCBUILDINGELEMENTPROXY,400
2MGIpRi0XEXwECOTNgozt$,IFCRAILING,620
2LDPNirxb6Uv4e97Wb9aoN,IFCBUILDINGELEMENTPROXY,400
2ey33Zf5DB4g1cN759W92H,IFCSLAB,1200
37O9F6zDH7NuO6lYxEN7fy,IFCBUILDINGELEMENTPROXY,400
0KFiZbIOr6CvZu5Ad4jxI4,IFCMEMBER,350
37O9F6zDH7NuO6lYxEN7g5,IFCBUILDINGELEMENTPROXY,400
1avhRfmw91wxWQrhU4W2Aw,IFCRAILING,620
0xFNQ8PGTBT9zQcWRoy50q,IFCRAILING,620
02_CiyN659neOqt2G8Olzu,IFCMEMBER,350
3EA$a_SEr3PeQbJzkS8s_e,IFCBUILDINGELEMENTPROXY,400
3scyhg1aT4f8EoxA1HN_f9,IFCMEMBER,350
2LDPNirxb6Uv4e97Wb9aoJ,IFCBUILDINGELEMENTPROXY,400
2LDPNirxb6Uv4e97Wb9a_I,IFCBUILDINGELEMENTPROXY,400
30zSZjFxH19R7IhI893q00,IFCBUILDINGELEMENTPROXY,400
11qQrX$zDAqxSsCbLSxNBL,IFCBUILDINGELEMENTPROXY,400
2LDPNirxb6Uv4e97Wb9avR,IFCBUILDINGELEMENTPROXY,400
3fIyBYh7fB78nAzlrPVPJ7,IFCBUILDINGELEMENTPROXY,400
3oWRtKgGH6quoh0HBRWZwu,IFCBUILDINGELEMENTPROXY,400
1zaxyAqU13Vwe7hlENZC9I,IFCBUILDINGELEMENTPROXY,400
3IP1NcR8H1yQoZHEVfIrom,IFCBUILDINGELEMENTPROXY,400
37O9F6zDH7NuO6lYxEN7er,IFCBUILDINGELEMENTPROXY,400
08MyaqNu9BFwa6_NaWO9BM,IFCBUILDINGELEMENTPROXY,400
2wYho76PDA9vn_AFRLvQpM,IFCMEMBER,350
1zaxyAqU13Vwe7hlENZC86,IFCBUILDINGELEMENTPROXY,400
3IP1NcR8H1yQoZHEVfIr6O,IFCBUILDINGELEMENTPROXY,400
2MGIpRi0XEXwECOTNgozf2,IFCMEMBER,350
3scyhg1aT4f8EoxA1HN_Zy,IFCMEMBER,350
11qQrX$zDAqxSsCbLSxMjT,IFCBUILDINGELEMENTPROXY,400
0O5ZCyMCrCOQ6uiL7qfhcU,IFCRAILING,620
1_sv95voL5Pv5rmkwkZvPB,IFCRAILING,620
0gNsikZPrFZe6ltc4u6HlI,IFCBUILDINGELEMENTPROXY,400
3IP1NcR8H1yQoZHEVfIr6y,IFCBUILDINGELEMENTPROXY,400
1XeopoEmL4fQChMRbpTc7x,IFCWALL,168.63
2jRUK7Mkb6Ue8A9OvpTGOw,IFCLIGHTFIXTURE,210
379n97ggH7Bxgna2953$Ao,IFCLIGHTFIXTURE,210
2Wk83bCBP5xxmQhRC_$kXj,IFCCOVERING,232.03
29L_DeI4f1hfP6ODuq8ddd,IFCLIGHTFIXTURE,210
2i1ro43jr7TeCTnrJrjJy$,IFCLIGHTFIXTURE,210
06fTk68cnA6vD9GRSabnpl,IFCLIGHTFIXTURE,210
06fTk68cnA6vD9GRSabm5B,IFCLIGHTFIXTURE,210
2iprjJO5DFPPFZufOJpoXl,IFCCOVERING,12.41
3b_GinbYTDwALWT66s67cN,IFCCOVERING,12.27
2Dmljw8uHCLBZQQu9H5f2s,IFCMEMBER,118.49
2Dmljw8uHCLBZQQu9H5f0x,IFCMEMBER,39.56
2Dmljw8uHCLBZQQu9H5f0W,IFCMEMBER,17.85
2Dmljw8uHCLBZQQu9H5f1U,IFCMEMBER,57.35
2Dmljw8uHCLBZQQu9H5f3G,IFCCURTAINWALL,494.61
2Dmljw8uHCLBZQQu9H5f1S,IFCCOVERING,71.78
2Dmljw8uHCLBZQQu9H5f8N,IFCMEMBER,116.02
2Dmljw8uHCLBZQQu9H5f8T,IFCCURTAINWALL,224.46
2Dmljw8uHCLBZQQu9H5f8I,IFCMEMBER,232.04
2Dmljw8uHCLBZQQu9H5f8Y,IFCMEMBER,57.35
2Dmljw8uHCLBZQQu9H5f9i,IFCPLATE,13.34
2Dmljw8uHCLBZQQu9H5f9w,IFCMEMBER,11.96
2Dmljw8uHCLBZQQu9H5f9u,IFCMEMBER,53.87
2Dmljw8uHCLBZQQu9H5fN1,IFCPLATE,100.03
2Dmljw8uHCLBZQQu9H5fMO,IFCMEMBER,36.46
2Dmljw8uHCLBZQQu9H5fMD,IFCMEMBER,57.35
2Dmljw8uHCLBZQQu9H5fMc,IFCMEMBER,118.49
2Dmljw8uHCLBZQQu9H5fKV,IFCMEMBER,19.75
3IUW_OtwnAEPXJY40CdOan,IFCBUILDINGELEMENTPROXY,1.31
0fb8ht1cj4oRHWJZerVZVD,IFCCOVERING,188.44
3WJfQUHe1A3x25MI_xeXnt,IFCLIGHTFIXTURE,210
3WJfQUHe1A3x25MI_xeXKz,IFCLIGHTFIXTURE,210
3WJfQUHe1A3x25MI_xeWYK,IFCLIGHTFIXTURE,210
1ia1aKK99E7eB2Qq5ldffT,IFCWALL,180.58
21U07TPLv4F9zfrV5EunZb,IFCWALL,1232.82
21U07TPLv4F9zfrV5Euni5,IFCPLATE,282.04
21U07TPLv4F9zfrV5Euni9,IFCPLATE,282.04
21U07TPLv4F9zfrV5Eunjj,IFCMEMBER,86.59
21U07TPLv4F9zfrV5Eunjw,IFCMEMBER,145.83
21U07TPLv4F9zfrV5Eunj8,IFCMEMBER,86.59
21U07TPLv4F9zfrV5EunjD,IFCMEMBER,86.9
21U07TPLv4F9zfrV5EunjT,IFCMEMBER,86.9
0m3ylIKyvFIf90OJWdRds9,IFCFURNITURE,480
0m3ylIKyvFIf90OJWdRdsK,IFCFURNITURE,480
0m3ylIKyvFIf90OJWdRdsT,IFCFURNITURE,480
0d_HunAzzAPg4$RxtR7plY,IFCBUILDINGELEMENTPROXY,1.52
0rpwMvtbz48ARUNqqbdTFY,IFCLIGHTFIXTURE,210
2F3zBK1BH8DBfhr$IH1OYC,IFCBUILDINGELEMENTPROXY,0.05
2F3zBK1BH8DBfhr$IH1OYB,IFCBUILDINGELEMENTPROXY,1.1
2F3zBK1BH8DBfhr$IH1OYq,IFCBUILDINGELEMENTPROXY,0.05
2F3zBK1BH8DBfhr$IH1Rsl,IFCBUILDINGELEMENTPROXY,0.09
30zSZjFxH19R7IhI89CAyu,IFCLIGHTFIXTURE,210
30zSZjFxH19R7IhI893raF,IFCLIGHTFIXTURE,210
30zSZjFxH19R7IhI893rgw,IFCLIGHTFIXTURE,210
30zSZjFxH19R7IhI893rgy,IFCLIGHTFIXTURE,210
30zSZjFxH19R7IhI893q01,IFCWALL,31.73
3Pa9TWKvP7U8BPMR24iKbo,IFCWALL,43.22
2Dmljw8uHCLBZQQu9H5fN8,IFCMEMBER,56.3
2Dmljw8uHCLBZQQu9H5fNi,IFCMEMBER,54.69
1HuOQ2xWrE6xc43TABXjuJ,IFCLIGHTFIXTURE,210
1HuOQ2xWrE6xc43TABXi5S,IFCLIGHTFIXTURE,210
2hwXS543X12wPSDjg9UwS3,IFCLIGHTFIXTURE,210
2hwXS543X12wPSDjg9UwS5,IFCLIGHTFIXTURE,210
2hwXS543X12wPSDjg9UwSA,IFCLIGHTFIXTURE,210
2hwXS543X12wPSDjg9UwS8,IFCLIGHTFIXTURE,210
2$2NOVgxvFUxyaMBSGgnRH,IFCROOF,4186.91
38Ozd1J$fFHu9SwugZC0V5,IFCWALL,27.37
1pNJ5Zk8z3pvIFN1H7asQg,IFCROOF,514.11
2ZVGFCGgXElQy2d$sfHnDL,IFCROOF,16909.15
2MAHRuCXP51wFXs0k0D8sL,IFCMEMBER,47.09
2MAHRuCXP51wFXs0k0D8s9,IFCMEMBER,47.09
0usV6tDDnFohq5PghQ5D2j,IFCBUILDINGELEMENTPROXY,1.12
2xT4x5lXnBNxcZ5QZbxhSC,IFCWALL,3.01
34lqDYnzHB3wmZslDJwlAX,IFCWALL,0.38
34lqDYnzHB3wmZslDJwlAL,IFCWALL,0.38
34lqDYnzHB3wmZslDJwlE2,IFCWALL,8.03
34lqDYnzHB3wmZslDJwlDw,IFCWALL,3.82
359zRRFDT1vRiwFSrqNW37,IFCLIGHTFIXTURE,210
359zRRFDT1vRiwFSrqNWFg,IFCLIGHTFIXTURE,210
359zRRFDT1vRiwFSrqNWaD,IFCWALL,2.2
359zRRFDT1vRiwFSrqNWhz,IFCWALL,4.6
0yuIaJzffD5AfrddYB8T2C,IFCWALL,6.1
0yuIaJzffD5AfrddYB8T2X,IFCWALL,3.1
0VkBuGTyymNLzSYgo1oeqy,IFCSLAB,5.94
0LC$9$2dX7$gor7712GhF5,IFCWALL,156.89
1dKu5zsdHE_A8Pn$AaqhXG,IFCBUILDINGELEMENTPROXY,0.26
1dKu5zsdHE_A8Pn$AaqevI,IFCWALL,30
3w1fdDBgP24AlAEkntqDb2,IFCWALL,48.5
10$nTTYwHDYQgso2$xPFip,IFCWALL,73.25
2I7Auyk8bCgAfwQpXOR$06,IFCWALL,24.25
3IP1NcR8H1yQoZHEVfIrM4,IFCWALL,26.06
3IP1NcR8H1yQoZHEVfIrC4,IFCLIGHTFIXTURE,210
3IP1NcR8H1yQoZHEVfIrqJ,IFCWALL,45.7
3IP1NcR8H1yQoZHEVfIrr4,IFCLIGHTFIXTURE,210
37O9F6zDH7NuO6lYxEN7hp,IFCLIGHTFIXTURE,210
37O9F6zDH7NuO6lYxEN7gu,IFCCOVERING,748.95
37O9F6zDH7NuO6lYxEN7gr,IFCWALL,45.7
3Pa9TWKvP7U8BPMR24iKbW,IFCWALL,42.3
0DciJ_E7T338RZ8d5_Z0Lp,IFCCOLUMN,1056
1df_AX8lj42QG_5UAC4g53,IFCSLAB,160.56
2KlzI5wW9AsOx8hJvqWNmO,IFCSLAB,157.84
3TU2oe8q5EWBZPZ9aDFzxX,IFCSLAB,181.19
0Tx9R6EzzCafcjYaXNiywz,IFCWALL,25.76
1A1xoGlcrCHA5HP$e_fPvk,IFCSLAB,33.4
2CN5jdBAn0heeMXkK42zRA,IFCWALL,334.13
3DXKBuZLPBzw30xfYN9u0x,IFCWALL,44.82
3DXKBuZLPBzw30xfYN9uvt,IFCWALL,32.81
3vN2Fl6Az8C9cBZizN$HQ6,IFCWALL,5.29
2Z1lN957z0auk_rV6OvZZE,IFCCOLUMN,781.98
2J5sLyal16uwFIVutbWIL_,IFCFURNITURE,480
0PLLoN4krEzh4T_Z80DWH0,IFCWALL,65.25
3WfYW5FlP7QuyLJ0RKDFgy,IFCWALL,119.06
3uZKf59$50gfUnuEmGsrJr,IFCWALL,116.03
0q9es9kCD4oOj_kMIudRU9,IFCPLATE,44.24
0q9es9kCD4oOj_kMIudRUD,IFCPLATE,44.24
0q9es9kCD4oOj_kMIudRTy,IFCPLATE,44.24
00OcTh2YnDIRjBe1O3sIXR,IFCPLATE,44.24
02_CiyN659neOqt2G8Olop,IFCPLATE,185.37
0q9es9kCD4oOj_kMIudRTn,IFCMEMBER,72.92
0q9es9kCD4oOj_kMIudRTT,IFCMEMBER,72.92
0q9es9kCD4oOj_kMIudRSQ,IFCMEMBER,72.92
00OcTh2YnDIRjBe1O3sIYK,IFCMEMBER,72.92
00OcTh2YnDIRjBe1O3sIYH,IFCMEMBER,72.92
00OcTh2YnDIRjBe1O3sIYU,IFCMEMBER,72.92
02_CiyN659neOqt2G8OloX,IFCMEMBER,68.74
2RT2fqAQ9B_x8VHdhSmfKI,IFCROOF,8823.99
2ch6GiTYr6ofWwBJULtRUs,IFCPLATE,6.02
2ch6GiTYr6ofWwBJULtROf,IFCMEMBER,21.65
2ch6GiTYr6ofWwBJULtRUh,IFCMEMBER,11.3
2ch6GiTYr6ofWwBJULtRUf,IFCMEMBER,72.92
343IftMCP4UOCLPJnm955_,IFCPLATE,191.69
343IftMCP4UOCLPJnm954N,IFCPLATE,191.69
343IftMCP4UOCLPJnm9556,IFCMEMBER,72.92
343IftMCP4UOCLPJnm9550,IFCMEMBER,72.92
343IftMCP4UOCLPJnm955M,IFCMEMBER,15.95
343IftMCP4UOCLPJnm954a,IFCMEMBER,72.92
343IftMCP4UOCLPJnm954x,IFCMEMBER,15.95
343IftMCP4UOCLPJnmEwxg,IFCMEMBER,72.92
3VPu6Q9HP8$RPQyOwZd3li,IFCMEMBER,32.28
3VPu6Q9HP8$RPQyOwZd3lj,IFCMEMBER,15.95
04b3cqL6T7nASkHPv$no49,IFCMEMBER,58.49
04b3cqL6T7nASkHPv$no4S,IFCMEMBER,58.49
04b3cqL6T7nASkHPv$no4b,IFCMEMBER,54.69
04b3cqL6T7nASkHPv$no4_,IFCMEMBER,58.49
04b3cqL6T7nASkHPv$no4y,IFCMEMBER,71.4
04b3cqL6T7nASkHPv$nox1,IFCMEMBER,58.49
1yjzQ_fH5D2ulNYAuuyBZP,IFCPLATE,47.5
1yjzQ_fH5D2ulNYAuuyBZO,IFCPLATE,133.7
1yjzQ_fH5D2ulNYAuuyBa9,IFCMEMBER,51.65
1yjzQ_fH5D2ulNYAuuyBaA,IFCMEMBER,115.45
04b3cqL6T7nASkHPv$nowS,IFCPLATE,133.7
04b3cqL6T7nASkHPv$nowx,IFCMEMBER,2.31
04b3cqL6T7nASkHPv$novB,IFCMEMBER,2.31
04b3cqL6T7nASkHPv$novF,IFCMEMBER,2.31
04b3cqL6T7nASkHPv$novf,IFCMEMBER,4.68
1yjzQ_fH5D2ulNYAuuyBai,IFCMEMBER,2.31
1yjzQ_fH5D2ulNYAuuyBaq,IFCMEMBER,4.68
1yjzQ_fH5D2ulNYAuuyBv$,IFCMEMBER,115.45
04b3cqL6T7nASkHPv$no$D,IFCPLATE,133.7
1yjzQ_fH5D2ulNYAuuyBvm,IFCMEMBER,115.45
04b3cqL6T7nASkHPv$no$b,IFCPLATE,133.7
04b3cqL6T7nASkHPv$no$m,IFCMEMBER,2.37
04b3cqL6T7nASkHPv$no$z,IFCMEMBER,2.31
04b3cqL6T7nASkHPv$no_9,IFCMEMBER,2.31
04b3cqL6T7nASkHPv$no_U,IFCMEMBER,4.68
04b3cqL6T7nASkHPv$no_V,IFCMEMBER,4.68
04b3cqL6T7nASkHPv$no_S,IFCMEMBER,4.68
04b3cqL6T7nASkHPv$no_p,IFCMEMBER,4.68
1yjzQ_fH5D2ulNYAuuyBbE,IFCMEMBER,115.45
1yjzQ_fH5D2ulNYAuuyBbT,IFCMEMBER,51.65
1yjzQ_fH5D2ulNYAuuyBbQ,IFCMEMBER,115.45
04b3cqL6T7nASkHPv$noyx,IFCMEMBER,2.37
04b3cqL6T7nASkHPv$noyy,IFCMEMBER,2.31
04b3cqL6T7nASkHPv$nopT,IFCMEMBER,1.67
04b3cqL6T7nASkHPv$nopn,IFCMEMBER,4.68
04b3cqL6T7nASkHPv$nopy,IFCMEMBER,2.23
04b3cqL6T7nASkHPv$noo2,IFCMEMBER,1.73
2B9ggR9Lj4EhSARQFiruko,IFCMEMBER,51.65
2B9ggR9Lj4EhSARQFirueJ,IFCPLATE,61.86
04b3cqL6T7nASkHPv$nonb,IFCMEMBER,2.31
04b3cqL6T7nASkHPv$nom4,IFCMEMBER,2.4
2B9ggR9Lj4EhSARQFirula,IFCMEMBER,4.68
04b3cqL6T7nASkHPv$nomM,IFCDOOR,2282.72
04b3cqL6T7nASkHPv$notO,IFCMEMBER,141.28
04b3cqL6T7nASkHPv$noml,IFCPLATE,133.7
04b3cqL6T7nASkHPv$notI,IFCMEMBER,2.37
04b3cqL6T7nASkHPv$nota,IFCPLATE,26.39
04b3cqL6T7nASkHPv$nosA,IFCMEMBER,4.68
04b3cqL6T7nASkHPv$nosL,IFCMEMBER,2.37
04b3cqL6T7nASkHPv$nost,IFCMEMBER,2.31
04b3cqL6T7nASkHPv$nosZ,IFCMEMBER,60.38
04b3cqL6T7nASkHPv$nor5,IFCBUILDINGELEMENTPROXY,0.13
0l1N2UgEH9ygmysH$kBE_O,IFCCOLUMN,454.15
2NVDfmr3r0pwm4jNoJqPp1,IFCCOLUMN,998.41
2NVDfmr3r0pwm4jNoJqPpE,IFCCOLUMN,467.09
0XunQJuDrCywXJ370JITF3,IFCFURNITURE,480
0XunQJuDrCywXJ370JITE7,IFCFURNITURE,480
0XunQJuDrCywXJ370JITE1,IFCFURNITURE,480
0XunQJuDrCywXJ370JIT7a,IFCFURNITURE,480
0XunQJuDrCywXJ370JIT7B,IFCFURNITURE,480
1dQuNrVRX7Z8lBw2sv8jeq,IFCLIGHTFIXTURE,210
1dQuNrVRX7Z8lBw2sv8jlC,IFCLIGHTFIXTURE,210
3SnOVw7ojDZ8nnFzhqldjS,IFCPLATE,316.26
3SnOVw7ojDZ8nnFzhqldex,IFCPLATE,37.27
3SnOVw7ojDZ8nnFzhqldiw,IFCMEMBER,83.17
3SnOVw7ojDZ8nnFzhqldxu,IFCMEMBER,42.91
0V7b1sZrLBF8P59YUseL$E,IFCMEMBER,102.58
3SnOVw7ojDZ8nnFzhqlcpA,IFCMEMBER,12.64
1lxqaTga9DvxFctJPFetO1,IFCWALL,25.63
30dzunCuvCRADZXw6x9oxI,IFCLIGHTFIXTURE,210
30dzunCuvCRADZXw6x9orB,IFCLIGHTFIXTURE,210
1G_I00WlX2MBQekqB04dI_,IFCWALL,10610.72
1dQuNrVRX7Z8lBw2sv8hpN,IFCSLAB,2974.18
1dQuNrVRX7Z8lBw2sv8hoS,IFCSLAB,2186.55
07qCfCfOH2$9ZHLwxaU8Rx,IFCDOOR,1849.63
2mejqQiN994Q2UMYaLHePR,IFCWALL,167.02
2wYho76PDA9vn_AFRLvLL8,IFCWALL,86.27
0s9hxL8vH4AQpm7LXCLP7W,IFCFURNITURE,480
0s9hxL8vH4AQpm7LXCLP7X,IFCFURNITURE,480
0s9hxL8vH4AQpm7LXCLP0k,IFCFURNITURE,480
0s9hxL8vH4AQpm7LXCLPFR,IFCWALL,69.85
0s9hxL8vH4AQpm7LXCLO2x,IFCDOOR,2268.77
1Un9ptyoX1vey29ZkM5AX_,IFCBUILDINGELEMENTPROXY,0.19
1Un9ptyoX1vey29ZkM5AZF,IFCBUILDINGELEMENTPROXY,0.19
0K0FV0u6b9L9sDGL7lHAdf,IFCFURNITURE,480
0K0FV0u6b9L9sDGL7lH9Sc,IFCFURNITURE,480
0K0FV0u6b9L9sDGL7lH9q9,IFCWALL,5.85
28fEL2KJH3nefH9oQJhuQn,IFCWALL,24.68
321qo6Jt58aRGW1V_saw28,IFCWALL,46.77
321qo6Jt58aRGW1V_saw9i,IFCWALL,31.69
321qo6Jt58aRGW1V_sawAC,IFCFURNITURE,480
321qo6Jt58aRGW1V_sawAA,IFCWALL,5.85
321qo6Jt58aRGW1V_sawA_,IFCWALL,31.69
321qo6Jt58aRGW1V_sawAh,IFCBUILDINGELEMENTPROXY,33.39
321qo6Jt58aRGW1V_sawCA,IFCBUILDINGELEMENTPROXY,4.31
321qo6Jt58aRGW1V_sawCi,IFCBUILDINGELEMENTPROXY,3.38
321qo6Jt58aRGW1V_sawDD,IFCWALL,30.77
321qo6Jt58aRGW1V_sawDg,IFCFURNITURE,480
321qo6Jt58aRGW1V_sawLf,IFCDOOR,1513.13
321qo6Jt58aRGW1V_sawO3,IFCDOOR,1513.13
321qo6Jt58aRGW1V_sawQL,IFCDOOR,1513.13
3aJHYCIlHAIBfmGnzR8diu,IFCWALL,295.53
1sqRaCGxn09vsPk5LktK3O,IFCBUILDINGELEMENTPROXY,16.02
1sqRaCGxn09vsPk5LktL5o,IFCDOOR,1578.02
1sqRaCGxn09vsPk5LktLWA,IFCFURNITURE,480
3kc6SqM9H57QHDXaSHOqDQ,IFCDOOR,1457.23
31rKK5OS94d9cPXIYeNUQ6,IFCDOOR,1849.63
3ILb7oItT50eCRbCAAdIGK,IFCWALL,295.39
3ILb7oItT50eCRbCAAdIIQ,IFCWALL,293.55
3ILb7oItT50eCRbCAAdIMT,IFCWALL,72.46
3ILb7oItT50eCRbCAAdLeJ,IFCWALL,219.7
0U4XQxUbT6Kgsr80BN4mQz,IFCWALL,146.92
0U4XQxUbT6Kgsr80BN4mQi,IFCFURNITURE,480
0U4XQxUbT6Kgsr80BN4mqH,IFCBUILDINGELEMENTPROXY,1.3
0U4XQxUbT6Kgsr80BN4mqE,IFCBUILDINGELEMENTPROXY,0.69
0U4XQxUbT6Kgsr80BN4mq5,IFCBUILDINGELEMENTPROXY,2.25
0U4XQxUbT6Kgsr80BN4mro,IFCWALL,43.88
0U4XQxUbT6Kgsr80BN4ms3,IFCSLAB,185.38
0swtehvpv5Xh4hPQqBXFZO,IFCMEMBER,0.94
0swtehvpv5Xh4hPQqBXFY8,IFCMEMBER,2.31
04b3cqL6T7nASkHPv$nog5,IFCWALL,2468.65
04b3cqL6T7nASkHPv$nogL,IFCBUILDINGELEMENTPROXY,0.82
04b3cqL6T7nASkHPv$nogn,IFCWALL,2265.92
04b3cqL6T7nASkHPv$nog$,IFCWALL,133.69
2BVeQ1SqP5AhTNOyGjrJY$,IFCFURNITURE,480
1wEcvRRSvBC9IteKKC$Ete,IFCBUILDINGELEMENTPROXY,1.37
1wEcvRRSvBC9IteKKC$Etg,IFCBUILDINGELEMENTPROXY,1.37
0$7It6VrT9OAeep1ekDa9V,IFCBUILDINGELEMENTPROXY,12.17
0F8MBhrI9DsuFtYcLuUhIV,IFCWALL,165.84
2PZ1VtXBH3AwJgJCsievIr,IFCWALL,161.54
3_kk4p4U1Bdg7XGdF3sGTa,IFCWALL,7.24
2CYMLiCRX28Bytt8lqan_$,IFCWALL,65.25
3Exf$uKEj6vBh5DuRp1ROn,IFCWALL,292.9
1do79UPsT5QgT3kMg0ohro,IFCWALL,43.88
1do79UPsT5QgT3kMg0ohoe,IFCDOOR,1563.45
1do79UPsT5QgT3kMg0oh_l,IFCWALL,349.66
3x08GjNxXAUwp6Nup35kmV,IFCFURNITURE,480
2XHYIYzAHChPcvcG26L__$,IFCWALL,158.22
2XHYIYzAHChPcvcG26L_y8,IFCWALL,140.52
2Ytno7yd91dQAhhP73Exwi,IFCWALL,97.65
2Ytno7yd91dQAhhP73ExwX,IFCFURNITURE,480
3eqETIWmT5yuBevKr2Xx3z,IFCDOOR,1457.23
3eqETIWmT5yuBevKr2XxPk,IFCWALL,166.68
3eqETIWmT5yuBevKr2XxQJ,IFCWALL,166.68
3eqETIWmT5yuBevKr2XxQK,IFCWALL,125.98
0dqh5oTcz4aP$fn7IYtJCy,IFCCOLUMN,1021.99
0dqh5oTcz4aP$fn7IYtJNi,IFCCOLUMN,902.42
0mlMV$YD96HATmmaM7GcnW,IFCBUILDINGELEMENTPROXY,1.75
0mlMV$YD96HATmmaM7GcZu,IFCBUILDINGELEMENTPROXY,0.19
0mlMV$YD96HATmmaM7GcRZ,IFCBUILDINGELEMENTPROXY,0.19
0gAb5d1A120htF0tVYuwDV,IFCWALL,173.27
0UGxX1kPL6sx7IPcItoIWc,IFCWALL,213.18
2j9OZGnbLExvPQRPWwI1MP,IFCBUILDINGELEMENTPROXY,1.37
3RKbg7mVv5KOhSWj4h$MPB,IFCDOOR,8440.12
3RKbg7mVv5KOhSWj4h$MQW,IFCMEMBER,155.52
3RKbg7mVv5KOhSWj4h$81c,IFCMEMBER,69.31
2uA1QuTrD56OjKrY65ZNTk,IFCWINDOW,3470.25
15dMzGGu96lAjQVcpG2DaZ,IFCWALL,15.3
2Nacuo19H4IAx5s3kv9CFV,IFCWALL,1953.21
0fb8ht1cj4oRHWJZerVZLr,IFCMEMBER,34.56
0fb8ht1cj4oRHWJZerVZUq,IFCMEMBER,37.22
22T8RHjlP7sPxAvJUQWvsm,IFCBUILDINGELEMENTPROXY,400
37O9F6zDH7NuO6lYxEN7eS,IFCBUILDINGELEMENTPROXY,400
3LZOmf0A98PeT3v$HqSMfB,IFCMEMBER,350
3Bxp5ghKvCwvJzWj51Iszl,IFCBUILDINGELEMENTPROXY,400
0eDgNlL91F2QoCDuZZMBpk,IFCBUILDINGELEMENTPROXY,400
2MGIpRi0XEXwECOTNgozdt,IFCMEMBER,350
31rKK5OS94d9cPXIgeNUeg,IFCSLAB,1200
2LDPNirxb6Uv4e97Wb9aEL,IFCBUILDINGELEMENTPROXY,400
18E6Eks41DRfnhuMF6_vp$,IFCBUILDINGELEMENTPROXY,400
22T8RHjlP7sPxAvJUQWvZI,IFCBUILDINGELEMENTPROXY,400
0PLLoN4krEzh4T_Z80DWH2,IFCBUILDINGELEMENTPROXY,400
1nMwdyzlT4AuQ_X$HWZFCd,IFCRAILING,620
0xFNQ8PGTBT9zQcWRoy51w,IFCRAILING,620
129pK5j38Gdd19vWtQgoRA,IFCMEMBER,350
0JN50qvYLfmYna95Ev8XMJ,IFCMEMBER,350
0gNsikZPrFZe6ltc4u6HlM,IFCBUILDINGELEMENTPROXY,400
1zaxyAqU13Vwe7hlENZC9A,IFCBUILDINGELEMENTPROXY,400
3IP1NcR8H1yQoZHEVfIrqf,IFCBUILDINGELEMENTPROXY,400
22T8RHjlP7sPxAvJUQWvso,IFCBUILDINGELEMENTPROXY,400
2Z1lN957z0auk_rV6OvZ6u,IFCRAILING,620
2LDPNirxb6Uv4e97Wb9aE1,IFCBUILDINGELEMENTPROXY,400
37O9F6zDH7NuO6lYxEN7f_,IFCBUILDINGELEMENTPROXY,400
22VViu9P52ZuhF1OYoJQVi,IFCBUILDINGELEMENTPROXY,400
2wYho76PDA9vn_AFRLvQ_y,IFCMEMBER,350
3OvRGzk1rD3uqzRCwT0lph,IFCBUILDINGELEMENTPROXY,400
34lqDYnzHB3wmZslDJweyb,IFCBUILDINGELEMENTPROXY,400
1nMwdyzlT4AuQ_X$HWZFBe,IFCRAILING,620
2Mrobxeq1B$fFXXodQxPdx,IFCBUILDINGELEMENTPROXY,400
02_CiyN659neOqt2G8Ol$9,IFCRAILING,620
3HhtAbP5OYk$MIEUiZlUxy,IFCMEMBER,350
31rKK5OS94d9cPXIYeNUec,IFCMEMBER,350
0WpdaO$PjBJRoYSnKb1Wgg,IFCBUILDINGELEMENTPROXY,400
3kh3dxmgTBk9Yci_ylhqfi,IFCBUILDINGELEMENTPROXY,400
2MGIpRi0XEXwECOTNgozgp,IFCMEMBER,350
2MGIpRi0XEXwECOTNgozie,IFCMEMBER,350
0p_ez7$kb1fQ0sr1Uds03j,IFCMEMBER,350
0PLLoN4krEzh4T_Z80DWH1,IFCBUILDINGELEMENTPROXY,400
02_CiyN659neOqt2G8Ol9B,IFCRAILING,620
112$d87LbAS80iXUHBv_Bk,IFCRAILING,620
0h4O98KRn9KulxB5pmhtCU,IFCBUILDINGELEMENTPROXY,400
2LDPNirxb6Uv4e97Wb9adI,IFCBUILDINGELEMENTPROXY,400
2Fie0ty599fxnsmWh4VkvZ,IFCBUILDINGELEMENTPROXY,400
1zaxyAqU13Vwe7hlENZDq3,IFCBUILDINGELEMENTPROXY,400
30zSZjFxH19R7IhI893q7k,IFCBUILDINGELEMENTPROXY,400
0QT0LG8v1CFuxBgCmuWgQ1,IFCBUILDINGELEMENTPROXY,400
2Qub3vESL3gAodKa8iqiT5,IFCRAILING,620
0aEzLeQrcWgDYaA8QDsYoH,IFCMEMBER,350
02lo9sjvz8BucIIDWsvK_J,IFCMEMBER,350
1zaxyAqU13Vwe7hlENZC9E,IFCBUILDINGELEMENTPROXY,400
112$d87LbAS80iXUHBv_BX,IFCRAILING,620
2MGIpRi0XEXwECOTNgozoP,IFCMEMBER,350
31rKK5OS94d9cPXIYeNUe_,IFCMEMBER,350
0p_ez7$kb1fQ0sr1Uds03N,IFCMEMBER,350
3Pa9TWKvP7U8BPMR24iKbi,IFCBUILDINGELEMENTPROXY,400
2jRUK7Mkb6Ue8A9OvpTG3R,IFCLIGHTFIXTURE,210
2jRUK7Mkb6Ue8A9OvpTG3O,IFCLIGHTFIXTURE,210
1ynIJTp3j41BnCd95bH$Zm,IFCLIGHTFIXTURE,210
2i1ro43jr7TeCTnrJrjJV5,IFCLIGHTFIXTURE,210
06fTk68cnA6vD9GRSabnxO,IFCLIGHTFIXTURE,210
06fTk68cnA6vD9GRSabm4z,IFCLIGHTFIXTURE,210
2DdOtrZWbFu8xo_NjetJ5q,IFCLIGHTFIXTURE,210
2DdOtrZWbFu8xo_NjetJ5t,IFCLIGHTFIXTURE,210
2Dmljw8uHCLBZQQu9H5f0c,IFCPLATE,158.17
2Dmljw8uHCLBZQQu9H5f0t,IFCPLATE,100.03
2Dmljw8uHCLBZQQu9H5f2r,IFCMEMBER,37.72
2Dmljw8uHCLBZQQu9H5f0C,IFCMEMBER,56.21
2Dmljw8uHCLBZQQu9H5f0y,IFCMEMBER,120.01
2Dmljw8uHCLBZQQu9H5f0l,IFCMEMBER,68.36
2Dmljw8uHCLBZQQu9H5f0k,IFCMEMBER,52.79
2Dmljw8uHCLBZQQu9H5f0T,IFCPLATE,176.95
2Dmljw8uHCLBZQQu9H5f2W,IFCMEMBER,57.35
2Dmljw8uHCLBZQQu9H5f3m,IFCMEMBER,199
2Dmljw8uHCLBZQQu9H5f3j,IFCMEMBER,38.74
2Dmljw8uHCLBZQQu9H5f3I,IFCMEMBER,33.04
2Dmljw8uHCLBZQQu9H5fBj,IFCCURTAINWALL,424.13
2Dmljw8uHCLBZQQu9H5fBy,IFCMEMBER,57.35
2Dmljw8uHCLBZQQu9H5fBW,IFCMEMBER,6.08
2Dmljw8uHCLBZQQu9H5f8B,IFCMEMBER,36.08
2Dmljw8uHCLBZQQu9H5f89,IFCMEMBER,18.04
2Dmljw8uHCLBZQQu9H5fB3,IFCMEMBER,52.86
2Dmljw8uHCLBZQQu9H5f93,IFCCURTAINWALL,224.46
2Dmljw8uHCLBZQQu9H5f8W,IFCPLATE,94.14
2Dmljw8uHCLBZQQu9H5f9Y,IFCMEMBER,31.9
2Dmljw8uHCLBZQQu9H5fN_,IFCMEMBER,54.69
2Dmljw8uHCLBZQQu9H5fML,IFCPLATE,163.85
2Dmljw8uHCLBZQQu9H5fNo,IFCPLATE,100.03
2Dmljw8uHCLBZQQu9H5fMW,IFCMEMBER,50.89
2Dmljw8uHCLBZQQu9H5fNU,IFCMEMBER,56.59
1ebi$oBY19iAb6IvOdj2ob,IFCLIGHTFIXTURE,210
0b6St3DlX6wOevvBjxGfr7,IFCBUILDINGELEMENTPROXY,0.49
0b6St3DlX6wOevvBjxGfhn,IFCLIGHTFIXTURE,210
3WJfQUHe1A3x25MI_xeXK7,IFCLIGHTFIXTURE,210
3WJfQUHe1A3x25MI_xeWYN,IFCLIGHTFIXTURE,210
3WJfQUHe1A3x25MI_xeWYL,IFCLIGHTFIXTURE,210
3WJfQUHe1A3x25MI_xeWYC,IFCLIGHTFIXTURE,210
21U07TPLv4F9zfrV5EuniR,IFCPLATE,495.23
21U07TPLv4F9zfrV5Eunj1,IFCPLATE,275.88
21U07TPLv4F9zfrV5Eunjl,IFCMEMBER,86.59
21U07TPLv4F9zfrV5Eunjr,IFCMEMBER,145.83
21U07TPLv4F9zfrV5Eunj4,IFCMEMBER,86.59
21U07TPLv4F9zfrV5EunjJ,IFCMEMBER,86.9
21U07TPLv4F9zfrV5EunoX,IFCMEMBER,86.9
0m3ylIKyvFIf90OJWdRds8,IFCFURNITURE,480
0m3ylIKyvFIf90OJWdRdsV,IFCFURNITURE,480
0m3ylIKyvFIf90OJWdRdt9,IFCFURNITURE,480
0m3ylIKyvFIf90OJWdRdqs,IFCFURNITURE,480
2ey33Zf5DB4g1cN7D9W927,IFCROOF,753.56
0d_HunAzzAPg4$RxtR7pEi,IFCCOVERING,1110.63
0d_HunAzzAPg4$RxtR7pIW,IFCCOLUMN,193.14
0d_HunAzzAPg4$RxtR7pgJ,IFCDOOR,2022.65
2F3zBK1BH8DBfhr$IH1OYf,IFCBUILDINGELEMENTPROXY,0.05
2F3zBK1BH8DBfhr$IH1RsJ,IFCBUILDINGELEMENTPROXY,1.29
37O9F6zDH7NuO6lYxEN7eB,IFCLIGHTFIXTURE,210
37O9F6zDH7NuO6lYxEN7e3,IFCBUILDINGELEMENTPROXY,0.26
37O9F6zDH7NuO6lYxEN7eo,IFCCOVERING,748.95
37O9F6zDH7NuO6lYxEN7l1,IFCLIGHTFIXTURE,210
30zSZjFxH19R7IhI893rQW,IFCLIGHTFIXTURE,210
30zSZjFxH19R7IhI893raC,IFCLIGHTFIXTURE,210
30zSZjFxH19R7IhI893rjH,IFCLIGHTFIXTURE,210
30zSZjFxH19R7IhI893rgu,IFCLIGHTFIXTURE,210
30zSZjFxH19R7IhI893q0F,IFCCOVERING,661.37
3Pa9TWKvP7U8BPMR24iKbp,IFCWALL,26.17
2Dmljw8uHCLBZQQu9H5fND,IFCMEMBER,110.25
2Dmljw8uHCLBZQQu9H5fN9,IFCMEMBER,57.35
2Dmljw8uHCLBZQQu9H5fNg,IFCMEMBER,68.36
2Dmljw8uHCLBZQQu9H5fNe,IFCMEMBER,52.79
2Dmljw8uHCLBZQQu9H5fKF,IFCMEMBER,24.69
2Dmljw8uHCLBZQQu9H5fKE,IFCMEMBER,17.85
1p1TedivvE5h1insNCQueQ,IFCBUILDINGELEMENTPROXY,0.15
2hwXS543X12wPSDjg9UwS1,IFCLIGHTFIXTURE,210
128PB7rvH4mfupwLkPTVrO,IFCBUILDINGELEMENTPROXY,1.75
2MAHRuCXP51wFXs0k0D8sO,IFCCURTAINWALL,1755
2MAHRuCXP51wFXs0k0D8sC,IFCMEMBER,52.41
2MAHRuCXP51wFXs0k0D95l,IFCWALL,25.18
19wte9agf2gQF7hll3rkR6,IFCWALL,16.69
2F3zBK1BH8DBfhr$IH1ObP,IFCBUILDINGELEMENTPROXY,0.05
0usV6tDDnFohq5PghQ5D4p,IFCWALL,97.52
0usV6tDDnFohq5PghQ5D2v,IFCBUILDINGELEMENTPROXY,1.12
0usV6tDDnFohq5PghQ5D32,IFCBUILDINGELEMENTPROXY,1.12
3pzaB_ZtL36el0ClYINdUU,IFCCOVERING,339.42
3oWRtKgGH6quoh0HBRWZN8,IFCBUILDINGELEMENTPROXY,41.68
3oWRtKgGH6quoh0HBRWZ1R,IFCWALL,0.54
3oWRtKgGH6quoh0HBRWZ1N,IFCWALL,0.37
34lqDYnzHB3wmZslDJwlAT,IFCWALL,0.39
359zRRFDT1vRiwFSrqNWMi,IFCLIGHTFIXTURE,210
359zRRFDT1vRiwFSrqNWKP,IFCLIGHTFIXTURE,210
0l1uiLxhf6Sh$CRbsdNP_g,IFCSLAB,46.94
0LC$9$2dX7$gor7712Gh9N,IFCWALL,148.06
0LC$9$2dX7$gor7712Gh5C,IFCWALL,148.06
1dKu5zsdHE_A8Pn$AaqevJ,IFCWALL,30.84
2xoycrPpH7EOfiZC0iDSHq,IFCWALL,126.03
1T5Wcb3F14If4LK98pJeEJ,IFCWALL,60.24
0j49MZvDrAEu6uW6jnTMgV,IFCLIGHTFIXTURE,210
0Lwxb_BUfALAc2_$BhZc7J,IFCWALL,131.32
0Lwxb_BUfALAc2_$BhZc6W,IFCWALL,258.23
10$nTTYwHDYQgso2$xPFgN,IFCWALL,129.39
2I7Auyk8bCgAfwQpXOR$9p,IFCCOVERING,550.41
3IP1NcR8H1yQoZHEVfIrqR,IFCLIGHTFIXTURE,210
3IP1NcR8H1yQoZHEVfIrqQ,IFCLIGHTFIXTURE,210
3IP1NcR8H1yQoZHEVfIrrJ,IFCWALL,26.06
3IP1NcR8H1yQoZHEVfIroU,IFCWALL,26.06
3IP1NcR8H1yQoZHEVfIrpq,IFCLIGHTFIXTURE,210
37O9F6zDH7NuO6lYxEN7hm,IFCLIGHTFIXTURE,210
37O9F6zDH7NuO6lYxEN7fF,IFCLIGHTFIXTURE,210
0DciJ_E7T338RZ8d5_Z0i6,IFCCOLUMN,1056
0DciJ_E7T338RZ8d5_Z0kZ,IFCCOLUMN,1056
19jRsGRmHCtQuanP7b0FIs,IFCSLAB,4850.91
1Wv2Cbp9PCthbVpj80Y1uA,IFCSLAB,827.47
1df_AX8lj42QG_5UAC4g$Q,IFCWALL,21.13
0Tx9R6EzzCafcjYaXNiyyY,IFCWALL,30.31
1A1xoGlcrCHA5HP$e_fPyE,IFCSLAB,33.23
2CN5jdBAn0heeMXkK42zQV,IFCWALL,170.16
1_sv95voL5Pv5rmkwkZvLX,IFCCOLUMN,425.23
3vN2Fl6Az8C9cBZizN$HPe,IFCBUILDINGELEMENTPROXY,6.66
3vN2Fl6Az8C9cBZizN$HQ0,IFCWALL,5.29
3vN2Fl6Az8C9cBZizN$HQE,IFCWALL,4.93
22T8RHjlP7sPxAvJUQWvts,IFCWALL,52.11
3LDRyhiFDAEugM2s9tKjuv,IFCSLAB,44.57
0q9es9kCD4oOj_kMIudRUB,IFCPLATE,191.69
0q9es9kCD4oOj_kMIudRU1,IFCPLATE,191.69
0q9es9kCD4oOj_kMIudRTA,IFCPLATE,44.24
0q9es9kCD4oOj_kMIudRTh,IFCMEMBER,72.92
0q9es9kCD4oOj_kMIudRTQ,IFCMEMBER,15.95
0q9es9kCD4oOj_kMIudRTC,IFCMEMBER,72.92
0q9es9kCD4oOj_kMIudRSf,IFCMEMBER,15.95
0q9es9kCD4oOj_kMIudRSg,IFCMEMBER,15.95
0q9es9kCD4oOj_kMIudRSa,IFCMEMBER,72.92
0q9es9kCD4oOj_kMIudRSO,IFCMEMBER,72.92
2ch6GiTYr6ofWwBJULtRRh,IFCPLATE,44.24
2ch6GiTYr6ofWwBJULtRUn,IFCPLATE,191.69
2ch6GiTYr6ofWwBJULtRON,IFCMEMBER,70.73
2ch6GiTYr6ofWwBJULtRUk,IFCMEMBER,72.92
2ch6GiTYr6ofWwBJULtRUj,IFCMEMBER,11.3
343IftMCP4UOCLPJnm955b,IFCCURTAINWALL,24897.03
343IftMCP4UOCLPJnm955J,IFCMEMBER,72.92
343IftMCP4UOCLPJnm954b,IFCMEMBER,72.92
343IftMCP4UOCLPJnm9541,IFCMEMBER,72.92
343IftMCP4UOCLPJnmEwxe,IFCMEMBER,72.92
343IftMCP4UOCLPJnmEwxN,IFCMEMBER,32.28
04b3cqL6T7nASkHPv$no5L,IFCMEMBER,56.21
04b3cqL6T7nASkHPv$no5Z,IFCMEMBER,52.41
04b3cqL6T7nASkHPv$no5v,IFCPLATE,104.17
2pwDOOMab0WgF3Q0CIvrNR,IFCPLATE,120
04b3cqL6T7nASkHPv$no4C,IFCMEMBER,54.69
04b3cqL6T7nASkHPv$no4Z,IFCMEMBER,54.69
04b3cqL6T7nASkHPv$no4v,IFCMEMBER,51.27
04b3cqL6T7nASkHPv$nox5,IFCMEMBER,54.69
04b3cqL6T7nASkHPv$noxP,IFCMEMBER,54.69
2pwDOOMab0WgF3Q0CIvrV0,IFCMEMBER,54.69
2pwDOOMab0WgF3Q0CIvrVF,IFCMEMBER,58.49
04b3cqL6T7nASkHPv$noxb,IFCWALL,395.28
04b3cqL6T7nASkHPv$noxo,IFCWALL,400.37
04b3cqL6T7nASkHPv$noxp,IFCCURTAINWALL,53542.88
1yjzQ_fH5D2ulNYAuuyBa0,IFCMEMBER,51.65
04b3cqL6T7nASkHPv$nowL,IFCPLATE,133.7
04b3cqL6T7nASkHPv$nowQ,IFCPLATE,133.7
04b3cqL6T7nASkHPv$nowk,IFCMEMBER,2.37
04b3cqL6T7nASkHPv$novE,IFCMEMBER,2.31
04b3cqL6T7nASkHPv$novN,IFCMEMBER,4.68
04b3cqL6T7nASkHPv$novW,IFCMEMBER,4.68
04b3cqL6T7nASkHPv$novb,IFCMEMBER,4.68
1yjzQ_fH5D2ulNYAuuyBag,IFCMEMBER,1.67
1yjzQ_fH5D2ulNYAuuyBar,IFCMEMBER,4.68
1yjzQ_fH5D2ulNYAuuyBvz,IFCMEMBER,51.65
04b3cqL6T7nASkHPv$no$g,IFCPLATE,133.7
04b3cqL6T7nASkHPv$no_2,IFCMEMBER,2.31
04b3cqL6T7nASkHPv$no_5,IFCMEMBER,2.31
04b3cqL6T7nASkHPv$no_e,IFCMEMBER,4.68
04b3cqL6T7nASkHPv$no__,IFCMEMBER,4.68
04b3cqL6T7nASkHPv$noz2,IFCMEMBER,4.68
04b3cqL6T7nASkHPv$nozA,IFCMEMBER,2.23
04b3cqL6T7nASkHPv$nozF,IFCMEMBER,4.68
04b3cqL6T7nASkHPv$nozL,IFCMEMBER,2.31
1yjzQ_fH5D2ulNYAuuyBul,IFCMEMBER,2.31
1yjzQ_fH5D2ulNYAuuyBuf,IFCMEMBER,2.31
04b3cqL6T7nASkHPv$noyB,IFCPLATE,133.7
1yjzQ_fH5D2ulNYAuuyBbH,IFCMEMBER,51.65
04b3cqL6T7nASkHPv$noyn,IFCPLATE,63.68
04b3cqL6T7nASkHPv$nozz,IFCMEMBER,2.4
04b3cqL6T7nASkHPv$nopF,IFCMEMBER,2.31
04b3cqL6T7nASkHPv$nopi,IFCMEMBER,4.68
04b3cqL6T7nASkHPv$nopq,IFCMEMBER,4.68
04b3cqL6T7nASkHPv$noo0,IFCMEMBER,4.68
04b3cqL6T7nASkHPv$nooF,IFCMEMBER,2.4
04b3cqL6T7nASkHPv$nooC,IFCMEMBER,2.23
2B9ggR9Lj4EhSARQFirueS,IFCPLATE,28.15
04b3cqL6T7nASkHPv$nonP,IFCPLATE,61.86
04b3cqL6T7nASkHPv$nons,IFCMEMBER,4.68
04b3cqL6T7nASkHPv$nom2,IFCMEMBER,4.68
04b3cqL6T7nASkHPv$nomO,IFCWALL,3123.7
04b3cqL6T7nASkHPv$nom_,IFCMEMBER,2.31
04b3cqL6T7nASkHPv$notS,IFCBUILDINGELEMENTPROXY,0.13
04b3cqL6T7nASkHPv$notW,IFCCURTAINWALL,14680.11
04b3cqL6T7nASkHPv$nosu,IFCMEMBER,115.45
04b3cqL6T7nASkHPv$nosv,IFCMEMBER,115.45
04b3cqL6T7nASkHPv$notj,IFCPLATE,133.7
04b3cqL6T7nASkHPv$notx,IFCPLATE,61.83
04b3cqL6T7nASkHPv$norI,IFCBUILDINGELEMENTPROXY,0.82
04b3cqL6T7nASkHPv$noqp,IFCPLATE,133.7
04b3cqL6T7nASkHPv$noqv,IFCPLATE,133.7
04b3cqL6T7nASkHPv$noqz,IFCPLATE,61.83
04b3cqL6T7nASkHPv$noh2,IFCPLATE,61.83
04b3cqL6T7nASkHPv$nohB,IFCMEMBER,2.31
04b3cqL6T7nASkHPv$nohR,IFCMEMBER,4.68
2NVDfmr3r0pwm4jNoJqPaO,IFCCOLUMN,763.58
2NVDfmr3r0pwm4jNoJqPmT,IFCFURNITURE,480
2NVDfmr3r0pwm4jNoJqPts,IFCFURNITURE,480
2NVDfmr3r0pwm4jNoJqP2z,IFCCOLUMN,1156.39
1OaMw_Cab2rxa6bHc83Nld,IFCCOLUMN,374.89
0XunQJuDrCywXJ370JIT7h,IFCFURNITURE,480
0XunQJuDrCywXJ370JIT7M,IFCFURNITURE,480
1dQuNrVRX7Z8lBw2sv8jlu,IFCLIGHTFIXTURE,210
3SnOVw7ojDZ8nnFzhqldjQ,IFCPLATE,383.37
3SnOVw7ojDZ8nnFzhqldjG,IFCPLATE,361.2
3SnOVw7ojDZ8nnFzhqldyf,IFCMEMBER,46.8
3SnOVw7ojDZ8nnFzhqldGa,IFCCURTAINWALL,1151.11
3SnOVw7ojDZ8nnFzhqldIK,IFCMEMBER,28.86
3SnOVw7ojDZ8nnFzhqlcio,IFCMEMBER,21.08
3SnOVw7ojDZ8nnFzhqlceh,IFCMEMBER,9.92
3SnOVw7ojDZ8nnFzhqlcp9,IFCMEMBER,13.77
0V7b1sZrLBF8P59YUseLxJ,IFCMEMBER,92.66
30dzunCuvCRADZXw6x9o_f,IFCLIGHTFIXTURE,210
30dzunCuvCRADZXw6x9or9,IFCLIGHTFIXTURE,210
1PXhyobVjFBBmnnrKsD42j,IFCBUILDINGELEMENTPROXY,16.97
3mb2qeJrj95gerPRB9UfQV,IFCFURNITURE,480
3k0mOVrxHEQhEN_aJoHyYK,IFCWALL,141.41
07qCfCfOH2$9ZHLwxaU8Ru,IFCDOOR,1849.63
0s9hxL8vH4AQpm7LXCLP2F,IFCFURNITURE,480
0s9hxL8vH4AQpm7LXCLP3S,IFCFURNITURE,480
15xKUPqIHAl8uhdIa8aD$P,IFCWALL,933.46
15xKUPqIHAl8uhdIa8aDaS,IFCWALL,665.16
15xKUPqIHAl8uhdIa8aDbS,IFCWALL,871.22
15xKUPqIHAl8uhdIa8aDdG,IFCWALL,2113.31
15xKUPqIHAl8uhdIa8aDkj,IFCWALL,1061.53
15xKUPqIHAl8uhdIa8a2xO,IFCROOF,16879.46
1Un9ptyoX1vey29ZkM5Ab$,IFCBUILDINGELEMENTPROXY,0.19
1Un9ptyoX1vey29ZkM5AX8,IFCBUILDINGELEMENTPROXY,0.19
1Un9ptyoX1vey29ZkM5AZ1,IFCBUILDINGELEMENTPROXY,0.26
28fEL2KJH3nefH9oQJhuQm,IFCWALL,34.13
28fEL2KJH3nefH9oQJhuQc,IFCBUILDINGELEMENTPROXY,0.69
28fEL2KJH3nefH9oQJhuSL,IFCWALL,31.69
28fEL2KJH3nefH9oQJhuSu,IFCFURNITURE,480
321qo6Jt58aRGW1V_saw2A,IFCWALL,31.69
321qo6Jt58aRGW1V_saw2f,IFCFURNITURE,480
321qo6Jt58aRGW1V_sawAV,IFCBUILDINGELEMENTPROXY,16.02
321qo6Jt58aRGW1V_sawAE,IFCFURNITURE,480
321qo6Jt58aRGW1V_sawAl,IFCBUILDINGELEMENTPROXY,3.38
321qo6Jt58aRGW1V_sawBj,IFCWALL,31.69
321qo6Jt58aRGW1V_sawCD,IFCFURNITURE,480
321qo6Jt58aRGW1V_sawCm,IFCWALL,211.61
321qo6Jt58aRGW1V_sawCn,IFCWALL,30.93
321qo6Jt58aRGW1V_sawCu,IFCWALL,34.13
321qo6Jt58aRGW1V_sawCd,IFCBUILDINGELEMENTPROXY,34.01
321qo6Jt58aRGW1V_sawDx,IFCFURNITURE,480
321qo6Jt58aRGW1V_sawDu,IFCBUILDINGELEMENTPROXY,63.35
321qo6Jt58aRGW1V_sawDj,IFCFURNITURE,480
321qo6Jt58aRGW1V_sawDh,IFCFURNITURE,480
321qo6Jt58aRGW1V_sawQI,IFCDOOR,1513.13
1sqRaCGxn09vsPk5LktIpu,IFCFURNITURE,480
1sqRaCGxn09vsPk5LktKml,IFCFURNITURE,480
1sqRaCGxn09vsPk5LktL7K,IFCDOOR,1513.13
1sqRaCGxn09vsPk5LktLOU,IFCBUILDINGELEMENTPROXY,2.25
2gDGg7MA90nQHvffsvVo5w,IFCWINDOW,2707.41
2gDGg7MA90nQHvffsvVnfP,IFCWALL,5029.75
2DrlDkmyDFLerHNnIG0ojI,IFCWALL,644.81
2DrlDkmyDFLerHNnIG0oIu,IFCBUILDINGELEMENTPROXY,6.41
18SmciEl5FgwUxcp2ZdVQp,IFCWALL,3022.47
31rKK5OS94d9cPXIYeNUPL,IFCSLAB,5.74
3k0mOVrxHEQhEN_aJoHys$,IFCDOOR,1838.07
0U4XQxUbT6Kgsr80BN4mQb,IFCWALL,45.98
0U4XQxUbT6Kgsr80BN4mnj,IFCWALL,6.97
0U4XQxUbT6Kgsr80BN4mnk,IFCWALL,259.19
0U4XQxUbT6Kgsr80BN4mnc,IFCDOOR,1563.45
0U4XQxUbT6Kgsr80BN4mqP,IFCFURNITURE,480
0U4XQxUbT6Kgsr80BN4mqB,IFCWALL,89.49
04b3cqL6T7nASkHPv$nohq,IFCDOOR,2282.72
04b3cqL6T7nASkHPv$nogI,IFCWALL,478.13
04b3cqL6T7nASkHPv$nogv,IFCBUILDINGELEMENTPROXY,1.15
2BVeQ1SqP5AhTNOyGjrJYV,IFCBUILDINGELEMENTPROXY,0.69
2BVeQ1SqP5AhTNOyGjrJY6,IFCFURNITURE,480
2BVeQ1SqP5AhTNOyGjrJYt,IFCWALL,319.31
1XxZuChPD6jwkRBI5xp8pZ,IFCWALL,87.03
3nw5KY1dn1zxKxL51gZA1K,IFCDOOR,1513.13
3AQwX$e_j0ZPcGzWWO1ijs,IFCFURNITURE,480
3AQwX$e_j0ZPcGzWWO1ikw,IFCCOLUMN,27.92
3AQwX$e_j0ZPcGzWWO1ifm,IFCFURNITURE,480
3Ff9G3z7n2P9bWgey4$W9L,IFCWALL,894.31
0S48Krk_r2AxoJZN1L_mZF,IFCWALL,707.44
1kJXG9J_12CxJk83GXH3ih,IFCCOLUMN,1923.5
0F8MBhrI9DsuFtYcLuUhcN,IFCWALL,161.54
0F8MBhrI9DsuFtYcLuUhID,IFCWALL,165.84
2CYMLiCRX28Bytt8lqanuJ,IFCWALL,65.25
2CYMLiCRX28Bytt8lqanv9,IFCWALL,65.25
3UWv$DRqb5r9d6smiWX_4G,IFCWALL,97.87
1YueUxVJH8SwhLiH$TP6lN,IFCWALL,153.87
3Exf$uKEj6vBh5DuRp1ROk,IFCWALL,88.45
1do79UPsT5QgT3kMg0ohri,IFCFURNITURE,480
1do79UPsT5QgT3kMg0ohoZ,IFCWALL,35.04
1do79UPsT5QgT3kMg0oh_i,IFCWALL,371.04
1do79UPsT5QgT3kMg0ohun,IFCWALL,76.25
2XHYIYzAHChPcvcG26L_$1,IFCWALL,63.84
2XHYIYzAHChPcvcG26L_$2,IFCWALL,119.19
2XHYIYzAHChPcvcG26L_yB,IFCWALL,9.73
2Ytno7yd91dQAhhP73Exwy,IFCBUILDINGELEMENTPROXY,33.39
3eqETIWmT5yuBevKr2XxF_,IFCWALL,65.19
3eqETIWmT5yuBevKr2XxQN,IFCWALL,185.78
2oZOAxgUXFQeJE8Qj5ybHT,IFCWALL,21.54
0hBxHWoCXBYfGaCI4ayCik,IFCDOOR,3326.9
0stYUSRTn5hRP77Rc$SXnG,IFCCOLUMN,633.28
0stYUSRTn5hRP77Rc$SYLl,IFCCOLUMN,715.39
0YbcEPwmLsnhpVCN0daQcA,IFCSLAB,27.15
0mlMV$YD96HATmmaM7Gcvg,IFCWALL,141.3
0mlMV$YD96HATmmaM7Gcnj,IFCBUILDINGELEMENTPROXY,0.19
0mlMV$YD96HATmmaM7GcRf,IFCWALL,138.64
0mlMV$YD96HATmmaM7GXza,IFCWALL,141.3
1UWxiaL6n2IvHI9YKlqO1L,IFCSLAB,286.51
3fIyBYh7fB78nAzlrPVUnm,IFCWALL,46.69
1x58SIhe9C$eaC3$K_N4M0,IFCWALL,163.68
3RKbg7mVv5KOhSWj4h$868,IFCPLATE,243.72
3RKbg7mVv5KOhSWj4h$81W,IFCMEMBER,72.94
3RKbg7mVv5KOhSWj4h$87v,IFCMEMBER,69.31
0K7w7jYlXCpOJN0oo5MIAN,IFCWALL,804.61
2Nacuo19H4IAx5s3kv9C7I,IFCBUILDINGELEMENTPROXY,0.08
0fb8ht1cj4oRHWJZerVZSO,IFCMEMBER,34.56
2VbmknNWH5ueGyA7dIdw_c,IFCBUILDINGELEMENTPROXY,400
0QT0LG8v1CFuxBgCmuWgQP,IFCBUILDINGELEMENTPROXY,400
3OvRGzk1rD3uqzRCwT0loR,IFCBUILDINGELEMENTPROXY,400
2MGIpRi0XEXwECOTNgoziR,IFCSTAIR,4200
02_CiyN659neOqt2G8Olwj,IFCRAILING,620
22T8RHjlP7sPxAvJUQWvtE,IFCBUILDINGELEMENTPROXY,400
2MGIpRi0XEXwECOTNgozdw,IFCMEMBER,350
2wYho76PDA9vn_AFRLvRW4,IFCMEMBER,350
0h4O98KRn9KulxB5pmhtCR,IFCBUILDINGELEMENTPROXY,400
2LDPNirxb6Uv4e97Wb9a_J,IFCBUILDINGELEMENTPROXY,400
2ey33Zf5DB4g1cN759W900,IFCSLAB,1200
1zaxyAqU13Vwe7hlENZDmB,IFCBUILDINGELEMENTPROXY,400
0KFiZbIOr6CvZu5Ad4jxIO,IFCSTAIR,4200
37o6yZyJDCZuvhVALVZjB5,IFCBUILDINGELEMENTPROXY,400
0xFNQ8PGTBT9zQcWRoy51d,IFCRAILING,620
37O9F6zDH7NuO6lYxEN7f6,IFCBUILDINGELEMENTPROXY,400
22T8RHjlP7sPxAvJUQWvWu,IFCBUILDINGELEMENTPROXY,400
02lo9sjvz8BucIIDWsvK_V,IFCMEMBER,350
2MGIpRi0XEXwECOTNgozmu,IFCMEMBER,350
0h4O98KRn9KulxB5pmhtCO,IFCBUILDINGELEMENTPROXY,400
0yWZ5pCYf0h8ACXcZFmkZ3,IFCMEMBER,350
3IP1NcR8H1yQoZHEVfIrMB,IFCBUILDINGELEMENTPROXY,400
2Mrobxeq1B$fFXXodQxPdt,IFCBUILDINGELEMENTPROXY,400
08MyaqNu9BFwa6_NaWO97_,IFCBUILDINGELEMENTPROXY,400
0KFiZbIOr6CvZu5Ad4jxID,IFCRAILING,620
2MGIpRi0XEXwECOTNgozf5,IFCMEMBER,350
0gNsikZPrFZe6ltc4u6HYb,IFCBUILDINGELEMENTPROXY,400
2MGIpRi0XEXwECOTNgozdr,IFCMEMBER,350
1XeopoEmL4fQChMRbpTc4u,IFCMEMBER,350
0nH$5MkGj3a9cdFfDHm4rY,IFCSLAB,1200
2LDPNirxb6Uv4e97Wb9a_V,IFCBUILDINGELEMENTPROXY,400
0QT0LG8v1CFuxBgCmuWgQ5,IFCBUILDINGELEMENTPROXY,400
3oWRtKgGH6quoh0HBRWZPO,IFCBUILDINGELEMENTPROXY,400
34lqDYnzHB3wmZslDJwl6o,IFCBUILDINGELEMENTPROXY,400
31rKK5OS94d9cPXIYeNUJv,IFCSLAB,1200
2gg_QBTV1BLP_pxc_mn7cF,IFCBUILDINGELEMENTPROXY,400
1zaxyAqU13Vwe7hlENZDmO,IFCBUILDINGELEMENTPROXY,400
0xWFOllPL0iuEv8Kar2DPg,IFCRAILING,620
2LDPNirxb6Uv4e97Wb9aDb,IFCBUILDINGELEMENTPROXY,400
1ynIJTp3j41BnCd95bH$Zx,IFCLIGHTFIXTURE,210
2i1ro43jr7TeCTnrJrjJyM,IFCLIGHTFIXTURE,210
06fTk68cnA6vD9GRSabnqy,IFCLIGHTFIXTURE,210
06fTk68cnA6vD9GRSabm7W,IFCLIGHTFIXTURE,210
06fTk68cnA6vD9GRSabm53,IFCLIGHTFIXTURE,210
2DdOtrZWbFu8xo_NjetJu5,IFCLIGHTFIXTURE,210
2Dmljw8uHCLBZQQu9H5f0_,IFCPLATE,509.98
2Dmljw8uHCLBZQQu9H5f0s,IFCPLATE,110.49
2Dmljw8uHCLBZQQu9H5f0B,IFCMEMBER,109.37
2Dmljw8uHCLBZQQu9H5f0z,IFCMEMBER,57.35
2Dmljw8uHCLBZQQu9H5f0Z,IFCMEMBER,57.35
2Fie0ty599fxnsmWh4VkuW,IFCMEMBER,58.11
2Dmljw8uHCLBZQQu9H5f2p,IFCCURTAINWALL,2330.9
2Dmljw8uHCLBZQQu9H5f36,IFCMEMBER,175
2Dmljw8uHCLBZQQu9H5f0M,IFCPLATE,101.95
2Dmljw8uHCLBZQQu9H5f3L,IFCMEMBER,57.35
2Dmljw8uHCLBZQQu9H5f8r,IFCCURTAINWALL,2145
2Dmljw8uHCLBZQQu9H5f9J,IFCCURTAINWALL,424.13
2Dmljw8uHCLBZQQu9H5f9q,IFCPLATE,8.59
2Dmljw8uHCLBZQQu9H5f8j,IFCMEMBER,34.03
2Dmljw8uHCLBZQQu9H5f9U,IFCMEMBER,21.27
2Dmljw8uHCLBZQQu9H5f9L,IFCPLATE,146.26
2Dmljw8uHCLBZQQu9H5fN0,IFCPLATE,110.49
2Dmljw8uHCLBZQQu9H5fMo,IFCMEMBER,68.36
2Dmljw8uHCLBZQQu9H5fNA,IFCPLATE,159.57
2Dmljw8uHCLBZQQu9H5fKN,IFCPLATE,158.17
2Dmljw8uHCLBZQQu9H5fMI,IFCMEMBER,54.69
08AjPVhWzAfA8XtWBWZsaP,IFCSLAB,3.99
3WJfQUHe1A3x25MI_xeXK_,IFCLIGHTFIXTURE,210
3WJfQUHe1A3x25MI_xeWYJ,IFCLIGHTFIXTURE,210
3o5gkqdY9E6A2F1wtqtPf3,IFCLIGHTFIXTURE,210
3o5gkqdY9E6A2F1wtqtPfi,IFCLIGHTFIXTURE,210
3o5gkqdY9E6A2F1wtqtPfl,IFCLIGHTFIXTURE,210
1JR4xo1Kv9tulaqxqLe76_,IFCLIGHTFIXTURE,210
21U07TPLv4F9zfrV5EuniH,IFCPLATE,275.88
21U07TPLv4F9zfrV5EuniQ,IFCPLATE,495.23
21U07TPLv4F9zfrV5EunjX,IFCMEMBER,85
21U07TPLv4F9zfrV5EunjV,IFCMEMBER,85
0m3ylIKyvFIf90OJWdRdsC,IFCFURNITURE,480
0m3ylIKyvFIf90OJWdRdsM,IFCFURNITURE,480
0m3ylIKyvFIf90OJWdRdsU,IFCFURNITURE,480
0d_HunAzzAPg4$RxtR7pk0,IFCSLAB,42.22
0d_HunAzzAPg4$RxtR7phV,IFCSLAB,42.22
2F3zBK1BH8DBfhr$IH1OY3,IFCBUILDINGELEMENTPROXY,1.1
2F3zBK1BH8DBfhr$IH1OYj,IFCBUILDINGELEMENTPROXY,0.05
2F3zBK1BH8DBfhr$IH1OYy,IFCBUILDINGELEMENTPROXY,0.05
2F3zBK1BH8DBfhr$IH1OZ0,IFCBUILDINGELEMENTPROXY,0.05
2F3zBK1BH8DBfhr$IH1RsR,IFCBUILDINGELEMENTPROXY,0.09
0uSJAgBT1ABOFjSdJfHCSd,IFCWINDOW,2707.41
30zSZjFxH19R7IhI893rav,IFCLIGHTFIXTURE,210
30zSZjFxH19R7IhI893rnu,IFCBUILDINGELEMENTPROXY,0.26
3Pa9TWKvP7U8BPMR24iKbb,IFCCOVERING,701.09
1HuOQ2xWrE6xc43TABXj_s,IFCLIGHTFIXTURE,210
1HuOQ2xWrE6xc43TABXjzH,IFCLIGHTFIXTURE,210
1HuOQ2xWrE6xc43TABXjxq,IFCLIGHTFIXTURE,210
2hwXS543X12wPSDjg9UwS0,IFCLIGHTFIXTURE,210
2$2NOVgxvFUxyaMBSGgnRS,IFCROOF,1857.4
2MAHRuCXP51wFXs0k0D9B7,IFCWALL,105.26
266x49qd94VO9VnwhX1S_$,IFCWALL,988.45
0usV6tDDnFohq5PghQ5D2T,IFCBUILDINGELEMENTPROXY,1.12
0usV6tDDnFohq5PghQ5D2s,IFCBUILDINGELEMENTPROXY,1.12
3pzaB_ZtL36el0ClYINd3T,IFCCOVERING,199.72
2cjIMZpBv7Bx_yWTejjN7f,IFCWALL,139.01
3oWRtKgGH6quoh0HBRWZ1j,IFCWALL,2.46
34lqDYnzHB3wmZslDJwlAH,IFCWALL,0.26
34lqDYnzHB3wmZslDJwlA9,IFCWALL,2.57
34lqDYnzHB3wmZslDJwlD6,IFCWALL,0.82
34lqDYnzHB3wmZslDJwlCQ,IFCWALL,0.88
0ATjEYD_L8bwfk_bfy3iWV,IFCWALL,4.5
359zRRFDT1vRiwFSrqNWTv,IFCLIGHTFIXTURE,210
0yuIaJzffD5AfrddYB8T0X,IFCWALL,2.91
0l1uiLxhf6Sh$CRbsdNPuB,IFCSLAB,43.09
0l1uiLxhf6Sh$CRbsdNPtC,IFCBUILDINGELEMENTPROXY,14.42
1dKu5zsdHE_A8Pn$Aaqecn,IFCWALL,30
1T5Wcb3F14If4LK98pJeGw,IFCCOLUMN,360.02
1T5Wcb3F14If4LK98pJeCE,IFCWALL,60.25
0j49MZvDrAEu6uW6jnTM_n,IFCCOVERING,602.15
0j49MZvDrAEu6uW6jnTMRO,IFCLIGHTFIXTURE,210
0j49MZvDrAEu6uW6jnTMRv,IFCLIGHTFIXTURE,210
0j49MZvDrAEu6uW6jnTMRu,IFCLIGHTFIXTURE,210
0j49MZvDrAEu6uW6jnTMQa,IFCLIGHTFIXTURE,210
0Lwxb_BUfALAc2_$BhZc6c,IFCWALL,113.94
10$nTTYwHDYQgso2$xPFjW,IFCWALL,88.1
10$nTTYwHDYQgso2$xPFhV,IFCWALL,106.93
2I7Auyk8bCgAfwQpXOR$9z,IFCWALL,24.25
2I7Auyk8bCgAfwQpXOR$3y,IFCCOVERING,550.41
3IP1NcR8H1yQoZHEVfIrqI,IFCWALL,23.34
3IP1NcR8H1yQoZHEVfIrrG,IFCWALL,46.62
37O9F6zDH7NuO6lYxEN6yN,IFCWALL,24.93
37O9F6zDH7NuO6lYxEN7hu,IFCWALL,24.93
37O9F6zDH7NuO6lYxEN7hs,IFCLIGHTFIXTURE,210
2VbmknNWH5ueGyA7dIdxE3,IFCBUILDINGELEMENTPROXY,0.27
2VbmknNWH5ueGyA7dIdwjP,IFCFURNITURE,480
112$d87LbAS80iXUHBv_9a,IFCWALL,4.14
0aoNsuD5j4$9eV5sDQfWTd,IFCSLAB,205.76
1df_AX8lj42QG_5UAC4g49,IFCSLAB,164.06
1df_AX8lj42QG_5UAC4g9f,IFCSLAB,176.48
31Lh0hm7f2YQiB4BjLDm7f,IFCSLAB,178.76
3lYveaNk5A1fAY4oQDvkiD,IFCSLAB,1443.78
0MspT1tgXDgR4PwMGNh41K,IFCWALL,110.69
2oVxPiT3P8NBSpOAvzM1BV,IFCCOVERING,3684.87
1skL_X4Mn7Nvg_FnyjjzAH,IFCWALL,109.72
3vN2Fl6Az8C9cBZizN$HQS,IFCBUILDINGELEMENTPROXY,8.32
0q9es9kCD4oOj_kMIudRUE,IFCPLATE,191.69
0q9es9kCD4oOj_kMIudRU3,IFCPLATE,44.24
0q9es9kCD4oOj_kMIudRU6,IFCPLATE,44.24
0q9es9kCD4oOj_kMIudRTN,IFCPLATE,44.24
0q9es9kCD4oOj_kMIudRTf,IFCMEMBER,68.74
0q9es9kCD4oOj_kMIudRTk,IFCMEMBER,72.92
0q9es9kCD4oOj_kMIudRTH,IFCMEMBER,72.92
0q9es9kCD4oOj_kMIudRT1,IFCMEMBER,72.92
0q9es9kCD4oOj_kMIudRSu,IFCMEMBER,69.12
0q9es9kCD4oOj_kMIudRSi,IFCMEMBER,15.95
0q9es9kCD4oOj_kMIudRSc,IFCMEMBER,72.92
00OcTh2YnDIRjBe1O3sIYL,IFCMEMBER,72.92
00OcTh2YnDIRjBe1O3sIYI,IFCMEMBER,72.92
02_CiyN659neOqt2G8OloY,IFCMEMBER,68.74
2ch6GiTYr6ofWwBJULtRUi,IFCMEMBER,15.95
343IftMCP4UOCLPJnm954m,IFCPLATE,44.24
343IftMCP4UOCLPJnm955V,IFCPLATE,191.69
343IftMCP4UOCLPJnm954O,IFCPLATE,44.24
343IftMCP4UOCLPJnm9554,IFCMEMBER,74.82
343IftMCP4UOCLPJnm955F,IFCMEMBER,38.74
343IftMCP4UOCLPJnm954X,IFCMEMBER,72.92
343IftMCP4UOCLPJnm954B,IFCMEMBER,72.92
343IftMCP4UOCLPJnm954P,IFCMEMBER,72.92
343IftMCP4UOCLPJnmEwxh,IFCMEMBER,72.92
343IftMCP4UOCLPJnmEwxm,IFCMEMBER,36.84
343IftMCP4UOCLPJnmEwxA,IFCMEMBER,36.08
343IftMCP4UOCLPJnmEwxM,IFCMEMBER,32.28
343IftMCP4UOCLPJnmEwxS,IFCMEMBER,71.02
04b3cqL6T7nASkHPv$no5K,IFCPLATE,105.35
04b3cqL6T7nASkHPv$no4I,IFCMEMBER,54.69
04b3cqL6T7nASkHPv$no4d,IFCMEMBER,54.69
2pwDOOMab0WgF3Q0CIvrJu,IFCMEMBER,54.69
04b3cqL6T7nASkHPv$no4q,IFCPLATE,279.17
2pwDOOMab0WgF3Q0CIvrV7,IFCPLATE,120
04b3cqL6T7nASkHPv$noxA,IFCMEMBER,54.69
04b3cqL6T7nASkHPv$noxt,IFCPLATE,47.5
1yjzQ_fH5D2ulNYAuuyBaG,IFCMEMBER,51.65
04b3cqL6T7nASkHPv$novT,IFCMEMBER,4.68
04b3cqL6T7nASkHPv$novt,IFCMEMBER,4.68
04b3cqL6T7nASkHPv$nou6,IFCMEMBER,4.68
1yjzQ_fH5D2ulNYAuuyBtJ,IFCPLATE,133.7
1yjzQ_fH5D2ulNYAuuyBv7,IFCMEMBER,115.45
04b3cqL6T7nASkHPv$no$h,IFCPLATE,133.7
04b3cqL6T7nASkHPv$no$e,IFCPLATE,133.7
04b3cqL6T7nASkHPv$no_W,IFCMEMBER,4.68
04b3cqL6T7nASkHPv$no_c,IFCMEMBER,4.68
04b3cqL6T7nASkHPv$no_d,IFCMEMBER,4.68
04b3cqL6T7nASkHPv$no_v,IFCMEMBER,4.68
04b3cqL6T7nASkHPv$no_z,IFCMEMBER,4.68
04b3cqL6T7nASkHPv$nozJ,IFCMEMBER,2.31
1yjzQ_fH5D2ulNYAuuyBut,IFCMEMBER,1.67
1yjzQ_fH5D2ulNYAuuyBu$,IFCMEMBER,2.23
04b3cqL6T7nASkHPv$noyS,IFCPLATE,133.7
1yjzQ_fH5D2ulNYAuuyBbY,IFCPLATE,133.7
04b3cqL6T7nASkHPv$noyu,IFCMEMBER,2.4
04b3cqL6T7nASkHPv$noy_,IFCMEMBER,2.31
04b3cqL6T7nASkHPv$nopJ,IFCMEMBER,2.31
04b3cqL6T7nASkHPv$nopX,IFCMEMBER,4.68
04b3cqL6T7nASkHPv$nooM,IFCMEMBER,4.68
04b3cqL6T7nASkHPv$nooN,IFCMEMBER,4.68
04b3cqL6T7nASkHPv$nooL,IFCMEMBER,2.31
04b3cqL6T7nASkHPv$nooV,IFCMEMBER,2.31
1yjzQ_fH5D2ulNYAuuyBbo,IFCMEMBER,4.68
2B9ggR9Lj4EhSARQFirukm,IFCMEMBER,115.45
04b3cqL6T7nASkHPv$nonV,IFCPLATE,61.86
2B9ggR9Lj4EhSARQFirulb,IFCMEMBER,4.68
2B9ggR9Lj4EhSARQFirulQ,IFCMEMBER,2.43
04b3cqL6T7nASkHPv$nomk,IFCPLATE,133.7
04b3cqL6T7nASkHPv$noms,IFCMEMBER,2.4
04b3cqL6T7nASkHPv$notm,IFCPLATE,133.7
04b3cqL6T7nASkHPv$nos2,IFCMEMBER,2.31
04b3cqL6T7nASkHPv$nosb,IFCMEMBER,60.38
04b3cqL6T7nASkHPv$nora,IFCWALL,55.9
04b3cqL6T7nASkHPv$nohv,IFCMEMBER,141.28
04b3cqL6T7nASkHPv$noq$,IFCPLATE,61.83
04b3cqL6T7nASkHPv$noh1,IFCMEMBER,2.4
04b3cqL6T7nASkHPv$nohF,IFCMEMBER,2.31
04b3cqL6T7nASkHPv$nohL,IFCMEMBER,4.68
04b3cqL6T7nASkHPv$nohO,IFCMEMBER,4.68
04b3cqL6T7nASkHPv$nohY,IFCMEMBER,1
2NVDfmr3r0pwm4jNoJqPbX,IFCCOLUMN,714.12
2NVDfmr3r0pwm4jNoJqP3d,IFCCOLUMN,705.35
0XunQJuDrCywXJ370JIT97,IFCFURNITURE,480
0XunQJuDrCywXJ370JIT6q,IFCFURNITURE,480
2sCvyR6xL9WPXuzdrVeymv,IFCCOLUMN,458.28
3SnOVw7ojDZ8nnFzhqldit,IFCMEMBER,25.44
3SnOVw7ojDZ8nnFzhqld$R,IFCMEMBER,81.27
0V7b1sZrLBF8P59YUseLub,IFCPLATE,109.51
3SnOVw7ojDZ8nnFzhqlcpj,IFCMEMBER,91.85
0V7b1sZrLBF8P59YUseLxS,IFCMEMBER,200.52
0V7b1sZrLBF8P59YUseLwg,IFCMEMBER,21.08
0a6T$5n7X4fAlDdhFoNE3j,IFCCOVERING,62.05
1lxqaTga9DvxFctJPFetIb,IFCWALL,25.63
1lxqaTga9DvxFctJPFetO0,IFCWALL,42.94
1PXhyobVjFBBmnnrKsD43T,IFCBUILDINGELEMENTPROXY,16.97
1PXhyobVjFBBmnnrKsD43P,IFCBUILDINGELEMENTPROXY,16.97
3MtS$kY6L9TutOnr8iop4u,IFCSLAB,119.8
1G_I00WlX2MBQekqB04dQm,IFCWALL,4111.16
07qCfCfOH2$9ZHLwxaU8PD,IFCSLAB,4.63
2sZ7hyxP95PP6QP7VEeS_3,IFCWALL,827.86
2wYho76PDA9vn_AFRLvL9M,IFCWALL,117.04
3sST0Bh_12DO2tp_YPi3xL,IFCDOOR,2107.15
15xKUPqIHAl8uhdIa8aCPZ,IFCWALL,5347.88
15xKUPqIHAl8uhdIa8aC0I,IFCWALL,4982.83
2Lnwlbilr8xxJKRFN714ZR,IFCWALL,2766.15
1Un9ptyoX1vey29ZkM5Aa3,IFCBUILDINGELEMENTPROXY,0.19
0nH$5MkGj3a9cdFf5Hm4rY,IFCROOF,2732.1
0LMLf9qhPA08maubRr4kLE,IFCDOOR,1970.99
0K0FV0u6b9L9sDGL7lH9SW,IFCBUILDINGELEMENTPROXY,33.39
28fEL2KJH3nefH9oQJhuSV,IFCWALL,46.77
28fEL2KJH3nefH9oQJhuSo,IFCBUILDINGELEMENTPROXY,0.69
321qo6Jt58aRGW1V_saw2t,IFCWALL,34.13
321qo6Jt58aRGW1V_saw2$,IFCBUILDINGELEMENTPROXY,0.93
321qo6Jt58aRGW1V_sawAT,IFCBUILDINGELEMENTPROXY,63.35
321qo6Jt58aRGW1V_sawAf,IFCBUILDINGELEMENTPROXY,0.69
321qo6Jt58aRGW1V_sawBX,IFCWALL,33.67
321qo6Jt58aRGW1V_sawBk,IFCWALL,31.69
321qo6Jt58aRGW1V_sawBl,IFCWALL,30.77
321qo6Jt58aRGW1V_sawBi,IFCWALL,46.77
321qo6Jt58aRGW1V_sawCK,IFCDOOR,1563.45
321qo6Jt58aRGW1V_sawCV,IFCBUILDINGELEMENTPROXY,3.38
321qo6Jt58aRGW1V_sawCC,IFCFURNITURE,480
1sqRaCGxn09vsPk5LktIn7,IFCFURNITURE,480
1sqRaCGxn09vsPk5LktImv,IFCFURNITURE,480
1sqRaCGxn09vsPk5LktLJD,IFCWALL,97.65
1sqRaCGxn09vsPk5LktLW7,IFCDOOR,1457.23
3kc6SqM9H57QHDXaSHOx5L,IFCWINDOW,2707.41
2DrlDkmyDFLerHNnIG0pqp,IFCWINDOW,3566.86
2DrlDkmyDFLerHNnIG0pSQ,IFCWALL,52.71
2DrlDkmyDFLerHNnIG0pS8,IFCBUILDINGELEMENTPROXY,63.35
2DrlDkmyDFLerHNnIG0pI3,IFCFURNITURE,480
2DrlDkmyDFLerHNnIG0pLx,IFCBUILDINGELEMENTPROXY,4.31
2DrlDkmyDFLerHNnIG0oIt,IFCFURNITURE,480
31rKK5OS94d9cPXIYeNUQK,IFCWALL,6352.19
31rKK5OS94d9cPXIYeNUUl,IFCSLAB,3.89
3xbSKSbm992xp_6Cq9s$35,IFCBUILDINGELEMENTPROXY,9.54
0U4XQxUbT6Kgsr80BN4mQj,IFCFURNITURE,480
0U4XQxUbT6Kgsr80BN4mng,IFCFURNITURE,480
0U4XQxUbT6Kgsr80BN4mq9,IFCFURNITURE,480
0U4XQxUbT6Kgsr80BN4mrw,IFCFURNITURE,480
0U4XQxUbT6Kgsr80BN4mrh,IFCBUILDINGELEMENTPROXY,33.39
04b3cqL6T7nASkHPv$nohW,IFCMEMBER,4.68
04b3cqL6T7nASkHPv$nohg,IFCMEMBER,2.37
04b3cqL6T7nASkHPv$nohz,IFCWINDOW,4200.8
04b3cqL6T7nASkHPv$nogC,IFCBUILDINGELEMENTPROXY,0.82
04b3cqL6T7nASkHPv$nogN,IFCWINDOW,4200.8
04b3cqL6T7nASkHPv$nogQ,IFCBUILDINGELEMENTPROXY,1.15
04b3cqL6T7nASkHPv$nof1,IFCMEMBER,54.69
04b3cqL6T7nASkHPv$nofC,IFCMEMBER,54.69
2FEbCL35D6jBrcV_5oCbG9,IFCFURNITURE,480
2HJPHz$LL92Ori_VKXvnBL,IFCBUILDINGELEMENTPROXY,0.08
2BVeQ1SqP5AhTNOyGjrJYU,IFCBUILDINGELEMENTPROXY,0.69
2QDy_PLVb31xm6$QTp1u39,IFCCOLUMN,430.66
2kTHshO7vEXudOmWyMcPz9,IFCSLAB,61.85
0miuAs27j0Uv$d9Nf9LTf4,IFCBUILDINGELEMENTPROXY,3895.91
3FDTNrVMX5CROAaE1LHtFy,IFCWALL,346
0ypZFuNnT7nArrYJ664ZOT,IFCBUILDINGELEMENTPROXY,0.19
1wCEYt3qz4oQ7dd0hslcgR,IFCFURNITURE,480
3_kk4p4U1Bdg7XGdF3sGTE,IFCWALL,7.24
3UWv$DRqb5r9d6smiWX_1y,IFCWALL,797.86
0Ra9vgVKX869dfZ6jBvion,IFCWALL,118.31
3Exf$uKEj6vBh5DuRp1ROr,IFCWALL,112.23
3Exf$uKEj6vBh5DuRp1ROo,IFCWALL,50.99
1do79UPsT5QgT3kMg0ohrS,IFCBUILDINGELEMENTPROXY,2.25
1do79UPsT5QgT3kMg0ohoL,IFCWALL,89.49
1do79UPsT5QgT3kMg0ohoY,IFCFURNITURE,480
1do79UPsT5QgT3kMg0ohoi,IFCWALL,43.88
1do79UPsT5QgT3kMg0ohpX,IFCFURNITURE,480
1do79UPsT5QgT3kMg0ohph,IFCBUILDINGELEMENTPROXY,16.02
1do79UPsT5QgT3kMg0ohum,IFCDOOR,1485.18
2XHYIYzAHChPcvcG26L_71,IFCFURNITURE,480
2Ytno7yd91dQAhhP73Exw$,IFCBUILDINGELEMENTPROXY,16.02
2oZOAxgUXFQeJE8Qj5ybGZ,IFCWALL,36.33
0mlMV$YD96HATmmaM7GcYX,IFCDOOR,1457.23
0mlMV$YD96HATmmaM7GcRe,IFCWALL,202.58
3k4tlYv7tc7ZpKvFAtfg$p,IFCSLAB,12.85
1Iz1_Dhe9BcvkCgTWppwKW,IFCSLAB,57.57
2MV_64_l5AQPPt1cNhnF2r,IFCWALL,167.67
3RKbg7mVv5KOhSWj4h$87w,IFCMEMBER,157.8
3RKbg7mVv5KOhSWj4h$865,IFCMEMBER,48.28
02a5zYLwD3j9mC$YV6woqp,IFCWALL,12.99
2uA1QuTrD56OjKrY65ZN2c,IFCBUILDINGELEMENTPROXY,0.08
2Nacuo19H4IAx5s3kv9C0F,IFCBUILDINGELEMENTPROXY,0.07
23guZW2iXFCuvZJwtILzWK,IFCCURTAINWALL,5402.22
23guZW2iXFCuvZJwtILzXe,IFCMEMBER,118.68
0fb8ht1cj4oRHWJZerVZLk,IFCMEMBER,87.5
0fb8ht1cj4oRHWJZerVZTk,IFCMEMBER,45.57
0fb8ht1cj4oRHWJZerVZUi,IFCMEMBER,54.69
2MGIpRi0XEXwECOTNgoz_T,IFCSTAIR,4200
2edGu3VRXAYQxyAyIU1304,IFCMEMBER,350
2rxIJoCKz1uRo5QAkJ6W2m,IFCSTAIR,4200
0gNsikZPrFZe6ltc4u6HlP,IFCBUILDINGELEMENTPROXY,400
34lqDYnzHB3wmZslDJwezD,IFCBUILDINGELEMENTPROXY,400
0AvDTfeijZRUrQYTQeImQd,IFCMEMBER,350
1dKu5zsdHE_A8Pn$Aaqeaw,IFCBUILDINGELEMENTPROXY,400
2rxIJoCKz1uRo5QAkJ6WTf,IFCBUILDINGELEMENTPROXY,400
2LDPNirxb6Uv4e97Wb9aEK,IFCBUILDINGELEMENTPROXY,400
1zaxyAqU13Vwe7hlENZC9G,IFCBUILDINGELEMENTPROXY,400
2CN5jdBAn0heeMXkK42yhI,IFCBUILDINGELEMENTPROXY,400
0QT0LG8v1CFuxBgCmuWgQT,IFCBUILDINGELEMENTPROXY,400
2MGIpRi0XEXwECOTNgozfV,IFCRAILING,620
2edGu3VRXAYQxyAyIU1322,IFCSTAIR,4200
31rKK5OS94d9cPXIYeNUJm,IFCMEMBER,350
1YpT8RiCzEtvfm84izHoMd,IFCBUILDINGELEMENTPROXY,400
08MyaqNu9BFwa6_NaWO97z,IFCBUILDINGELEMENTPROXY,400
3LZOmf0A98PeT3v$HqSMfE,IFCMEMBER,350
2gg_QBTV1BLP_pxc_mn7zU,IFCBUILDINGELEMENTPROXY,400
3IP1NcR8H1yQoZHEVfIrp_,IFCBUILDINGELEMENTPROXY,400
2LDPNirxb6Uv4e97Wb9aog,IFCBUILDINGELEMENTPROXY,400
0p_ez7$kb1fQ0sr1Uds03H,IFCMEMBER,350
0p_ez7$kb1fQ0sr1Uds03G,IFCMEMBER,350
3PM9sZa5VhvC4BqFjFSL_0,IFCMEMBER,350
3scyhg1aT4f8EoxA1HN$Lq,IFCSLAB,1200
1nMwdyzlT4AuQ_X$HWZFo7,IFCRAILING,620
31rKK5OS94d9cPXIYeNUT1,IFCRAILING,620
31rKK5OS94d9cPXIYeNUJ_,IFCMEMBER,350
2ey33Zf5DB4g1cN759W92X,IFCSLAB,1200
1HkR4q$uDwdxEaN7w7UiWC,IFCMEMBER,350
2LDPNirxb6Uv4e97Wb9aoh,IFCBUILDINGELEMENTPROXY,400
3Pa9TWKvP7U8BPMR24iKbl,IFCBUILDINGELEMENTPROXY,400
2XP4zk_yDEZOLBKKyL82zy,IFCBUILDINGELEMENTPROXY,400
0JM8Gn0EVphOSVOzAMljdZ,IFCMEMBER,350
3IP1NcR8H1yQoZHEVfIrq2,IFCBUILDINGELEMENTPROXY,400
31rKK5OS94d9cPXIYeNUJx,IFCMEMBER,350
2LDPNirxb6Uv4e97Wb9a_M,IFCBUILDINGELEMENTPROXY,400
0p_ez7$kb1fQ0sr1Uds03O,IFCMEMBER,350
3EA$a_SEr3PeQbJzkS8sog,IFCBUILDINGELEMENTPROXY,400
1XngyUopLCLIcH1mHSOFmg,IFCRAILING,620
2LDPNirxb6Uv4e97Wb9acL,IFCBUILDINGELEMENTPROXY,400
2MGIpRi0XEXwECOTNgozcD,IFCRAILING,620
0gNsikZPrFZe6ltc4u6HlO,IFCBUILDINGELEMENTPROXY,400
37O9F6zDH7NuO6lYxEN7lR,IFCBUILDINGELEMENTPROXY,400
0p_ez7$kb1fQ0sr1Uds0Az,IFCRAILING,620
0d_HunAzzAPg4$RxtR7peN,IFCRAILING,620
0QT0LG8v1CFuxBgCmuWgQ9,IFCBUILDINGELEMENTPROXY,400
29L_DeI4f1hfP6ODuq8dYM,IFCLIGHTFIXTURE,210
29L_DeI4f1hfP6ODuq8daG,IFCLIGHTFIXTURE,210
29L_DeI4f1hfP6ODuq8dcq,IFCLIGHTFIXTURE,210
1ynIJTp3j41BnCd95bH$mA,IFCLIGHTFIXTURE,210
2i1ro43jr7TeCTnrJrkiFU,IFCLIGHTFIXTURE,210
2i1ro43jr7TeCTnrJrjJym,IFCLIGHTFIXTURE,210
2i1ro43jr7TeCTnrJrjJQF,IFCLIGHTFIXTURE,210
06fTk68cnA6vD9GRSabm7c,IFCLIGHTFIXTURE,210
06fTk68cnA6vD9GRSabm50,IFCLIGHTFIXTURE,210
06fTk68cnA6vD9GRSabm57,IFCLIGHTFIXTURE,210
06fTk68cnA6vD9GRSabmmi,IFCLIGHTFIXTURE,210
2DdOtrZWbFu8xo_NjetJ$v,IFCLIGHTFIXTURE,210
3b_GinbYTDwALWT66s67cB,IFCCOVERING,12.27
3b_GinbYTDwALWT66s67X$,IFCWALL,121.75
2Dmljw8uHCLBZQQu9H5f0g,IFCPLATE,158.17
2Dmljw8uHCLBZQQu9H5f3w,IFCMEMBER,57.35
2Dmljw8uHCLBZQQu9H5f37,IFCPLATE,80.05
2Dmljw8uHCLBZQQu9H5f2h,IFCMEMBER,34.03
2Dmljw8uHCLBZQQu9H5f2d,IFCMEMBER,52.86
2Dmljw8uHCLBZQQu9H5f8M,IFCMEMBER,57.35
2Dmljw8uHCLBZQQu9H5fBr,IFCMEMBER,33.04
2Dmljw8uHCLBZQQu9H5f82,IFCMEMBER,33.04
2Dmljw8uHCLBZQQu9H5f8F,IFCPLATE,8.59
2Dmljw8uHCLBZQQu9H5f8D,IFCPLATE,8.59
2Dmljw8uHCLBZQQu9H5f8V,IFCMEMBER,114.12
2Dmljw8uHCLBZQQu9H5f8x,IFCMEMBER,31.9
2Dmljw8uHCLBZQQu9H5f9$,IFCMEMBER,23.93
2Dmljw8uHCLBZQQu9H5f8l,IFCCURTAINWALL,5561.11
2Dmljw8uHCLBZQQu9H5fMr,IFCMEMBER,56.21
2Dmljw8uHCLBZQQu9H5fMd,IFCMEMBER,120.01
2Dmljw8uHCLBZQQu9H5fKR,IFCMEMBER,17.85
2Dmljw8uHCLBZQQu9H5fMb,IFCMEMBER,118.49
3IUW_OtwnAEPXJY40CdOag,IFCSLAB,3.45
0fb8ht1cj4oRHWJZerVZUC,IFCCOVERING,94.78
3WJfQUHe1A3x25MI_xeXKt,IFCLIGHTFIXTURE,210
3o5gkqdY9E6A2F1wtqtPff,IFCLIGHTFIXTURE,210
1JR4xo1Kv9tulaqxqLe76q,IFCLIGHTFIXTURE,210
21U07TPLv4F9zfrV5EuniL,IFCPLATE,495.23
21U07TPLv4F9zfrV5Eunju,IFCPLATE,275.88
21U07TPLv4F9zfrV5Eunji,IFCMEMBER,86.59
0m3ylIKyvFIf90OJWdRds2,IFCFURNITURE,480
0m3ylIKyvFIf90OJWdRds$,IFCFURNITURE,480
0m3ylIKyvFIf90OJWdRdqm,IFCFURNITURE,480
2ey33Zf5DB4g1cN7D9W92n,IFCROOF,2162.07
2ey33Zf5DB4g1cN7D9W92H,IFCROOF,742.12
0d_HunAzzAPg4$RxtR7pe4,IFCBUILDINGELEMENTPROXY,1.52
0d_HunAzzAPg4$RxtR7pgG,IFCDOOR,2022.65
0d_HunAzzAPg4$RxtR7pgM,IFCDOOR,2022.65
2F3zBK1BH8DBfhr$IH1OYH,IFCBUILDINGELEMENTPROXY,0.05
2F3zBK1BH8DBfhr$IH1OZD,IFCBUILDINGELEMENTPROXY,0.05
2F3zBK1BH8DBfhr$IH1OZ3,IFCBUILDINGELEMENTPROXY,1.1
2F3zBK1BH8DBfhr$IH1Rsk,IFCBUILDINGELEMENTPROXY,1.29
0uSJAgBT1ABOFjSdJfHCQt,IFCDOOR,2022.65
30zSZjFxH19R7IhI893rPq,IFCLIGHTFIXTURE,210
30zSZjFxH19R7IhI893rxd,IFCLIGHTFIXTURE,210
2Dmljw8uHCLBZQQu9H5fNP,IFCMEMBER,50.89
2Dmljw8uHCLBZQQu9H5fNh,IFCMEMBER,58.01
1HuOQ2xWrE6xc43TABXiLI,IFCLIGHTFIXTURE,210
33lzOHZJ9E6vduXYNyjith,IFCBUILDINGELEMENTPROXY,0.16
2hwXS543X12wPSDjg9UwSB,IFCLIGHTFIXTURE,210
38Ozd1J$fFHu9SwugZC0GQ,IFCWALL,36.22
0usV6tDDnFohq5PghQ5D2g,IFCBUILDINGELEMENTPROXY,1.12
0usV6tDDnFohq5PghQ5D2f,IFCBUILDINGELEMENTPROXY,1.12
0usV6tDDnFohq5PghQ5D2y,IFCBUILDINGELEMENTPROXY,1.12
0usV6tDDnFohq5PghQ5D3S,IFCBUILDINGELEMENTPROXY,1.31
3pzaB_ZtL36el0ClYINdSp,IFCWALL,264.91
3pzaB_ZtL36el0ClYINdNK,IFCCOVERING,249.11
2xT4x5lXnBNxcZ5QZbxhS9,IFCWALL,1.71
2xT4x5lXnBNxcZ5QZbxhSJ,IFCWALL,0.8
34lqDYnzHB3wmZslDJwlAr,IFCWALL,0.39
34lqDYnzHB3wmZslDJwlAD,IFCWALL,0.46
34lqDYnzHB3wmZslDJwlD_,IFCWALL,2.22
34lqDYnzHB3wmZslDJwlDi,IFCWALL,0.71
359zRRFDT1vRiwFSrqNXhP,IFCLIGHTFIXTURE,210
359zRRFDT1vRiwFSrqNWQR,IFCLIGHTFIXTURE,210
01vllaNcO4UKxnt40pNKid,IFCSLAB,46.94
0l1uiLxhf6Sh$CRbsdNPvw,IFCWALL,25.73
0l1uiLxhf6Sh$CRbsdNPtG,IFCBUILDINGELEMENTPROXY,14.42
1dKu5zsdHE_A8Pn$Aaqeb_,IFCWALL,30
2xoycrPpH7EOfiZC0iDSGP,IFCWALL,126.03
0j49MZvDrAEu6uW6jnTMgH,IFCLIGHTFIXTURE,210
0j49MZvDrAEu6uW6jnTMQc,IFCLIGHTFIXTURE,210
05z2dez$L4s8S9q4HwY_BO,IFCWALL,191.82
3w1fdDBgP24AlAEkntqDw7,IFCWALL,87.81
1IMx2bCKn519m5SUiOEjt6,IFCWALL,71.99
2I7Auyk8bCgAfwQpXOR$9_,IFCWALL,31.91
3IP1NcR8H1yQoZHEVfIrrU,IFCWALL,45.7
3IP1NcR8H1yQoZHEVfIroD,IFCWALL,45.7
37O9F6zDH7NuO6lYxEN6yK,IFCWALL,45.7
37O9F6zDH7NuO6lYxEN7ht,IFCLIGHTFIXTURE,210
37O9F6zDH7NuO6lYxEN7f4,IFCBUILDINGELEMENTPROXY,0.26
3Pa9TWKvP7U8BPMR24iKHy,IFCLIGHTFIXTURE,210
0DciJ_E7T338RZ8d5_Z0dn,IFCCOLUMN,1056
3qCAc96hv2leXoSjexQtBe,IFCSLAB,3019.09
1df_AX8lj42QG_5UAC4gF3,IFCSLAB,176.48
2KlzI5wW9AsOx8hJvqWNpW,IFCSLAB,164.06
31Lh0hm7f2YQiB4BjLDm5y,IFCSLAB,1443.78
1tz8JBV5H7GO6C798OW8c_,IFCWALL,16.14
1tz8JBV5H7GO6C798OW8cv,IFCWALL,15.61
1tz8JBV5H7GO6C798OW8aJ,IFCWALL,16.14
1tz8JBV5H7GO6C798OW8aI,IFCWALL,15.61
3lYveaNk5A1fAY4oQDvki2,IFCSLAB,178.76
28tO2Ze8L6T8tNZXp_UvEL,IFCCOVERING,28.15
3vN2Fl6Az8C9cBZizN$HPf,IFCBUILDINGELEMENTPROXY,7.11
3vN2Fl6Az8C9cBZizN$HQR,IFCWALL,6.11
1EElBOt7v3W9v9xz3vHNnM,IFCFURNITURE,480
3WfYW5FlP7QuyLJ0RKDFkZ,IFCWALL,684.79
00OcTh2YnDIRjBe1O3sIYd,IFCPLATE,44.24
02_CiyN659neOqt2G8OlnC,IFCPLATE,42.78
0q9es9kCD4oOj_kMIudRTj,IFCMEMBER,72.92
0q9es9kCD4oOj_kMIudRTW,IFCMEMBER,15.95
0q9es9kCD4oOj_kMIudRTI,IFCMEMBER,72.92
0q9es9kCD4oOj_kMIudRT4,IFCMEMBER,72.92
0q9es9kCD4oOj_kMIudRT7,IFCMEMBER,15.95
0q9es9kCD4oOj_kMIudRSX,IFCMEMBER,71.02
0pVukYwInEK9lFZWWLB0OG,IFCWALL,172.39
3egT28ZeX4oR$CJC1uG0Wj,IFCWALL,177.75
2ch6GiTYr6ofWwBJULtROB,IFCMEMBER,72.92
343IftMCP4UOCLPJnm955g,IFCPLATE,191.69
343IftMCP4UOCLPJnm954_,IFCPLATE,44.24
343IftMCP4UOCLPJnm954V,IFCPLATE,191.69
343IftMCP4UOCLPJnm9558,IFCMEMBER,15.95
343IftMCP4UOCLPJnm955L,IFCMEMBER,72.92
343IftMCP4UOCLPJnm954k,IFCMEMBER,72.92
343IftMCP4UOCLPJnm954v,IFCMEMBER,15.95
343IftMCP4UOCLPJnm9542,IFCMEMBER,15.95
343IftMCP4UOCLPJnmEwxb,IFCMEMBER,72.92
343IftMCP4UOCLPJnmEwxi,IFCMEMBER,72.92
343IftMCP4UOCLPJnmEwx_,IFCMEMBER,15.95
343IftMCP4UOCLPJnmEwx9,IFCMEMBER,32.28
343IftMCP4UOCLPJnmEwxG,IFCMEMBER,32.28
3VPu6Q9HP8$RPQyOwZd3lk,IFCMEMBER,15.95
04b3cqL6T7nASkHPv$no5p,IFCBUILDINGELEMENTPROXY,0.13
04b3cqL6T7nASkHPv$no5$,IFCPLATE,120
04b3cqL6T7nASkHPv$no43,IFCPLATE,148.33
04b3cqL6T7nASkHPv$no41,IFCPLATE,120
04b3cqL6T7nASkHPv$no5x,IFCMEMBER,60.38
04b3cqL6T7nASkHPv$no46,IFCMEMBER,51.27
04b3cqL6T7nASkHPv$no4W,IFCMEMBER,51.27
2pwDOOMab0WgF3Q0CIvrJx,IFCMEMBER,58.49
04b3cqL6T7nASkHPv$no4f,IFCCURTAINWALL,7772.92
04b3cqL6T7nASkHPv$no4k,IFCPLATE,120
04b3cqL6T7nASkHPv$no4o,IFCMEMBER,60.38
04b3cqL6T7nASkHPv$nox7,IFCMEMBER,54.69
04b3cqL6T7nASkHPv$nox4,IFCMEMBER,54.69
04b3cqL6T7nASkHPv$noxd,IFCWALL,765.13
04b3cqL6T7nASkHPv$now9,IFCPLATE,133.7
1yjzQ_fH5D2ulNYAuuyBaH,IFCMEMBER,51.65
1yjzQ_fH5D2ulNYAuuyBaE,IFCMEMBER,115.45
04b3cqL6T7nASkHPv$novZ,IFCMEMBER,4.68
04b3cqL6T7nASkHPv$novh,IFCMEMBER,4.68
04b3cqL6T7nASkHPv$novw,IFCMEMBER,4.68
04b3cqL6T7nASkHPv$nouF,IFCMEMBER,2.31
04b3cqL6T7nASkHPv$no$J,IFCPLATE,133.7
04b3cqL6T7nASkHPv$no$S,IFCPLATE,133.7
1yjzQ_fH5D2ulNYAuuyBv5,IFCMEMBER,51.65
04b3cqL6T7nASkHPv$no_Z,IFCMEMBER,4.68
04b3cqL6T7nASkHPv$no_o,IFCMEMBER,4.68
1yjzQ_fH5D2ulNYAuuyBug,IFCMEMBER,2.31
1yjzQ_fH5D2ulNYAuuyBbb,IFCPLATE,47.5
04b3cqL6T7nASkHPv$noy7,IFCPLATE,47.5
1yjzQ_fH5D2ulNYAuuyBbC,IFCMEMBER,51.65
1yjzQ_fH5D2ulNYAuuyBbL,IFCMEMBER,51.65
04b3cqL6T7nASkHPv$noy$,IFCMEMBER,2.31
04b3cqL6T7nASkHPv$nopm,IFCMEMBER,4.68
1yjzQ_fH5D2ulNYAuuyBbs,IFCMEMBER,1.67
04b3cqL6T7nASkHPv$non5,IFCPLATE,28.15
04b3cqL6T7nASkHPv$nonG,IFCPLATE,133.7
04b3cqL6T7nASkHPv$nonU,IFCPLATE,61.86
04b3cqL6T7nASkHPv$nono,IFCMEMBER,1
04b3cqL6T7nASkHPv$non_,IFCMEMBER,2.17
2B9ggR9Lj4EhSARQFirulB,IFCMEMBER,2.31
04b3cqL6T7nASkHPv$not7,IFCMEMBER,4.68
04b3cqL6T7nASkHPv$notU,IFCWALL,2904.2
04b3cqL6T7nASkHPv$not$,IFCMEMBER,2.31
04b3cqL6T7nASkHPv$noty,IFCMEMBER,2.31
04b3cqL6T7nASkHPv$nosG,IFCMEMBER,4.68
04b3cqL6T7nASkHPv$nosk,IFCWALL,117.48
04b3cqL6T7nASkHPv$nor7,IFCBUILDINGELEMENTPROXY,1.15
04b3cqL6T7nASkHPv$norZ,IFCMEMBER,51.27
04b3cqL6T7nASkHPv$noh4,IFCMEMBER,2.31
04b3cqL6T7nASkHPv$noh5,IFCMEMBER,2.31
04b3cqL6T7nASkHPv$nohV,IFCMEMBER,2.17
2NVDfmr3r0pwm4jNoJqPgK,IFCCOLUMN,389.75
2NVDfmr3r0pwm4jNoJqPpF,IFCCOLUMN,628.83
2NVDfmr3r0pwm4jNoJqP3a,IFCCOLUMN,1280
0XunQJuDrCywXJ370JITF1,IFCFURNITURE,480
0XunQJuDrCywXJ370JIT7c,IFCFURNITURE,480
1dQuNrVRX7Z8lBw2sv8jts,IFCLIGHTFIXTURE,210
1dQuNrVRX7Z8lBw2sv8jer,IFCLIGHTFIXTURE,210
24UQUejir30hZbTvW6h7Wb,IFCWALL,205.72
3SnOVw7ojDZ8nnFzhqldea,IFCPLATE,157.85
3SnOVw7ojDZ8nnFzhqldGx,IFCPLATE,116.47
3SnOVw7ojDZ8nnFzhqlcia,IFCCURTAINWALL,4843.75
30dzunCuvCRADZXw6x9ovM,IFCLIGHTFIXTURE,210
30dzunCuvCRADZXw6x9oxK,IFCLIGHTFIXTURE,210
2BByksCr15Dg4KZP6dXlqv,IFCWALL,4987.78
0pOJTbav12OOt$k8GeKf2F,IFCWALL,571.43
1PXhyobVjFBBmnnrKsD41Y,IFCBUILDINGELEMENTPROXY,18.22
21$tDpUWDEtxLZIWIT_3C3,IFCBUILDINGELEMENTPROXY,1336.61
1G_I00WlX2MBQekqB04dQj,IFCWALL,3954.73
31rKK5OS94d9cPXIYeNUKn,IFCBUILDINGELEMENTPROXY,1.65
0OoVmktSP6XQwhSCQS0Lm$,IFCDOOR,1849.63
15yYit$qr3jes0JF4Uq1Sf,IFCWALL,1368.92
2mejqQiN994Q2UMYaLHeI9,IFCWALL,326.91
0s9hxL8vH4AQpm7LXCLUwP,IFCWALL,751.38
0s9hxL8vH4AQpm7LXCLP0l,IFCFURNITURE,480
0s9hxL8vH4AQpm7LXCLP0j,IFCFURNITURE,480
0s9hxL8vH4AQpm7LXCLP2A,IFCFURNITURE,480
0s9hxL8vH4AQpm7LXCLP3T,IFCFURNITURE,480
15xKUPqIHAl8uhdIa8aCRt,IFCWALL,705.27
15xKUPqIHAl8uhdIa8aD_J,IFCWALL,949.54
15xKUPqIHAl8uhdIa8aD1n,IFCWALL,242.37
0K0FV0u6b9L9sDGL7lHFsF,IFCWALL,31.69
0K0FV0u6b9L9sDGL7lHC1J,IFCWALL,37.63
0K0FV0u6b9L9sDGL7lH9Au,IFCFURNITURE,480
28fEL2KJH3nefH9oQJhuQj,IFCFURNITURE,480
28fEL2KJH3nefH9oQJhuS4,IFCBUILDINGELEMENTPROXY,0.93
28fEL2KJH3nefH9oQJhuSD,IFCBUILDINGELEMENTPROXY,63.35
321qo6Jt58aRGW1V_saw2B,IFCWALL,30.77
321qo6Jt58aRGW1V_saw2g,IFCFURNITURE,480
321qo6Jt58aRGW1V_saw9b,IFCWALL,31.69
321qo6Jt58aRGW1V_sawAZ,IFCBUILDINGELEMENTPROXY,0.93
321qo6Jt58aRGW1V_sawAi,IFCBUILDINGELEMENTPROXY,16.02
321qo6Jt58aRGW1V_sawCF,IFCFURNITURE,480
321qo6Jt58aRGW1V_sawDw,IFCBUILDINGELEMENTPROXY,16.02
321qo6Jt58aRGW1V_sawLG,IFCDOOR,1513.13
3aJHYCIlHAIBfmGnzR8c6B,IFCDOOR,1647.37
1sqRaCGxn09vsPk5LktIpl,IFCWALL,6.97
1sqRaCGxn09vsPk5LktInD,IFCWALL,260.65
1sqRaCGxn09vsPk5LktJVz,IFCWALL,43.88
1sqRaCGxn09vsPk5LktJVy,IFCWALL,43.88
1sqRaCGxn09vsPk5LktKTN,IFCFURNITURE,480
1sqRaCGxn09vsPk5LktLjH,IFCBUILDINGELEMENTPROXY,34.01
3kc6SqM9H57QHDXaSHOxBT,IFCWINDOW,2707.41
2gDGg7MA90nQHvffsvVo6B,IFCWINDOW,2707.41
2gDGg7MA90nQHvffsvVo62,IFCWINDOW,2707.41
2gDGg7MA90nQHvffsvVo5e,IFCWINDOW,2707.41
2gDGg7MA90nQHvffsvVo4F,IFCWINDOW,2707.41
2edGu3VRXAYQxyAyIU13Lm,IFCWALL,63.54
2DrlDkmyDFLerHNnIG0pfu,IFCWINDOW,2707.41
2DrlDkmyDFLerHNnIG0pjB,IFCWALL,224.86
2DrlDkmyDFLerHNnIG0pVw,IFCFURNITURE,480
31rKK5OS94d9cPXIYeNUQS,IFCWALL,406.29
31rKK5OS94d9cPXIYeNUUj,IFCBUILDINGELEMENTPROXY,2.45
3k0mOVrxHEQhEN_aJoHysp,IFCDOOR,1838.07
3ILb7oItT50eCRbCAAdII_,IFCWALL,60.31
0U4XQxUbT6Kgsr80BN4mQp,IFCFURNITURE,480
0U4XQxUbT6Kgsr80BN4mQf,IFCDOOR,1563.45
0U4XQxUbT6Kgsr80BN4mQa,IFCBUILDINGELEMENTPROXY,34.01
0U4XQxUbT6Kgsr80BN4mQc,IFCWALL,43.5
0U4XQxUbT6Kgsr80BN4mQX,IFCBUILDINGELEMENTPROXY,16.02
0U4XQxUbT6Kgsr80BN4mnw,IFCFURNITURE,480
0U4XQxUbT6Kgsr80BN4mqW,IFCWALL,8.17
0U4XQxUbT6Kgsr80BN4mqN,IFCWALL,44.58
0U4XQxUbT6Kgsr80BN4mqA,IFCFURNITURE,480
0U4XQxUbT6Kgsr80BN4mrv,IFCWALL,35.04
0U4XQxUbT6Kgsr80BN4mrx,IFCFURNITURE,480
0U4XQxUbT6Kgsr80BN4mrp,IFCWALL,43.88
0U4XQxUbT6Kgsr80BN4mth,IFCBUILDINGELEMENTPROXY,16.02
04b3cqL6T7nASkHPv$nohb,IFCMEMBER,2.37
04b3cqL6T7nASkHPv$nog2,IFCBUILDINGELEMENTPROXY,0.13
04b3cqL6T7nASkHPv$nogw,IFCWINDOW,4200.8
04b3cqL6T7nASkHPv$nogu,IFCBUILDINGELEMENTPROXY,0.82
2HJPHz$LL92Ori_VKXvn5Q,IFCBUILDINGELEMENTPROXY,0.08
1jb3trsibBWvqutL4lG8wj,IFCBUILDINGELEMENTPROXY,0.19
22x5a$DvHCAgllJiQ3KlCl,IFCSLAB,402.69
0J0FBtEb5BPAoy2Q8c1Z4I,IFCFURNITURE,480
2Z7cWsHNH8jQlG_zvTKbuO,IFCWALL,201.33
3_kk4p4U1Bdg7XGdF3sGTQ,IFCWALL,26.05
09eUxCNaz3lOO$6VIXc4gJ,IFCWALL,132.76
0OJjI_wr5DjxGFObFsiQdT,IFCWALL,1237.33
1YueUxVJH8SwhLiH$TP6w2,IFCWALL,185.78
1do79UPsT5QgT3kMg0ohra,IFCWALL,6.97
1do79UPsT5QgT3kMg0ohpM,IFCWALL,6.97
1do79UPsT5QgT3kMg0ohpQ,IFCWALL,35.04
1do79UPsT5QgT3kMg0ohpZ,IFCDOOR,1563.45
3x08GjNxXAUwp6Nup35kmA,IFCFURNITURE,480
3x08GjNxXAUwp6Nup35km9,IFCBUILDINGELEMENTPROXY,6.41
2XHYIYzAHChPcvcG26L_y9,IFCWALL,63.84
03a7pYrhz1rhXmz4tulST8,IFCWALL,7.58
1osuz$c1TCrANt0okqklo4,IFCWALL,156.03
2T6jb8H4fEr9KuKgMsHROj,IFCWALL,1447.69
0dqh5oTcz4aP$fn7IYtJ9O,IFCCOLUMN,1887.83
3VCA17cZnE4hOgUPEreCkt,IFCSLAB,27.15
0mlMV$YD96HATmmaM7Gcvi,IFCDOOR,1457.23
0mlMV$YD96HATmmaM7GcRk,IFCBUILDINGELEMENTPROXY,0.19
0mlMV$YD96HATmmaM7GcHJ,IFCWALL,459.03
3fIyBYh7fB78nAzlrPVUqd,IFCWALL,61
1rXx31svD41xvmlkISjQWG,IFCWALL,60.28
0UGxX1kPL6sx7IPcItoIdy,IFCWALL,269.23
2j9OZGnbLExvPQRPWwI0WK,IFCWALL,137.96
2j9OZGnbLExvPQRPWwI1Qx,IFCWALL,147.73
3E63cYrrX1YAg57cYantsF,IFCWALL,28.82
3RKbg7mVv5KOhSWj4h$MQo,IFCMEMBER,157.8
02a5zYLwD3j9mC$YV6woIu,IFCDOOR,2068.12
2uA1QuTrD56OjKrY65ZNSp,IFCBUILDINGELEMENTPROXY,1.46
2uA1QuTrD56OjKrY65ZN2J,IFCBUILDINGELEMENTPROXY,0.08
15dMzGGu96lAjQVcpG2Dbs,IFCCOLUMN,647.56
2Nacuo19H4IAx5s3kv9C68,IFCBUILDINGELEMENTPROXY,0.08
3oWRtKgGH6quoh0HBRWZPP,IFCBUILDINGELEMENTPROXY,400
37O9F6zDH7NuO6lYxEN7fv,IFCBUILDINGELEMENTPROXY,400
3EA$a_SEr3PeQbJzkS8sp7,IFCBUILDINGELEMENTPROXY,400
0gNsikZPrFZe6ltc4u6HlJ,IFCBUILDINGELEMENTPROXY,400
2Mrobxeq1B$fFXXodQxPdr,IFCBUILDINGELEMENTPROXY,400
3oWRtKgGH6quoh0HBRWZPN,IFCBUILDINGELEMENTPROXY,400
37O9F6zDH7NuO6lYxEN7gz,IFCBUILDINGELEMENTPROXY,400
0WpdaO$PjBJRoYSnKb1WeP,IFCBUILDINGELEMENTPROXY,400
31rKK5OS94d9cPXIYeNUew,IFCSLAB,1200
3JySMgFNrCGxX3oAzOKCkQ,IFCRAILING,620
2MGIpRi0XEXwECOTNgozif,IFCMEMBER,350
1zaxyAqU13Vwe7hlENZDm7,IFCBUILDINGELEMENTPROXY,400
3IP1NcR8H1yQoZHEVfIrM7,IFCBUILDINGELEMENTPROXY,400
37O9F6zDH7NuO6lYxEN7et,IFCBUILDINGELEMENTPROXY,400
3q8E0xnepTJXeWyGlQZSvr,IFCMEMBER,350
11qQrX$zDAqxSsCbLSxNBy,IFCBUILDINGELEMENTPROXY,400
0WpdaO$PjBJRoYSnKb1WfV,IFCBUILDINGELEMENTPROXY,400
31rKK5OS94d9cPXIYeNUzv,IFCSLAB,1200
2MGIpRi0XEXwECOTNgozc9,IFCRAILING,620
02lo9sjvz8BucIIDWsvKer,IFCRAILING,620
2LDPNirxb6Uv4e97Wb9aoH,IFCBUILDINGELEMENTPROXY,400
37O9F6zDH7NuO6lYxEN7lQ,IFCBUILDINGELEMENTPROXY,400
2MGIpRi0XEXwECOTNgozdq,IFCMEMBER,350
31rKK5OS94d9cPXIYeNUJz,IFCMEMBER,350
37o6yZyJDCZuvhVALVZjBO,IFCBUILDINGELEMENTPROXY,400
1UWxiaL6n2IvHI9Y8lqOOI,IFCSLAB,1200
37GMdP0mL40uWnJbTv8v8f,IFCBUILDINGELEMENTPROXY,400
2MGIpRi0XEXwECOTNgozoM,IFCMEMBER,350
0XBFHnQe93rRA990mV0P00,IFCSLAB,1200
1UWxiaL6n2IvHI9YqlqOOI,IFCSLAB,1200
30zSZjFxH19R7IhI893q7i,IFCBUILDINGELEMENTPROXY,400
0O5ZCyMCrCOQ6uiL7qfhPs,IFCRAILING,620
2MGIpRi0XEXwECOTNgozii,IFCMEMBER,350
31rKK5OS94d9cPXIYeNUJc,IFCMEMBER,350
2edGu3VRXAYQxyAyIU130S,IFCRAILING,620
08AjPVhWzAfA8XtWBWZscq,IFCRAILING,620
33$ubBxAnz$m_AEUZbepp1,IFCMEMBER,350
31rKK5OS94d9cPXIYeNUJb,IFCMEMBER,350
37O9F6zDH7NuO6lYxEN7lO,IFCBUILDINGELEMENTPROXY,400
2jRUK7Mkb6Ue8A9OvpTG3U,IFCLIGHTFIXTURE,210
2jRUK7Mkb6Ue8A9OvpTGzn,IFCLIGHTFIXTURE,210
379n97ggH7Bxgna2953$EW,IFCLIGHTFIXTURE,210
2Wk83bCBP5xxmQhRC_$kX8,IFCCOVERING,231
2Wk83bCBP5xxmQhRC_$kXz,IFCCOVERING,231.98
1ynIJTp3j41BnCd95bH$Zn,IFCLIGHTFIXTURE,210
1ynIJTp3j41BnCd95bH$mB,IFCLIGHTFIXTURE,210
1ynIJTp3j41BnCd95bH$xw,IFCLIGHTFIXTURE,210
2i1ro43jr7TeCTnrJrjJy_,IFCLIGHTFIXTURE,210
2i1ro43jr7TeCTnrJrjJzy,IFCLIGHTFIXTURE,210
06fTk68cnA6vD9GRSabnxP,IFCLIGHTFIXTURE,210
06fTk68cnA6vD9GRSabnxT,IFCLIGHTFIXTURE,210
06fTk68cnA6vD9GRSabm7h,IFCLIGHTFIXTURE,210
06fTk68cnA6vD9GRSabm7e,IFCLIGHTFIXTURE,210
06fTk68cnA6vD9GRSabm54,IFCLIGHTFIXTURE,210
06fTk68cnA6vD9GRSabm5A,IFCLIGHTFIXTURE,210
06fTk68cnA6vD9GRSabpGm,IFCLIGHTFIXTURE,210
2DdOtrZWbFu8xo_NjetJu4,IFCLIGHTFIXTURE,210
2iprjJO5DFPPFZufOJpog$,IFCWALL,5.99
2Dmljw8uHCLBZQQu9H5f2u,IFCPLATE,111.85
2Dmljw8uHCLBZQQu9H5f3H,IFCCURTAINWALL,543.44
2Dmljw8uHCLBZQQu9H5f2X,IFCMEMBER,171.28
2Dmljw8uHCLBZQQu9H5f3S,IFCMEMBER,21.27
2Dmljw8uHCLBZQQu9H5f35,IFCMEMBER,21.27
2Dmljw8uHCLBZQQu9H5f30,IFCCURTAINWALL,330.87
2Dmljw8uHCLBZQQu9H5f0I,IFCMEMBER,27.72
2Dmljw8uHCLBZQQu9H5f8P,IFCPLATE,23.16
2Dmljw8uHCLBZQQu9H5fBC,IFCCURTAINWALL,1415.56
2Dmljw8uHCLBZQQu9H5fBZ,IFCPLATE,94.14
2Dmljw8uHCLBZQQu9H5fBX,IFCMEMBER,21.27
2Dmljw8uHCLBZQQu9H5f83,IFCPLATE,13.34
2Dmljw8uHCLBZQQu9H5fBo,IFCMEMBER,116.02
2Dmljw8uHCLBZQQu9H5f8J,IFCMEMBER,11.96
2Dmljw8uHCLBZQQu9H5f9f,IFCMEMBER,33.04
2Dmljw8uHCLBZQQu9H5fMR,IFCCURTAINWALL,9594.27
2Dmljw8uHCLBZQQu9H5fMQ,IFCPLATE,163.85
2Dmljw8uHCLBZQQu9H5fMf,IFCMEMBER,109.37
2Dmljw8uHCLBZQQu9H5fNu,IFCMEMBER,52.79
2Dmljw8uHCLBZQQu9H5fNt,IFCMEMBER,52.79
2Dmljw8uHCLBZQQu9H5fKQ,IFCMEMBER,17.85
3WJfQUHe1A3x25MI_xeXnB,IFCLIGHTFIXTURE,210
3WJfQUHe1A3x25MI_xeXns,IFCLIGHTFIXTURE,210
3WJfQUHe1A3x25MI_xeXKw,IFCLIGHTFIXTURE,210
3WJfQUHe1A3x25MI_xeWYI,IFCLIGHTFIXTURE,210
3o5gkqdY9E6A2F1wtqtPfT,IFCLIGHTFIXTURE,210
3o5gkqdY9E6A2F1wtqtPfJ,IFCLIGHTFIXTURE,210
1JR4xo1Kv9tulaqxqLe71F,IFCLIGHTFIXTURE,210
21U07TPLv4F9zfrV5EunYf,IFCCOLUMN,691.23
21U07TPLv4F9zfrV5EuniU,IFCMEMBER,86.9
21U07TPLv4F9zfrV5Eunjf,IFCMEMBER,86.9
21U07TPLv4F9zfrV5Eunj7,IFCMEMBER,86.59
21U07TPLv4F9zfrV5EunjB,IFCMEMBER,86.59
21U07TPLv4F9zfrV5EunoZ,IFCMEMBER,86.9
0m3ylIKyvFIf90OJWdRdt5,IFCFURNITURE,480
0m3ylIKyvFIf90OJWdRdtB,IFCFURNITURE,480
0m3ylIKyvFIf90OJWdRdtA,IFCFURNITURE,480
0d_HunAzzAPg4$RxtR7pfh,IFCSLAB,42.22
0d_HunAzzAPg4$RxtR7phI,IFCBUILDINGELEMENTPROXY,1.52
0d_HunAzzAPg4$RxtR7phC,IFCBUILDINGELEMENTPROXY,0.27
2F3zBK1BH8DBfhr$IH1Obd,IFCBUILDINGELEMENTPROXY,1.1
2F3zBK1BH8DBfhr$IH1ObX,IFCBUILDINGELEMENTPROXY,0.05
2F3zBK1BH8DBfhr$IH1OY8,IFCBUILDINGELEMENTPROXY,0.05
2F3zBK1BH8DBfhr$IH1OYa,IFCBUILDINGELEMENTPROXY,0.05
2F3zBK1BH8DBfhr$IH1OYd,IFCBUILDINGELEMENTPROXY,1.1
2F3zBK1BH8DBfhr$IH1OYp,IFCBUILDINGELEMENTPROXY,1.1
2F3zBK1BH8DBfhr$IH1OZ8,IFCBUILDINGELEMENTPROXY,0.05
2F3zBK1BH8DBfhr$IH1RsH,IFCBUILDINGELEMENTPROXY,0.09
0uSJAgBT1ABOFjSdJfHCRS,IFCBUILDINGELEMENTPROXY,1.52
37O9F6zDH7NuO6lYxEN7eE,IFCLIGHTFIXTURE,210
37O9F6zDH7NuO6lYxEN7e8,IFCLIGHTFIXTURE,210
30zSZjFxH19R7IhI893q7f,IFCWALL,34.12
30zSZjFxH19R7IhI893q7e,IFCWALL,31.73
30zSZjFxH19R7IhI893q4M,IFCCOVERING,661.37
2Dmljw8uHCLBZQQu9H5fNG,IFCMEMBER,53.23
2Dmljw8uHCLBZQQu9H5fKG,IFCMEMBER,57.35
1HuOQ2xWrE6xc43TABXiEm,IFCWALL,2.32
1HuOQ2xWrE6xc43TABXiH0,IFCLIGHTFIXTURE,210
2$2NOVgxvFUxyaMBSGgnRb,IFCROOF,560.12
2MAHRuCXP51wFXs0k0D95i,IFCWALL,105.26
0cemOK0dX4qvOXqbb_njMW,IFCWALL,3963.03
0uSJAgBT1ABOFjSdJfHCPW,IFCWINDOW,2707.41
0usV6tDDnFohq5PghQ5D5p,IFCWALL,97.52
0usV6tDDnFohq5PghQ5D2Z,IFCBUILDINGELEMENTPROXY,1.12
0usV6tDDnFohq5PghQ5D2X,IFCBUILDINGELEMENTPROXY,1.12
0usV6tDDnFohq5PghQ5D2q,IFCBUILDINGELEMENTPROXY,1.12
0usV6tDDnFohq5PghQ5D3Z,IFCBUILDINGELEMENTPROXY,1.31
3oWRtKgGH6quoh0HBRWZHM,IFCBUILDINGELEMENTPROXY,66.54
3oWRtKgGH6quoh0HBRWZHN,IFCBUILDINGELEMENTPROXY,66.54
34lqDYnzHB3wmZslDJweoc,IFCWALL,2.33
34lqDYnzHB3wmZslDJwlA5,IFCWALL,5.05
34lqDYnzHB3wmZslDJwl90,IFCWALL,2.3
34lqDYnzHB3wmZslDJwlEA,IFCWALL,8.11
34lqDYnzHB3wmZslDJwlCE,IFCWALL,1.87
0ATjEYD_L8bwfk_bfy3iWR,IFCWALL,3.96
359zRRFDT1vRiwFSrqNXaf,IFCLIGHTFIXTURE,210
359zRRFDT1vRiwFSrqNWVO,IFCLIGHTFIXTURE,210
0l1uiLxhf6Sh$CRbsdNPuG,IFCWALL,18.11
1T5Wcb3F14If4LK98pJeFO,IFCWALL,61.65
0j49MZvDrAEu6uW6jnTMOz,IFCLIGHTFIXTURE,210
1IMx2bCKn519m5SUiOEjrb,IFCWALL,75.64
2I7Auyk8bCgAfwQpXOR$3m,IFCLIGHTFIXTURE,210
3IP1NcR8H1yQoZHEVfIrJ_,IFCWALL,45.7
3IP1NcR8H1yQoZHEVfIrqk,IFCCOVERING,755.43
3IP1NcR8H1yQoZHEVfIrq1,IFCBUILDINGELEMENTPROXY,0.26
3IP1NcR8H1yQoZHEVfIroV,IFCWALL,46.62
3IP1NcR8H1yQoZHEVfIro8,IFCCOVERING,755.43
37O9F6zDH7NuO6lYxEN6y1,IFCWALL,25.84
37O9F6zDH7NuO6lYxEN7AN,IFCBUILDINGELEMENTPROXY,0.26
3Pa9TWKvP7U8BPMR24iKVX,IFCBUILDINGELEMENTPROXY,0.26
3Pa9TWKvP7U8BPMR24iK2E,IFCLIGHTFIXTURE,210
0DciJ_E7T338RZ8d5_Z0a_,IFCCOLUMN,1056
1df_AX8lj42QG_5UAC4gEi,IFCSLAB,176.48
2KlzI5wW9AsOx8hJvqWNlv,IFCSLAB,157.84
1A1xoGlcrCHA5HP$e_fPyn,IFCSLAB,19.67
2oVxPiT3P8NBSpOAvzM1Bp,IFCCOVERING,2873.01
1YpT8RiCzEtvfm84izHoPJ,IFCSLAB,76.27
3vN2Fl6Az8C9cBZizN$Hdw,IFCCOLUMN,21.86
3vN2Fl6Az8C9cBZizN$HQH,IFCBUILDINGELEMENTPROXY,6.66
2Z1lN957z0auk_rV6OvZWQ,IFCCOLUMN,781.98
08XoS$GBT1bwdudRkRI5uH,IFCBUILDINGELEMENTPROXY,0.67
3WfYW5FlP7QuyLJ0RKDFif,IFCWALL,684.79
0q9es9kCD4oOj_kMIudRSn,IFCPLATE,44.24
0q9es9kCD4oOj_kMIudRTz,IFCPLATE,191.69
0q9es9kCD4oOj_kMIudRTB,IFCPLATE,191.69
00OcTh2YnDIRjBe1O3sIXJ,IFCPLATE,44.24
0q9es9kCD4oOj_kMIudRTt,IFCMEMBER,72.92
0q9es9kCD4oOj_kMIudRTP,IFCMEMBER,69.12
00OcTh2YnDIRjBe1O3sIYM,IFCMEMBER,72.92
00OcTh2YnDIRjBe1O3sIYJ,IFCMEMBER,72.92
00OcTh2YnDIRjBe1O3sIYP,IFCMEMBER,72.92
00OcTh2YnDIRjBe1O3sIYR,IFCMEMBER,72.92
02_CiyN659neOqt2G8OloW,IFCMEMBER,15.95
2ch6GiTYr6ofWwBJULtRRG,IFCMEMBER,15.95
2ch6GiTYr6ofWwBJULtRUe,IFCMEMBER,72.92
2ch6GiTYr6ofWwBJULtRUl,IFCMEMBER,11.3
343IftMCP4UOCLPJnm954t,IFCPLATE,44.24
343IftMCP4UOCLPJnm955f,IFCPLATE,191.69
343IftMCP4UOCLPJnm955u,IFCMEMBER,72.92
343IftMCP4UOCLPJnm954y,IFCMEMBER,34.18
343IftMCP4UOCLPJnm954D,IFCMEMBER,72.92
3VPu6Q9HP8$RPQyOwZd3lZ,IFCMEMBER,68.74
04b3cqL6T7nASkHPv$no5R,IFCMEMBER,52.41
04b3cqL6T7nASkHPv$no5b,IFCWALL,175.12
04b3cqL6T7nASkHPv$no5f,IFCWALL,3979.22
04b3cqL6T7nASkHPv$no4O,IFCPLATE,120
04b3cqL6T7nASkHPv$no45,IFCMEMBER,71.4
04b3cqL6T7nASkHPv$no4X,IFCMEMBER,60.38
2pwDOOMab0WgF3Q0CIvrJI,IFCMEMBER,54.69
04b3cqL6T7nASkHPv$no4m,IFCPLATE,104.17
2pwDOOMab0WgF3Q0CIvrVC,IFCMEMBER,54.69
04b3cqL6T7nASkHPv$noxi,IFCBUILDINGELEMENTPROXY,0.82
04b3cqL6T7nASkHPv$noxx,IFCPLATE,47.5
1yjzQ_fH5D2ulNYAuuyBaN,IFCMEMBER,115.45
04b3cqL6T7nASkHPv$nowE,IFCPLATE,133.7
1yjzQ_fH5D2ulNYAuuyBaI,IFCMEMBER,115.45
04b3cqL6T7nASkHPv$noxn,IFCMEMBER,2.4
04b3cqL6T7nASkHPv$nows,IFCMEMBER,2.31
04b3cqL6T7nASkHPv$nov2,IFCMEMBER,2.31
04b3cqL6T7nASkHPv$nov7,IFCMEMBER,2.31
04b3cqL6T7nASkHPv$novC,IFCMEMBER,2.31
04b3cqL6T7nASkHPv$novx,IFCMEMBER,4.68
04b3cqL6T7nASkHPv$nou2,IFCMEMBER,2.37
04b3cqL6T7nASkHPv$nouB,IFCMEMBER,4.68
04b3cqL6T7nASkHPv$nouD,IFCMEMBER,2.31
04b3cqL6T7nASkHPv$no$4,IFCPLATE,133.7
1yjzQ_fH5D2ulNYAuuyBvf,IFCMEMBER,51.65
04b3cqL6T7nASkHPv$no$E,IFCPLATE,133.7
1yjzQ_fH5D2ulNYAuuyBtH,IFCPLATE,133.7
1yjzQ_fH5D2ulNYAuuyBv_,IFCMEMBER,51.65
1yjzQ_fH5D2ulNYAuuyBvx,IFCMEMBER,115.45
1yjzQ_fH5D2ulNYAuuyBvs,IFCMEMBER,51.65
1yjzQ_fH5D2ulNYAuuyBvn,IFCMEMBER,51.65
04b3cqL6T7nASkHPv$no_1,IFCMEMBER,2.31
04b3cqL6T7nASkHPv$no_i,IFCMEMBER,4.68
04b3cqL6T7nASkHPv$no_x,IFCMEMBER,2.23
04b3cqL6T7nASkHPv$noz8,IFCMEMBER,4.68
04b3cqL6T7nASkHPv$nozD,IFCMEMBER,4.68
1yjzQ_fH5D2ulNYAuuyBuj,IFCMEMBER,2.37
1yjzQ_fH5D2ulNYAuuyBui,IFCMEMBER,2.4
1yjzQ_fH5D2ulNYAuuyBbJ,IFCMEMBER,115.45
1yjzQ_fH5D2ulNYAuuyBbS,IFCMEMBER,51.65
1yjzQ_fH5D2ulNYAuuyBbM,IFCMEMBER,115.45
04b3cqL6T7nASkHPv$noyl,IFCPLATE,133.7
04b3cqL6T7nASkHPv$noyi,IFCPLATE,133.7
04b3cqL6T7nASkHPv$nopC,IFCMEMBER,2.31
04b3cqL6T7nASkHPv$nopG,IFCMEMBER,2.31
04b3cqL6T7nASkHPv$nopM,IFCMEMBER,2.31
04b3cqL6T7nASkHPv$nopQ,IFCMEMBER,2.31
04b3cqL6T7nASkHPv$nopR,IFCMEMBER,2.31
04b3cqL6T7nASkHPv$nopS,IFCMEMBER,1.67
04b3cqL6T7nASkHPv$nopf,IFCMEMBER,4.68
04b3cqL6T7nASkHPv$nopu,IFCMEMBER,4.68
04b3cqL6T7nASkHPv$nooA,IFCMEMBER,2.29
04b3cqL6T7nASkHPv$non6,IFCPLATE,28.15
04b3cqL6T7nASkHPv$nonD,IFCPLATE,133.7
04b3cqL6T7nASkHPv$nonK,IFCPLATE,133.7
04b3cqL6T7nASkHPv$nonz,IFCMEMBER,4.68
04b3cqL6T7nASkHPv$nomo,IFCPLATE,61.83
04b3cqL6T7nASkHPv$not0,IFCMEMBER,4.68
04b3cqL6T7nASkHPv$notE,IFCMEMBER,4.68
04b3cqL6T7nASkHPv$nosx,IFCMEMBER,51.65
04b3cqL6T7nASkHPv$nots,IFCPLATE,133.7
04b3cqL6T7nASkHPv$not_,IFCMEMBER,2.31
04b3cqL6T7nASkHPv$nos4,IFCMEMBER,0.94
04b3cqL6T7nASkHPv$nosB,IFCMEMBER,4.68
04b3cqL6T7nASkHPv$nosK,IFCMEMBER,2.37
04b3cqL6T7nASkHPv$nosP,IFCMEMBER,4.68
04b3cqL6T7nASkHPv$nosa,IFCMEMBER,51.27
04b3cqL6T7nASkHPv$nosf,IFCMEMBER,47.09
04b3cqL6T7nASkHPv$norM,IFCCURTAINWALL,1536.53
04b3cqL6T7nASkHPv$noqS,IFCWALL,154.66
04b3cqL6T7nASkHPv$noh9,IFCMEMBER,2.31
04b3cqL6T7nASkHPv$nohG,IFCMEMBER,0.94
0l1N2UgEH9ygmysH$kBF6G,IFCCOLUMN,404.93
0l1N2UgEH9ygmysH$kBF6$,IFCCOLUMN,763.58
0XunQJuDrCywXJ370JIT90,IFCFURNITURE,480
0XunQJuDrCywXJ370JITFC,IFCFURNITURE,480
0XunQJuDrCywXJ370JITFD,IFCFURNITURE,480
0XunQJuDrCywXJ370JIT77,IFCFURNITURE,480
2sCvyR6xL9WPXuzdrVeyrB,IFCCOLUMN,406.89
39gRXDizDDsOk0amDBXRDZ,IFCCOLUMN,1791.83
3SnOVw7ojDZ8nnFzhqld$_,IFCPLATE,162.83
3SnOVw7ojDZ8nnFzhqldjI,IFCPLATE,37.27
3SnOVw7ojDZ8nnFzhqldjH,IFCPLATE,70.59
3SnOVw7ojDZ8nnFzhqld5D,IFCPLATE,257.57
3SnOVw7ojDZ8nnFzhqldio,IFCMEMBER,25.44
3SnOVw7ojDZ8nnFzhqld$O,IFCMEMBER,192.93
3SnOVw7ojDZ8nnFzhqld$U,IFCMEMBER,192.93
3SnOVw7ojDZ8nnFzhqldMU,IFCMEMBER,200.52
0V7b1sZrLBF8P59YUseLuY,IFCMEMBER,200.52
0V7b1sZrLBF8P59YUseLxY,IFCPLATE,78.53
1lxqaTga9DvxFctJPFetIa,IFCWALL,42.94
30dzunCuvCRADZXw6x9ouf,IFCLIGHTFIXTURE,210
30dzunCuvCRADZXw6x9orA,IFCLIGHTFIXTURE,210
0pOJTbav12OOt$k8GeKf4b,IFCWALL,1419.86
1PXhyobVjFBBmnnrKsD43H,IFCBUILDINGELEMENTPROXY,16.97
1PXhyobVjFBBmnnrKsD42b,IFCBUILDINGELEMENTPROXY,16.97
0XBFHnQe93rRA990yV0P5z,IFCSLAB,174.49
3MtS$kY6L9TutOnr8iop6Q,IFCSLAB,133.25
21$tDpUWDEtxLZIWIT_3C4,IFCBUILDINGELEMENTPROXY,1336.61
31rKK5OS94d9cPXIYeNULB,IFCSLAB,4.29
3k0mOVrxHEQhEN_aJoHyjV,IFCWALL,759.9
07qCfCfOH2$9ZHLwxaU8Rz,IFCWALL,3358.7
2sZ7hyxP95PP6QP7VEeS$k,IFCWALL,2330.63
2wYho76PDA9vn_AFRLvLNX,IFCWALL,481.94
0s9hxL8vH4AQpm7LXCLP7l,IFCFURNITURE,480
0s9hxL8vH4AQpm7LXCLP1d,IFCFURNITURE,480
0s9hxL8vH4AQpm7LXCLP3O,IFCFURNITURE,480
2Lnwlbilr8xxJKRFN714uq,IFCWALL,2397.4
1Un9ptyoX1vey29ZkM5Aad,IFCBUILDINGELEMENTPROXY,0.34
28fEL2KJH3nefH9oQJhuQy,IFCBUILDINGELEMENTPROXY,3.38
28fEL2KJH3nefH9oQJhuQZ,IFCBUILDINGELEMENTPROXY,16.02
28fEL2KJH3nefH9oQJhuSS,IFCWALL,34.13
321qo6Jt58aRGW1V_saw2D,IFCWALL,33.67
321qo6Jt58aRGW1V_saw2h,IFCFURNITURE,480
321qo6Jt58aRGW1V_saw9j,IFCWALL,24.68
321qo6Jt58aRGW1V_saw9e,IFCWALL,37.63
321qo6Jt58aRGW1V_saw9f,IFCBUILDINGELEMENTPROXY,34.01
321qo6Jt58aRGW1V_sawAN,IFCDOOR,1563.45
321qo6Jt58aRGW1V_sawAO,IFCBUILDINGELEMENTPROXY,0.69
321qo6Jt58aRGW1V_sawAy,IFCWALL,46.77
321qo6Jt58aRGW1V_sawAz,IFCWALL,31.69
321qo6Jt58aRGW1V_sawAv,IFCWALL,37.63
321qo6Jt58aRGW1V_sawAc,IFCBUILDINGELEMENTPROXY,34.01
321qo6Jt58aRGW1V_sawBV,IFCFURNITURE,480
321qo6Jt58aRGW1V_sawCQ,IFCBUILDINGELEMENTPROXY,63.35
321qo6Jt58aRGW1V_sawCp,IFCWALL,31.69
321qo6Jt58aRGW1V_sawCc,IFCWALL,37.63
321qo6Jt58aRGW1V_sawCW,IFCBUILDINGELEMENTPROXY,0.93
321qo6Jt58aRGW1V_sawDQ,IFCFURNITURE,480
321qo6Jt58aRGW1V_sawD0,IFCWALL,31.69
321qo6Jt58aRGW1V_sawDv,IFCBUILDINGELEMENTPROXY,33.39
1sqRaCGxn09vsPk5LktI$1,IFCBUILDINGELEMENTPROXY,6.41
1sqRaCGxn09vsPk5LktJV$,IFCBUILDINGELEMENTPROXY,34.01
1sqRaCGxn09vsPk5LktLOV,IFCFURNITURE,480
1sqRaCGxn09vsPk5LktLW3,IFCBUILDINGELEMENTPROXY,33.39
2DrlDkmyDFLerHNnIG0pI6,IFCWALL,211.61
2DrlDkmyDFLerHNnIG0pI4,IFCWALL,36.56
2QjNXdgpE2mtx7ty$IRe$W,IFCSLAB,607.86
31rKK5OS94d9cPXIYeNUQ1,IFCWALL,2406.5
31rKK5OS94d9cPXIYeNUQP,IFCDOOR,1849.63
31rKK5OS94d9cPXIYeNUQH,IFCWALL,389.53
31rKK5OS94d9cPXIYeNUUu,IFCBUILDINGELEMENTPROXY,1.32
3ILb7oItT50eCRbCAAdIR3,IFCDOOR,2127.02
0U4XQxUbT6Kgsr80BN4mnY,IFCWALL,43.88
0U4XQxUbT6Kgsr80BN4mnK,IFCFURNITURE,480
0U4XQxUbT6Kgsr80BN4mqU,IFCFURNITURE,480
0U4XQxUbT6Kgsr80BN4mqM,IFCBUILDINGELEMENTPROXY,34.01
0U4XQxUbT6Kgsr80BN4mqC,IFCBUILDINGELEMENTPROXY,33.39
0U4XQxUbT6Kgsr80BN4mrf,IFCFURNITURE,480
0U4XQxUbT6Kgsr80BN4ms7,IFCFURNITURE,480
0U4XQxUbT6Kgsr80BN4mtc,IFCBUILDINGELEMENTPROXY,0.69
04b3cqL6T7nASkHPv$nohh,IFCMEMBER,2.17
04b3cqL6T7nASkHPv$nog4,IFCBUILDINGELEMENTPROXY,1.15
04b3cqL6T7nASkHPv$nogE,IFCWINDOW,4200.8
04b3cqL6T7nASkHPv$nogb,IFCWALL,133.69
04b3cqL6T7nASkHPv$nogk,IFCBUILDINGELEMENTPROXY,0.13
04b3cqL6T7nASkHPv$nogj,IFCWINDOW,4200.8
04b3cqL6T7nASkHPv$nogp,IFCBUILDINGELEMENTPROXY,0.82
04b3cqL6T7nASkHPv$nofF,IFCMEMBER,51.27
2FEbCL35D6jBrcV_5oCaip,IFCFURNITURE,480
2FEbCL35D6jBrcV_5oCbIC,IFCFURNITURE,480
1wEcvRRSvBC9IteKKC$Etf,IFCBUILDINGELEMENTPROXY,1.37
3AQwX$e_j0ZPcGzWWO1ijq,IFCWALL,273.1
3AQwX$e_j0ZPcGzWWO1ifp,IFCFURNITURE,480
2kTHshO7vEXudOmWyMcPpD,IFCSLAB,539.97
0J0FBtEb5BPAoy2Q8c1Z4S,IFCFURNITURE,480
3UWv$DRqb5r9d6smiWX_1k,IFCWALL,224.22
1YueUxVJH8SwhLiH$TP6lI,IFCWALL,165.65
3Exf$uKEj6vBh5DuRp1RVX,IFCDOOR,1485.18
3Exf$uKEj6vBh5DuRp1ROj,IFCWALL,8.15
1do79UPsT5QgT3kMg0ohrT,IFCFURNITURE,480
1do79UPsT5QgT3kMg0ohrg,IFCFURNITURE,480
1do79UPsT5QgT3kMg0ohoN,IFCBUILDINGELEMENTPROXY,2.25
1do79UPsT5QgT3kMg0ohoW,IFCWALL,264.85
1do79UPsT5QgT3kMg0ohot,IFCBUILDINGELEMENTPROXY,0.69
1do79UPsT5QgT3kMg0ohos,IFCFURNITURE,480
1do79UPsT5QgT3kMg0ohpE,IFCBUILDINGELEMENTPROXY,2.25
1do79UPsT5QgT3kMg0ohpR,IFCWALL,264.85
1do79UPsT5QgT3kMg0ohn6,IFCWALL,111.13
2XHYIYzAHChPcvcG26L__v,IFCWALL,63.84
3eqETIWmT5yuBevKr2Xx9k,IFCDOOR,1764.71
3eqETIWmT5yuBevKr2XxPt,IFCWALL,125.98
3eqETIWmT5yuBevKr2XxPw,IFCBUILDINGELEMENTPROXY,1.75
2oZOAxgUXFQeJE8Qj5ybUA,IFCWALL,36.33
1osuz$c1TCrANt0okqkljs,IFCWALL,357.33
1osuz$c1TCrANt0okqkljt,IFCWALL,361.25
0dqh5oTcz4aP$fn7IYtJ7P,IFCWALL,47
0stYUSRTn5hRP77Rc$SYDN,IFCCOLUMN,428.31
0fLEdYlv8qx0gvdLGTswFR,IFCSLAB,21.81
0mlMV$YD96HATmmaM7Gcnh,IFCBUILDINGELEMENTPROXY,1.75
3hp0n4A8TDgA1zjPqpQNRf,IFCSLAB,29.59
0gAb5d1A120htF0tVYuwVG,IFCWALL,71.05
3RKbg7mVv5KOhSWj4h$8CV,IFCMEMBER,157.8
3RKbg7mVv5KOhSWj4h$81i,IFCMEMBER,69.31
3RKbg7mVv5KOhSWj4h$87x,IFCMEMBER,216.93
3RKbg7mVv5KOhSWj4h$8TV,IFCDOOR,2068.12
2uA1QuTrD56OjKrY65ZNSo,IFCBUILDINGELEMENTPROXY,0.08
2Nacuo19H4IAx5s3kv9Cfy,IFCWALL,11.59
2qrD7osIz978sSGrlBkDWZ,IFCCOVERING,71.78
0fb8ht1cj4oRHWJZerVZBi,IFCMEMBER,118.68
2MGIpRi0XEXwECOTNgoziG,IFCMEMBER,350
3scyhg1aT4f8EoxA1HN_Zu,IFCMEMBER,350
30zSZjFxH19R7IhI893q7j,IFCBUILDINGELEMENTPROXY,400
02lo9sjvz8BucIIDWsvK_I,IFCMEMBER,350
3IP1NcR8H1yQoZHEVfIrq4,IFCBUILDINGELEMENTPROXY,400
0JyMPP2zL4IAnCaufeb8Ts,IFCBUILDINGELEMENTPROXY,400
3JySMgFNrCGxX3oAzOKCg2,IFCRAILING,620
2LDPNirxb6Uv4e97Wb9adG,IFCBUILDINGELEMENTPROXY,400
30zSZjFxH19R7IhI893q07,IFCBUILDINGELEMENTPROXY,400
08AjPVhWzAfA8XtWBWZseE,IFCRAILING,620
3oWRtKgGH6quoh0HBRWZP4,IFCBUILDINGELEMENTPROXY,400
0O5ZCyMCrCOQ6uiL7qfhOl,IFCRAILING,620
2MGIpRi0XEXwECOTNgoznJ,IFCMEMBER,350
0gNsikZPrFZe6ltc4u6HlS,IFCBUILDINGELEMENTPROXY,400
2LDPNirxb6Uv4e97Wb9aoj,IFCBUILDINGELEMENTPROXY,400
2LDPNirxb6Uv4e97Wb9a_N,IFCBUILDINGELEMENTPROXY,400
1zaxyAqU13Vwe7hlENZDso,IFCBUILDINGELEMENTPROXY,400
3IP1NcR8H1yQoZHEVfIrpy,IFCBUILDINGELEMENTPROXY,400
3scyhg1aT4f8EoxA1HN$Lm,IFCMEMBER,350
3IP1NcR8H1yQoZHEVfIrM8,IFCBUILDINGELEMENTPROXY,400
31rKK5OS94d9cPXIYeNUJp,IFCRAILING,620
2wYho76PDA9vn_AFRLvRW7,IFCMEMBER,350
3scyhg1aT4f8EoxA1HN_Z_,IFCSLAB,1200
30dzunCuvCRADZXw6x9oAB,IFCBUILDINGELEMENTPROXY,400
0HoN4Yu2L9f823XpmvNFSq,IFCSLAB,1200
37GMdP0mL40uWnJbTv8v8l,IFCBUILDINGELEMENTPROXY,400
0xWFOllPL0iuEv8Kar2Ddn,IFCRAILING,620
0RkvSLXZnWMTsfXakWe$wb,IFCSLAB,1200
2wYho76PDA9vn_AFRLvRX4,IFCMEMBER,350
3LZOmf0A98PeT3v$HqSMtM,IFCRAILING,620
31rKK5OS94d9cPXIYeNUey,IFCMEMBER,350
0p_ez7$kb1fQ0sr1Uds03l,IFCMEMBER,350
1JU62QTXfD2RUOVIJGrICb,IFCMEMBER,350
3IP1NcR8H1yQoZHEVfIr8o,IFCBUILDINGELEMENTPROXY,400
37O9F6zDH7NuO6lYxEN7eT,IFCBUILDINGELEMENTPROXY,400
2MGIpRi0XEXwECOTNgozdm,IFCMEMBER,350
3scyhg1aT4f8EoxA1HN$KQ,IFCMEMBER,350
1UWxiaL6n2IvHI9Y4lqOOI,IFCSLAB,1200
31rKK5OS94d9cPXIYeNUU9,IFCRAILING,620
3scyhg1aT4f8EoxA1HN_Zw,IFCMEMBER,350
1VLTYrYoJ7dzAlOtQLv_5N,IFCMEMBER,350
2LDPNirxb6Uv4e97Wb9aFf,IFCBUILDINGELEMENTPROXY,400
2LDPNirxb6Uv4e97Wb9a_H,IFCBUILDINGELEMENTPROXY,400
2MGIpRi0XEXwECOTNgoznH,IFCMEMBER,350
2MGIpRi0XEXwECOTNgozf8,IFCMEMBER,350
30zSZjFxH19R7IhI893q06,IFCBUILDINGELEMENTPROXY,400
0KFiZbIOr6CvZu5Ad4jxIR,IFCMEMBER,350
2wYho76PDA9vn_AFRLvRW6,IFCMEMBER,350
31rKK5OS94d9cPXIYeNUTF,IFCMEMBER,350
1UWxiaL6n2IvHI9YOlqOOI,IFCSLAB,1200
1dKu5zsdHE_A8Pn$Aaqecq,IFCBUILDINGELEMENTPROXY,400
1zaxyAqU13Vwe7hlENZDmM,IFCBUILDINGELEMENTPROXY,400
3IP1NcR8H1yQoZHEVfIrrK,IFCBUILDINGELEMENTPROXY,400
3IP1NcR8H1yQoZHEVfIrp$,IFCBUILDINGELEMENTPROXY,400
